# -*- coding: utf-8 -*-

# Resource object code
#
# Created by: The Resource Compiler for PyQt5 (Qt v5.15.2)
#
# WARNING! All changes made in this file will be lost!

from PyQt5 import QtCore

qt_resource_data = b"\
\x00\x00\x22\x2e\
\x89\
\x50\x4e\x47\x0d\x0a\x1a\x0a\x00\x00\x00\x0d\x49\x48\x44\x52\x00\
\x00\x02\x00\x00\x00\x02\x00\x08\x06\x00\x00\x00\xf4\x78\xd4\xfa\
\x00\x00\x00\x09\x70\x48\x59\x73\x00\x00\x0b\x13\x00\x00\x0b\x13\
\x01\x00\x9a\x9c\x18\x00\x00\x20\x00\x49\x44\x41\x54\x78\x9c\xed\
\xdd\x0b\x94\x65\x67\x59\x26\xe0\xee\x70\x87\x04\x88\x82\x22\x2a\
\x46\xd0\x51\x71\x18\x71\xbc\x2e\x18\x46\xae\x2a\xa3\xdc\x84\x52\
\x9c\xb4\xa9\xae\xbd\xf7\x39\x9d\x2e\xec\x61\xa2\x03\x5e\x87\x02\
\xc1\xa5\xe2\xe0\x88\x80\x31\x82\x8e\x8a\x17\xc4\x91\x51\x18\x61\
\x5c\xa0\xa2\xe2\x2c\x51\x84\x35\x01\x02\x8e\x1a\x11\x88\x10\xb9\
\xa8\x4c\x24\xb7\x4e\xbe\xf9\x77\xa5\xe5\x92\x4b\xe7\x54\x75\x75\
\x7d\xe7\xec\xef\x79\xd6\x7a\x57\xf7\x32\xc1\x54\xfd\xe7\xdd\xdf\
\xff\x9f\xaa\x73\xf6\x39\x70\x00\x00\x00\x00\x00\x00\x00\x00\x00\
\x00\x00\x00\x00\x00\x00\x00\x00\x00\x00\x00\x00\x00\x00\x00\x00\
\x00\x00\x00\x00\x00\x00\x00\x00\x00\x00\x00\x00\x00\x00\x00\x00\
\x00\x00\x00\x00\x00\x00\x00\x00\x00\x00\x00\x00\x00\x00\x00\x00\
\x00\x00\x00\x00\x00\x00\x00\x00\x00\x00\x00\x00\x00\x00\x00\x00\
\x00\x00\x00\x00\x00\x00\x00\x00\x00\x00\x00\x00\x00\x00\x00\x00\
\x00\x00\x00\x00\x00\x00\x00\x00\x00\x00\x00\x00\x00\x00\x00\x00\
\x00\xf6\xd3\xda\x5a\xdc\x7e\x3e\x8f\xfb\xcd\xbb\x78\xc4\xb0\x11\
\xe7\xcd\xfa\xb8\x60\xe8\xe2\x39\xed\xcf\x0b\x67\x5d\x5c\xd4\xfe\
\xfe\x4b\x43\x1f\x2f\x97\xfc\xb4\xc7\xe4\x57\xc7\xc7\x64\xfb\xb1\
\xe9\xe3\x87\xb7\x1f\xa7\x2e\x9e\xda\x1e\xb7\x27\xcc\x66\xf1\x15\
\x9b\xeb\x71\xaf\xec\x3e\x01\xb0\x84\x36\x36\xe2\x9e\xc3\x10\x8f\
\x6b\x1b\xc7\xb3\xda\x06\xf2\x8a\xf6\xe7\x5f\xb6\x5c\xd7\xfe\x1e\
\x32\x8d\xb4\xc7\xf3\xaa\x76\x58\xb8\xb8\xfd\xf9\x73\xdb\x87\x83\
\x21\x1e\xd2\x75\x71\x56\x76\xf7\x00\xd8\x47\xeb\xeb\x71\xf7\xb6\
\x01\x3c\xa9\x6d\x0c\x2f\x69\x9b\xc1\x9f\x67\x6f\x4e\x92\x76\x28\
\xb8\xae\x3d\xfe\x6f\x6a\x7f\xff\xc1\xd9\x46\x7c\xcd\x7c\x1e\xb7\
\xcb\xee\x26\x00\x7b\xec\xfc\xf3\xe3\xd3\xda\xb0\xdf\x6c\xf9\xbd\
\x36\xf8\xaf\xcd\xde\x7c\x64\x29\xf3\x91\x96\x57\xf4\x7d\x7c\xcb\
\x05\x6b\x71\xa7\xec\xce\x02\xb0\x4b\xdb\xbf\xc7\xef\x63\x6d\xe8\
\xe3\xb7\xdb\x60\x3f\xbe\x04\x1b\x8c\xac\x48\x5a\x67\xfe\xb1\x1d\
\x16\x7f\x76\xde\xc5\xc3\xb6\xb6\xe2\x8c\xec\x2e\x03\xb0\x80\xae\
\x8b\x7b\xb7\x67\xf9\x3f\xd4\x72\x79\xf6\x46\x22\xab\x9f\xed\xd7\
\x84\x0c\xf1\x94\x43\x87\xe2\x2e\xd9\xdd\x06\xe0\x66\xf4\x7d\x7c\
\xd1\xf6\x8b\xbc\xfa\xb8\x3a\x7b\xd3\x90\xe9\x65\xe8\xe3\x83\xe3\
\x3b\x0c\xbc\xab\x00\x60\x49\x1c\x59\x8f\x73\x4e\xbc\x0d\xcc\x8f\
\xf9\x65\x3f\x72\x75\x3b\x08\x3c\x7f\x7c\x31\x69\x76\xf7\x01\x4a\
\x6a\xcf\xf8\x3f\xa5\x0d\xe2\x17\x78\x51\x9f\x64\x64\xfc\x89\x40\
\xfb\xf3\x82\x63\xc7\xe2\x0e\xd9\xd7\x02\x40\x09\xe3\x8b\xb2\xc6\
\xdf\xc9\xb6\x67\xfd\x1f\xca\xde\x04\x44\x5a\x0f\x2f\x6d\x7d\xfc\
\xc6\xec\xeb\x02\x60\xd2\x8e\x1c\x8e\xcf\x6f\xcf\xbc\x5e\x9f\x3e\
\xf4\x45\x6e\x94\xf1\xae\x84\xe3\x4d\xa5\xb2\xaf\x11\x80\x49\x59\
\x5b\x8b\xdb\xb4\x21\xfb\x3d\x33\x2f\xf0\x93\xe5\xce\xdf\xcd\xba\
\x78\x72\xf6\xf5\x02\x30\x09\xf3\x79\xdc\xc7\xb3\x7e\x59\xb1\xfc\
\xe2\xe6\x66\x9c\x99\x7d\xed\x00\xac\xac\xbe\x8f\x7f\x37\x74\xf1\
\xe1\x25\x18\xe8\x22\x3b\x4b\x17\x97\x1c\xd9\x88\xfb\x67\x5f\x43\
\x00\x2b\x26\x0e\xb6\x21\xfa\x0c\x1f\xca\x23\x2b\x9e\x2b\x5a\x87\
\xcf\xcd\xbe\x9a\x00\x56\xc2\xd6\x56\xdc\x76\xe8\xe3\x67\x96\x60\
\x78\x8b\xec\x49\xc6\xfb\x06\x8c\x87\xda\xec\x6b\x0b\x60\x69\x8d\
\xb7\x5b\x6d\x9b\xff\xab\xb3\x07\xb6\xc8\x69\xc8\xcf\xfb\xc4\x41\
\x80\x9b\x71\xf4\x68\x9c\xdd\x9e\x29\xfd\xd1\x12\x0c\x6a\x91\xd3\
\x92\x76\xb8\x7d\xdd\xb1\x73\xe3\xae\xd9\xd7\x1a\xc0\xd2\x18\x5f\
\xe9\x3f\xbe\x68\x2a\x7b\x40\x8b\x9c\xee\xb4\x43\xc0\x1f\x3b\x04\
\x00\x1c\xb8\xe1\xd3\xfb\xc6\xbb\xa9\x65\x0f\x66\x91\xfd\x4a\x3b\
\x04\xfc\xa1\x4f\x17\x04\x4a\x6b\xcf\xfc\xef\xd6\x36\xff\xb7\x64\
\x0f\x64\x91\xfd\xce\xf8\xeb\x80\x0b\xd6\xe2\x4e\xd9\xd7\x20\xc0\
\xbe\x1b\x87\x5f\xdb\xfc\xff\x20\x7b\x10\x8b\xa4\xa5\x8b\xdf\xf2\
\xc2\x40\xa0\x94\xed\x5b\xfb\x76\xf1\xeb\xe9\x03\x58\x24\x3f\x2f\
\xc9\xbe\x1e\x01\xf6\xcd\x38\xf4\x96\x60\xf0\x8a\x2c\x47\xba\xd8\
\xcc\xbe\x26\x01\x4e\xbb\xa1\x8b\x63\xe9\x03\x57\x64\x89\xd2\xae\
\x89\x6b\xe7\x5d\x3c\x22\xfb\xda\x04\x38\x6d\xfa\x3e\x1e\xdc\x86\
\xdd\x35\xd9\x03\x57\x64\xe9\xd2\xc5\x87\x8e\xac\xc7\x39\xd9\xd7\
\x28\xc0\x9e\x5b\x5f\x8f\xbb\xb7\xcd\xff\x6f\xd2\x07\xad\xc8\xb2\
\xa6\x8b\x37\x8c\xaf\x8f\xc9\xbe\x56\x01\xf6\x54\x1b\x6e\x2f\x4b\
\x1f\xb0\x22\xcb\x9f\xef\xc9\xbe\x56\x01\xf6\xcc\xbc\x8f\xf5\x25\
\x18\xac\x22\x4b\x9f\xf1\x57\x64\xc3\x10\x5f\x96\x7d\xcd\x02\x9c\
\xb2\xcd\xf5\xb8\x57\x1b\x6a\x1f\xce\x1e\xac\x22\xab\x92\x76\xbd\
\xbc\xe3\xd8\xb1\xb8\x43\xf6\xb5\x0b\x70\x4a\x66\x5d\xfc\x5a\xf6\
\x40\x15\x59\xc1\x7c\x5f\xf6\xb5\x0b\xb0\x6b\xb3\x8d\x78\xf4\x12\
\x0c\x52\x91\x95\xcb\xd0\xc5\x3f\x8d\x1f\x92\x95\x7d\x0d\x03\xec\
\xd8\xd6\x56\xdc\xb6\x3d\xfb\x7f\x5b\xf6\x20\x15\x59\xd5\x0c\x7d\
\xbc\x3c\xfb\x3a\x06\xd8\xb1\x79\x1f\xff\x21\x7b\x80\x8a\xac\x7a\
\xdc\x20\x08\x58\x29\xe3\x47\x9d\x0e\x5d\x5c\x9e\x3d\x3c\x45\x56\
\x3d\x43\x1f\x7f\x9c\x7d\x3d\x03\x2c\xac\x6d\xfe\xdf\x9b\x3d\x38\
\x45\xa6\x92\x61\x88\xaf\xcb\xbe\xa6\x01\x6e\xd5\xb1\x73\xe3\xae\
\xe3\x6d\x4d\xb3\x87\xa6\xc8\x54\xd2\x0e\xd4\x7f\x94\x7d\x5d\x03\
\xdc\xaa\x36\xac\xbe\x23\x7b\x60\x8a\x4c\x2d\x5e\x0b\x00\x2c\xb5\
\xed\x57\xfe\xf7\xf1\xae\xec\x61\x29\x32\xb5\x0c\x7d\xbc\x36\xfb\
\xfa\x06\xb8\x45\xc3\x46\x7c\x73\xf6\xa0\x14\x99\x68\xae\xef\xfb\
\xf8\xbc\xec\x6b\x1c\xe0\x66\xb5\x67\x29\xaf\x5b\x82\x41\x29\x32\
\xd5\xfc\x70\xf6\x35\x0e\x70\x13\x1b\x1b\x71\xdf\xa1\x8b\xeb\x96\
\x60\x48\x8a\x4c\x32\xed\xfa\xfa\x80\xcf\x08\x00\x96\x4e\x1b\x50\
\xcf\xce\x1e\x90\x22\x53\xcf\xf8\x6b\xb6\xec\x6b\x1d\xe0\x93\x0c\
\x7d\xfc\xdf\xec\xe1\x78\x5a\x06\x6e\x1f\xef\x6b\xcf\xbc\x7e\x69\
\xde\xc7\xd1\x79\x17\x0f\x1b\x86\xf8\xac\xa3\x47\xe3\xec\xec\xf5\
\xe6\x06\xf3\x79\xdc\xf9\xf0\xe1\xf8\xec\xf6\xb8\x3c\xb0\xe5\x71\
\xed\xb1\xfa\x91\xf1\x6d\x73\xe3\xc7\xea\x66\x77\xe7\x34\xf5\xf1\
\x37\xb3\xd7\x1c\xe0\x63\xba\x2e\xbe\x34\x7b\x30\xee\xe9\x90\xed\
\xe2\xaa\x96\x9f\xeb\xfb\x78\xe8\xd6\x56\x9c\x91\xbd\xbe\xec\xdc\
\x89\xfb\x51\x6c\xb6\xc7\xf3\xad\xd9\x7d\xda\xe3\x5c\xb9\xb9\x19\
\x67\x66\xaf\x2f\xc0\xb6\xb6\x59\x3e\x67\x09\x06\xe3\x5e\x6c\xfc\
\xd7\xb6\xbc\xe0\xc8\x79\xf1\x99\xd9\x6b\xca\xde\x19\x7f\x72\xd3\
\x0e\x03\x6f\xc9\xee\xd7\x5e\x65\xde\xc7\x5a\xf6\x9a\x02\x6c\x1b\
\xfa\xf8\xb3\xec\xa1\xb8\x07\x9b\xff\x9f\x1c\xd9\x88\x2f\xc9\x5e\
\x4b\x4e\x8f\xb5\xb5\xb8\xcd\xf8\x01\x55\xed\x71\xfe\x87\xec\xae\
\x9d\x72\x57\xfb\xf8\x95\xec\xf5\x04\x38\xb0\xb9\x1e\xf7\x6a\x43\
\xe9\xfa\xec\xa1\x78\x8a\x9b\xff\x8f\xb5\x0d\xe2\xf6\xd9\x6b\xc9\
\xe9\xb7\xfd\x6e\x95\x3e\xde\x9e\xdd\xb9\x53\x3c\x00\xfc\xa3\x77\
\x03\x00\xe9\xfa\x3e\x0e\x65\x0f\xc4\x53\xc8\xf1\x96\x23\xd9\x6b\
\xc8\xfe\x9a\xcf\xe3\x6e\xed\xd0\xf7\x9a\x25\xe8\xdf\xae\x33\xef\
\xe2\x1b\xb2\xd7\x11\x28\xae\x0d\xa3\x0b\xb3\x87\xe1\x6e\x32\xde\
\xb3\xa0\xe5\xdc\xec\xf5\x23\xc7\xf6\x6d\xab\xbb\x78\x55\x76\x0f\
\x77\xdd\xdf\x3e\x7e\x26\x7b\x0d\x81\xe2\xda\x20\xba\x38\x7b\x18\
\xee\x2a\x5d\x3c\x35\x7b\xed\xc8\x75\xe8\x50\xdc\xa5\xf5\xf7\x4f\
\xd3\xbb\xb8\x9b\x03\x40\x17\x1f\x18\x0f\x31\xd9\x6b\x08\x14\xd5\
\x75\x71\xd6\x4a\xde\xfd\xaf\x8b\x97\x66\xaf\x1d\xcb\x61\x7c\x0d\
\x4b\x3b\x04\xbc\x37\xbd\x93\xbb\xc8\xf8\xee\x86\xec\xf5\x03\x8a\
\x9a\xcd\xe2\x41\xd9\x43\x70\x17\x9b\xff\xa5\xde\x47\xcd\x27\x6a\
\x1b\xe9\xe3\xd3\x7b\xb9\xbb\xfc\x44\xf6\xda\x01\x45\x8d\x77\xc7\
\x5b\x82\x21\xb8\xa3\xf4\x7d\x3c\x26\x7b\xdd\x58\x3e\xad\x1b\xaf\
\xc8\xee\xe6\x4e\x33\xfe\xe4\xe2\xc0\x81\x38\x98\xbd\x76\x40\x41\
\xed\xd9\xf4\x0b\xb3\x87\xe0\x0e\x07\xe6\xeb\xb2\xd7\x8c\xe5\x34\
\xde\x4e\xb8\x75\xe4\xea\xec\x8e\xee\x34\xf3\x8d\xf8\xaa\xec\xb5\
\x03\x0a\x5a\xb5\xb7\x52\x8d\xb7\xf6\xcd\x5e\x33\x96\x57\xeb\xc8\
\x2f\x66\x77\x74\x17\xf1\x11\xc1\xc0\xfe\x6b\x07\x80\x77\x2c\xc1\
\x00\x5c\x28\xe3\xcd\x5f\xb2\xd7\x8b\xe5\x36\x3e\x9b\xce\xee\xe9\
\x8e\xd3\xc5\x5f\x64\xaf\x1b\x50\x4e\x1c\x6c\x9b\xea\x47\xd3\x07\
\xe0\xe2\x79\x7a\xf6\x8a\xb1\xfc\xda\x86\xfa\xa6\x25\xe8\xea\x8e\
\xd2\x75\xf1\x2f\xb3\xd7\x0d\x28\x64\x7d\x3d\xee\x9e\x3d\xf8\x76\
\x92\x61\x88\x7f\x91\xbd\x66\x2c\xbf\xa1\x8b\xa7\x65\x77\x75\x17\
\x79\x46\xf6\xba\x01\x85\xcc\xe7\x71\xbf\x25\x18\x7c\x8b\xe6\xb2\
\xec\xf5\x62\x35\x1c\x59\x8f\x73\x66\xab\xf6\xd9\x16\x5d\xbc\x25\
\x7b\xdd\x80\x42\xfa\x3e\xbe\x32\x7d\xf0\x2d\x98\xa1\x8f\xff\x91\
\xbd\x5e\xac\x8e\x55\xfc\x35\xc0\x78\x20\xcf\x5e\x37\xa0\x88\x79\
\x17\x8f\xc8\x1e\x7a\x3b\x88\x57\x4a\xb3\xb0\x79\x1f\xdf\xbd\x04\
\x9d\xdd\x59\xba\xf8\x4f\xd9\xeb\x06\x14\x31\xdb\x88\x47\xa7\x0f\
\xbd\x05\x33\x0c\xf1\x94\xec\xf5\x62\x75\xf4\x7d\x7c\x5e\x76\x67\
\x77\xdc\xf1\x2e\xfe\x28\x7b\xdd\x80\x22\x56\xe9\xf6\xa9\xed\x19\
\xdd\x7a\xf6\x7a\xb1\x5a\xc6\xdf\xab\x67\xf7\x76\x87\x07\x80\xeb\
\xba\x2e\xee\x9d\xbd\x6e\x40\x01\xed\x59\xf5\x93\xb2\x87\xde\x0e\
\x0e\x00\x6b\xd9\xeb\xc5\x6a\x69\xbd\xf9\xbe\xec\xde\xee\x38\x5d\
\xbc\x61\xe8\xe3\xe5\x22\x37\x49\x17\xbf\xd4\xfa\x71\x51\xeb\xc9\
\x85\xed\xef\xcf\x69\x7f\x5e\x30\x6c\xc4\x79\x6d\x8e\x3f\x7c\x63\
\x23\xee\x3b\x9f\xc7\xed\xb2\xaf\x39\x56\xc8\xb8\xa9\xa6\x0f\x3c\
\x07\x00\x4e\x93\xf6\x6c\xfa\x0b\xb2\x7b\x2b\xb2\x8f\x39\xde\x0e\
\x06\x7f\xd9\x0e\x09\xbf\xde\xfe\xfe\xcc\xf6\xe7\x63\xdb\xc1\xe0\
\x9e\xd9\xd7\x21\x4b\xca\x01\x80\xa9\x6b\xcf\x9c\x2e\xce\xee\xae\
\x48\x72\xde\xd9\x0e\x06\x2f\x6e\x07\x82\x27\xce\xe7\x71\xb7\xec\
\x6b\x92\x25\xe1\x00\xc0\xd4\xb5\xee\x3c\x23\xbb\xbb\x22\xcb\x92\
\x76\x10\xb8\xb6\x1d\x8a\x7f\x77\xfc\x14\xd8\xf3\xcf\x8f\x4f\xcb\
\xbe\x3e\x49\xe4\x00\xc0\xd4\x1d\xd9\x88\xfb\x67\x77\x57\x64\x49\
\x33\xfe\xca\xe0\x35\xe3\x6b\xc1\xd6\xd6\xe2\xf6\xd9\xd7\x2a\xfb\
\xcc\x01\x80\x0a\xda\x33\x9e\xb7\x67\xf7\x57\x64\xa9\xd3\xc5\xfb\
\xdb\x9f\x3f\x38\x9f\xc7\x67\x64\x5f\xaf\xec\x13\x07\x00\x2a\x68\
\xcf\x72\x9e\x95\xdd\x5f\x91\x55\x48\xbb\x56\xae\x6a\x87\x81\x9f\
\x6d\x07\x81\x2f\xcc\xbe\x6e\x39\xcd\x1c\x00\xa8\x60\x7e\x38\x1e\
\x90\xdd\x5f\x91\x55\xca\x78\x4f\x8a\xf1\xad\x87\x47\x0e\xc7\xe7\
\x67\x5f\xbf\x9c\x26\x0e\x00\x54\xd1\x3a\xf4\xce\xec\x0e\x8b\xac\
\x5a\xda\x41\xe0\x9a\x76\x10\xf8\xf1\xa3\x47\xe3\xec\xec\x6b\x98\
\x3d\xe6\x00\x40\x15\x27\x6e\x9c\x92\xde\x63\x91\x55\x4c\x3b\x04\
\x7c\xb0\x5d\x43\xe7\x6f\x6d\xc5\x19\xd9\xd7\x32\x7b\xc4\x01\x80\
\x2a\x86\x21\x1e\x98\xdd\x61\x91\x55\xcf\xf8\x79\x15\xe3\x3b\x6b\
\xb2\xaf\x67\xf6\x80\x03\x00\x95\xcc\xba\xf8\x8b\xec\x1e\x8b\xac\
\x7a\xb6\x5f\x28\xd8\xc7\xd3\xfd\x34\x60\xc5\x39\x00\x50\x49\x1b\
\x5c\x3f\x94\xdd\x63\x91\xa9\x64\xbc\xa1\xd0\x30\xc4\x67\x65\x5f\
\xd7\xec\x92\x03\x00\x95\xcc\xbb\xf8\xf2\xec\x1e\x8b\x4c\x29\xdb\
\xaf\x0d\x18\xe2\xeb\xb2\xaf\x6d\x76\xc1\x01\x80\x5a\xe2\xe0\xac\
\x8b\x4b\xb3\xbb\x2c\x32\xb1\x8c\x77\x14\xfc\xde\xf1\xfa\xca\xbe\
\xc2\xd9\x01\x07\x00\xaa\x69\x5d\x7a\x6e\x76\x97\x45\x26\x99\x2e\
\x5e\xea\x23\x89\x57\x88\x03\x00\xd5\xcc\x37\xe2\xab\xb2\xbb\x2c\
\x32\xd5\x0c\x7d\xbc\xb6\xeb\xe2\xac\xec\xeb\x9c\x05\x38\x00\x50\
\x4f\x1c\x6c\x7d\x7a\x57\x76\x9f\x45\x26\x9b\x2e\xde\x38\x9f\xc7\
\x3d\xb2\xaf\x74\x6e\x85\x03\x00\x15\xb5\x3e\x3d\x2f\xbb\xcf\x22\
\x93\x4e\x17\x97\xb4\x43\xc0\x7d\xb2\xaf\x75\x4e\xc2\x01\x80\x8a\
\x66\xb3\x78\x50\x76\x9f\x45\x26\x9f\x2e\x2e\xf5\xe9\x82\x4b\xcc\
\x01\x80\x9a\xb6\x7f\x0d\xf0\xee\xec\x4e\x8b\x14\xc8\x5b\x7d\x8e\
\xc0\x92\x72\x00\xa0\xaa\xa1\x8b\xe7\x67\x77\x5a\xa4\x42\x86\x3e\
\xfe\xf7\x7c\x1e\x77\xce\xbe\xe6\xb9\x11\x07\x00\xaa\x1a\x86\x78\
\x48\x76\xa7\x45\xaa\xa4\x1d\xb8\x5f\xb9\xb5\x15\xb7\xcd\xbe\xee\
\xf9\x04\x0e\x00\x54\x35\xde\xc7\xbc\x0d\xa5\xbf\xcd\xee\xb5\x48\
\xa1\x5c\x98\x7d\xdd\xf3\x09\x1c\x00\xa8\x6c\xd6\xc5\x0b\xb3\x7b\
\x2d\x52\x29\x6d\x8e\xaf\x67\x5f\xf7\x9c\xe0\x00\x40\x65\x7d\x1f\
\x0f\xcd\xee\xb5\x48\xb1\x5c\xe1\xe3\x84\x97\x84\x03\x00\x95\xf9\
\x35\x80\x48\x42\xba\x78\x9b\x17\x05\x2e\x01\x07\x00\xaa\x6b\xdd\
\xba\x30\xbb\xdb\x22\xd5\x32\xf4\xf1\x33\xd9\xd7\x7e\x79\x0e\x00\
\x54\xe7\xd7\x00\x22\x39\x69\x33\xfd\xdf\x67\x5f\xff\xa5\x39\x00\
\xc0\x81\x03\xed\xd9\xc8\xc5\xd9\xfd\x16\xa9\x96\xa1\x8b\xcb\xdd\
\x24\x28\x91\x03\x00\x6c\xdf\x14\xe8\xfc\xec\x7e\x8b\x54\x4c\x3b\
\x7c\xbf\x28\xfb\xfa\x2f\xcb\x01\x00\x0e\x1c\x38\x74\x28\xee\xd2\
\x0e\x01\x1f\xc8\xee\xb8\x48\xc1\x1c\x9f\x77\xf1\xe5\xd9\x33\xa0\
\x24\x07\x00\xb8\x41\x3b\x00\x1c\xce\xee\xb8\x48\xc9\x74\xf1\xa6\
\xb5\xb5\xb8\x4d\xf6\x0c\x28\xc7\x01\x00\xfe\x59\x1c\x1c\xfa\x78\
\x5d\x76\xcf\x45\x8a\xe6\x48\xf6\x04\x28\xc7\x01\x00\x3e\x6e\x3e\
\x8f\xfb\x0d\x5d\x7c\x38\xbb\xeb\x22\x05\x73\xd9\xfa\x7a\xdc\x31\
\x7b\x06\x94\xe2\x00\x00\x9f\x6c\xfc\x90\xa0\x76\x08\xb8\x2a\xbb\
\xef\x22\xd5\xd2\x66\xfc\xd1\xec\xeb\xbf\x14\x07\x00\xb8\xa9\x76\
\x08\xf8\xd6\x76\x08\xb8\x2e\xbb\xf3\x22\x95\x32\xf4\xf1\xd7\xf3\
\x79\xdc\x2e\xfb\xfa\x2f\xc3\x01\x00\x6e\x5e\xdf\xc7\x37\xb5\xde\
\x5d\x91\xdd\x7b\x91\x4a\xf1\x61\x41\xfb\xc8\x01\x00\x6e\x59\x3b\
\x04\xfc\xab\xa1\x8b\xbf\xc9\xee\xbe\x48\x99\x74\xf1\x17\xde\x11\
\xb0\x4f\x1c\x00\xe0\xe4\x9e\xf2\x6d\xf1\xa9\x6d\x28\x5d\xe4\x57\
\x02\x22\xfb\x94\x2e\x9e\x98\x7d\xdd\x97\xe0\x00\x00\x8b\xe9\xfb\
\xf8\xca\xa1\x8f\x3f\xcc\xbe\x0e\x44\xa6\x9e\x76\x9d\xfd\x76\xf6\
\xf5\x5e\x82\x03\x00\xec\xcc\x30\xc4\x03\x4f\xfc\x44\xe0\xff\x65\
\x5f\x13\x22\x53\xcc\xf8\xd3\xb6\x23\xeb\x71\x4e\xf6\xb5\x3e\x79\
\x0e\x00\xb0\x3b\x6b\x6b\x71\xfb\xbe\x8f\x07\xb7\x5e\x7e\x77\x3b\
\x10\xfc\x46\xeb\xe8\x9b\x5b\xde\xdd\x86\xd7\x3f\x65\x5f\x2b\x22\
\xab\x9e\x76\x1d\x6d\x65\x5f\xe3\x93\xe7\x00\x00\xb0\x1a\xc6\x4f\
\xce\x3b\x7c\x38\x3e\x7b\x18\xe2\xe1\xed\xd0\xb9\xd9\xf2\xcb\x2d\
\xef\xcf\x9e\xcd\xa7\x25\x5d\x5c\x92\xbd\xde\x93\xe7\x00\x00\xb0\
\xba\xb6\xb6\xe2\x8c\x79\x17\x0f\x6b\x33\xf2\xe7\x5b\xae\xce\x9e\
\xd3\x7b\x99\xf1\x5d\x38\xd9\xeb\x3b\x69\x0e\x00\x00\xd3\xb0\xfd\
\xd3\x81\x2e\x7e\xb2\xcd\xcb\xe3\xd9\xf3\x7a\x2f\xd2\xbe\x97\x67\
\x65\xaf\xe9\xa4\x39\x00\x00\x4c\x4b\xd7\xc5\x97\x8e\x9f\xb0\x97\
\x3d\xb3\x4f\x39\x5d\xbc\x31\x7b\x2d\x27\xcd\x01\x00\x60\x7a\xc6\
\x17\xa9\xb6\x67\xd0\xcf\xcf\x9e\xdb\xa7\x92\xf1\xdd\x00\x1b\x1b\
\x71\xcf\xec\xb5\x9c\x2c\x07\x00\x80\xe9\x1a\x5f\x2c\xb8\xd2\x37\
\xb1\xea\xe2\xc9\xd9\x6b\x38\x59\x0e\x00\x00\xd3\x36\x6c\xc4\x79\
\x6d\x86\x5e\x9f\x3d\xc3\x77\x79\x00\x78\x61\xf6\xfa\x4d\x96\x03\
\x00\xc0\xf4\xb5\xf9\xf9\x9d\xd9\x33\x7c\x97\x07\x80\xb7\x64\xaf\
\xdd\x64\x39\x00\x00\xd4\xd0\x36\xd3\x97\x65\xcf\xf1\x5d\xe4\xf8\
\xe6\x66\x9c\x99\xbd\x76\x93\xe4\x00\x00\x50\xc3\xb1\x73\xe3\xae\
\xab\xf8\xe9\x96\xc3\x10\x5f\x9d\xbd\x76\x93\xe4\x00\x00\x50\xc7\
\xb0\x11\x4f\xc8\x9e\xe5\x3b\x3e\x00\x74\x31\xcb\x5e\xb7\x49\x72\
\x00\x00\xa8\x65\xe8\xe3\xf5\xd9\xf3\x7c\x87\x07\x80\xe7\x67\xaf\
\xd9\x24\x39\x00\x00\xd4\x32\xdb\x88\x47\x66\xcf\xf3\x1d\xa5\x8b\
\x57\x65\xaf\xd9\x24\x39\x00\x00\xd4\xd3\x66\xea\x5b\xb3\x67\xfa\
\x0e\x0e\x00\x6f\xcb\x5e\xaf\x49\x72\x00\x00\xa8\x67\xfb\x63\xac\
\x97\x60\xae\x2f\x98\x2b\xb2\xd7\x6b\x92\x1c\x00\x00\xea\x39\xb2\
\x11\xf7\xcf\x9e\xe9\x3b\x49\xd7\xc5\x59\xd9\x6b\x36\x39\x0e\x00\
\x00\x35\xb5\xb9\x7a\x59\xf6\x5c\x5f\x34\x47\xd6\xe3\x9c\xec\xf5\
\x9a\x1c\x07\x00\x80\x9a\x86\x2e\x5e\x99\x3d\xd7\x17\xcd\x30\xc4\
\x97\x65\xaf\xd7\xe4\x38\x00\x00\xd4\x34\xf4\xf1\xa3\xd9\x73\x7d\
\xd1\xf4\x7d\x3c\x34\x7b\xbd\x26\xc7\x01\x00\xa0\xa6\xa1\x8b\x63\
\xd9\x73\x7d\x07\xf3\xff\xeb\xb3\xd7\x6b\x72\x1c\x00\x00\x6a\x6a\
\x07\x80\xc3\xd9\x73\x7d\xe1\x74\xf1\xd8\xec\xf5\x9a\x1c\x07\x00\
\x80\x9a\x56\x69\xfe\x0f\x43\x3c\x29\x7b\xbd\x26\x67\x95\x0a\xe0\
\x00\x00\xb0\x77\xcc\xff\xe2\x14\x00\xa0\x26\xf3\xbf\x38\x05\x00\
\xa8\xc9\xfc\x2f\x4e\x01\x00\x6a\x32\xff\x8b\x53\x00\x80\x9a\xcc\
\xff\xe2\x14\x00\xa0\x26\xf3\xbf\x38\x05\x00\xa8\xc9\xfc\x2f\x4e\
\x01\x00\x6a\x32\xff\x8b\x53\x00\x80\x9a\xcc\xff\xe2\x14\x00\xa0\
\x26\xf3\xbf\x38\x05\x00\xa8\xc9\xfc\x2f\x4e\x01\x00\x6a\x32\xff\
\x8b\x53\x00\x80\x9a\xcc\xff\xe2\x14\x00\xa0\x26\xf3\xbf\x38\x05\
\x00\xa8\xc9\xfc\x2f\x4e\x01\x00\x6a\x32\xff\x8b\x53\x00\x80\x9a\
\xcc\xff\xe2\x14\x00\xa0\x26\xf3\xbf\x38\x05\x00\xa8\xc9\xfc\x2f\
\x4e\x01\x00\x6a\x32\xff\x8b\x53\x00\x80\x9a\xcc\xff\xe2\x14\x00\
\xa0\x26\xf3\xbf\x38\x05\x00\xa8\xc9\xfc\x2f\x4e\x01\x00\x6a\x32\
\xff\x8b\x53\x00\x80\x9a\xcc\xff\xe2\x14\x00\xa0\x26\xf3\xbf\x38\
\x05\x00\xa8\xc9\xfc\x2f\x4e\x01\x00\x6a\x32\xff\x8b\x53\x00\x80\
\x9a\xcc\xff\xe2\x14\x00\xa0\x26\xf3\xbf\x38\x05\x00\xa8\xc9\xfc\
\x2f\x4e\x01\x00\x6a\x32\xff\x8b\x53\x00\x80\x9a\xcc\xff\xe2\x14\
\x00\xa0\x26\xf3\xbf\x38\x05\x00\xa8\xc9\xfc\x2f\x4e\x01\x00\x6a\
\x32\xff\x8b\x53\x00\x80\x9a\xcc\xff\xe2\x14\x00\xa0\x26\xf3\xbf\
\x38\x05\x00\xa8\xc9\xfc\x2f\x4e\x01\x00\x6a\x32\xff\x8b\x53\x00\
\x80\x9a\xcc\xff\xe2\x14\x00\xa0\x26\xf3\xbf\x38\x05\x80\xdd\xb9\
\x60\x2d\xee\x34\xef\xe2\x11\x43\x17\xcf\x99\x75\xf1\x1b\xed\xcf\
\x77\xb4\x7c\xb8\xe5\x9a\x13\x19\xff\xfe\x8e\xf1\x9f\xb5\xfe\x3e\
\x7b\xfc\x77\xc7\xff\x4d\xf6\xd7\x0d\xff\xcc\xfc\x2f\x4e\x01\x60\
\x67\xfa\x3e\x1e\xdc\x36\xf6\x9f\x6b\x9d\xfc\xc8\x2e\x7a\x3c\xfe\
\x6f\xfe\xdb\x6c\x16\x0f\xca\xfe\x3e\xc0\xfc\x2f\x4e\x01\x60\x31\
\xc3\x10\x0f\x19\xfa\xf8\xfd\xbd\xea\x73\xfb\xff\xf5\xfa\xf1\x30\
\x91\xfd\x7d\x51\x97\xf9\x5f\x9c\x02\xc0\xc9\x1d\x3d\x1a\x67\x9f\
\x78\xc6\x7f\xfd\x69\xe8\xf5\xf5\xb3\x2e\x7e\x76\x7d\x3d\xee\x9e\
\xfd\x7d\x52\x8f\xf9\x5f\x9c\x02\xc0\x2d\x6b\xcf\xd0\xbf\xb2\x3d\
\x53\xff\xeb\xd3\xde\xef\x2e\x2e\x9d\x77\xf1\xe5\xd9\xdf\x2f\xb5\
\x98\xff\xc5\x29\x00\xdc\xbc\xb6\xf9\x3f\xa6\x6d\xfe\x1f\xdd\xaf\
\x7e\x0f\x5d\x5c\xd5\xfe\x9b\xdf\x94\xfd\x7d\x53\x87\xf9\x5f\x9c\
\x02\xc0\x4d\x0d\x43\x3c\xa9\x6d\xc8\xd7\xee\x77\xc7\xc7\xff\xa6\
\x43\x00\xfb\xc5\xfc\x2f\x4e\x01\xe0\x93\xcd\xbb\x78\xd8\xf8\x6c\
\x3c\xb1\xeb\x57\xce\x36\xe2\x6b\xb2\xd7\x81\xe9\x33\xff\x8b\x53\
\x00\xf8\xb8\xcd\xf5\xb8\xd7\xd0\xc7\xfb\xb2\xbb\xde\x0e\x20\x97\
\x77\x5d\xdc\x3b\x7b\x3d\x98\x36\xf3\xbf\x38\x05\x80\x7f\x16\x07\
\xdb\xe6\xff\xbb\xd9\x3d\xff\xd8\x21\xa0\x8f\xd7\x66\xaf\x08\xd3\
\x66\xfe\x17\xa7\x00\x70\x83\x61\x23\xce\xcb\xee\xf8\x4d\x0e\x01\
\x43\x7c\x6b\xf6\xba\x30\x5d\xe6\x7f\x71\x0a\x00\x07\x0e\xac\xaf\
\xc7\x1d\x5b\xc7\x2e\xcb\xee\xf8\x4d\xd2\xc5\x7b\x8e\x1d\x8b\x3b\
\x64\xaf\x0f\xd3\x64\xfe\x17\xa7\x00\xb0\x7d\x1d\x1c\xcd\xee\xf7\
\x2d\x65\x18\x62\x9e\xbd\x3e\x4c\x93\xf9\x5f\x9c\x02\xc0\x81\x03\
\xad\x5f\x6f\xcd\xee\xf7\x2d\xa6\x8b\xb7\x65\xaf\x0f\xd3\x64\xfe\
\x17\xa7\x00\x54\x37\xde\x81\x2f\xbb\xdb\xb7\x96\x61\x88\x07\x66\
\xaf\x13\xd3\x63\xfe\x17\xa7\x00\x54\xd7\xba\xf5\xec\xec\x6e\x2f\
\x90\x67\x66\xaf\x13\xd3\x63\xfe\x17\xa7\x00\x54\x37\xeb\xe2\x0d\
\xd9\xdd\xbe\xb5\x8c\x9f\x42\x98\xbd\x4e\x4c\x8f\xf9\x5f\x9c\x02\
\x50\xd9\xd6\x56\x9c\xb1\x9f\xf7\xfb\xdf\xf5\x01\xa0\x8b\x7f\x1a\
\xbf\xd6\xec\xf5\x62\x5a\xcc\xff\xe2\x14\x80\xca\x86\x21\x3e\x37\
\xbb\xd7\x0b\xf7\x7f\x1e\xf7\xc9\x5e\x2f\xa6\xc5\xfc\x2f\x4e\x01\
\xa8\x6c\xde\xc5\xbf\xcd\xee\xf5\xc2\xfd\xdf\x88\x7f\x93\xbd\x5e\
\x4c\x8b\xf9\x5f\x9c\x02\x50\x59\x3b\x00\x7c\x43\x76\xaf\x17\xce\
\x46\x3c\x3a\x7b\xbd\x98\x16\xf3\xbf\x38\x05\xa0\xb2\xf1\x63\x7f\
\xb3\x7b\xbd\x68\xc6\xaf\x35\x7b\xbd\x98\x16\xf3\xbf\x38\x05\xa0\
\x32\xfd\xa7\x32\xfd\x2f\x4e\x01\xa8\x4c\xff\xa9\x4c\xff\x8b\x53\
\x00\x2a\xd3\x7f\x2a\xd3\xff\xe2\x14\x80\xca\xf4\x9f\xca\xf4\xbf\
\x38\x05\xa0\x32\xfd\xa7\x32\xfd\x2f\x4e\x01\xa8\x4c\xff\xa9\x4c\
\xff\x8b\x53\x00\x2a\xd3\x7f\x2a\xd3\xff\xe2\x14\x80\xca\xf4\x9f\
\xca\xf4\xbf\x38\x05\xa0\x32\xfd\xa7\x32\xfd\x2f\x4e\x01\xa8\x4c\
\xff\xa9\x4c\xff\x8b\x53\x00\x2a\xd3\x7f\x2a\xd3\xff\xe2\x14\x80\
\xca\xf4\x9f\xca\xf4\xbf\x38\x05\xa0\x32\xfd\xa7\x32\xfd\x2f\x4e\
\x01\xa8\x4c\xff\xa9\x4c\xff\x8b\x53\x00\x2a\xd3\x7f\x2a\xd3\xff\
\xe2\x14\x80\xca\xf4\x9f\xca\xf4\xbf\x38\x05\xa0\x32\xfd\xa7\x32\
\xfd\x2f\x4e\x01\xa8\x4c\xff\xa9\x4c\xff\x8b\x53\x00\x2a\xd3\x7f\
\x2a\xd3\xff\xe2\x14\x80\xca\xf4\x9f\xca\xf4\xbf\x38\x05\xa0\x32\
\xfd\xa7\x32\xfd\x2f\x4e\x01\xa8\x4c\xff\xa9\x4c\xff\x8b\x53\x00\
\x2a\xd3\x7f\x2a\xd3\xff\xe2\x14\x80\xca\xf4\x9f\xca\xf4\xbf\x38\
\x05\xa0\x32\xfd\xa7\x32\xfd\x2f\x4e\x01\xa8\x4c\xff\xa9\x4c\xff\
\x8b\x53\x00\x2a\xd3\x7f\x2a\xd3\xff\xe2\x14\x80\xca\xf4\x9f\xca\
\xf4\xbf\x38\x05\xa0\x32\xfd\xa7\x32\xfd\x2f\x4e\x01\xa8\x4c\xff\
\xa9\x4c\xff\x8b\x53\x00\x2a\xd3\x7f\x2a\xd3\xff\xe2\x14\x80\xca\
\xf4\x9f\xca\xf4\xbf\x38\x05\xa0\x32\xfd\xa7\x32\xfd\x2f\x4e\x01\
\xa8\x4c\xff\xa9\x4c\xff\x8b\x53\x00\x2a\xd3\x7f\x2a\xd3\xff\xe2\
\x14\x80\xca\xf4\x9f\xca\xf4\xbf\x38\x05\xa0\x32\xfd\xa7\x32\xfd\
\x2f\x4e\x01\xa8\x4c\xff\xa9\x4c\xff\x8b\x53\x00\x2a\xd3\x7f\x2a\
\xd3\xff\xe2\x14\x80\xca\xf4\x9f\xca\xf4\xbf\x38\x05\xa0\x32\xfd\
\xa7\x32\xfd\x2f\x4e\x01\xa8\x4c\xff\xa9\x4c\xff\x8b\x53\x00\x2a\
\x1b\x86\x78\x5c\x76\xaf\x17\x4e\x17\x8f\xcd\x5e\x2f\xa6\xc5\xfc\
\x2f\x4e\x01\xa8\x6c\xde\xc5\x23\xb2\x7b\xbd\x68\xfa\x3e\x1e\x9a\
\xbd\x5e\x4c\x8b\xf9\x5f\x9c\x02\x50\xd9\xfc\x70\x3c\x20\xbb\xd7\
\x8b\x66\x18\xe2\x8b\xb3\xd7\x8b\x69\x31\xff\x8b\x53\x00\x2a\x5b\
\x5f\x8f\x3b\xb6\x6e\x1d\xcf\xee\xf6\x02\x39\x3e\x7e\xad\xd9\xeb\
\xc5\xb4\x98\xff\xc5\x29\x00\xd5\xb5\x6e\xbd\x33\xbb\xdb\xb7\x96\
\xa1\x8f\xb7\x67\xaf\x13\xd3\x63\xfe\x17\xa7\x00\x54\x37\x74\xf1\
\x53\xd9\xdd\xbe\xd5\x74\xf1\xc2\xec\x75\x62\x7a\xcc\xff\xe2\x14\
\x80\xea\xe6\x5d\x3c\x3e\xbb\xdb\xb7\x96\xbe\x8f\xc7\x64\xaf\x13\
\xd3\x63\xfe\x17\xa7\x00\x54\xb7\xb6\x16\xb7\x1f\xfa\xf8\x60\x76\
\xbf\x6f\x31\x5d\x7c\x68\xfc\x1a\xb3\xd7\x89\xe9\x31\xff\x8b\x53\
\x00\xd8\x7e\x1d\xc0\x7f\xcd\xee\xf7\x2d\x65\xe8\xe2\xbf\x64\xaf\
\x0f\xd3\x64\xfe\x17\xa7\x00\xb0\x7d\x43\xa0\xcf\x6a\x1b\xed\x55\
\xd9\x1d\xbf\x99\xcd\xff\xaa\x23\xe7\xc5\x67\x66\xaf\x0f\xd3\x64\
\xfe\x17\xa7\x00\x70\x83\xb6\xd9\xfe\x58\x76\xc7\x6f\x26\xcf\xcd\
\x5e\x17\xa6\xcb\xfc\x2f\x4e\x01\xe0\x06\xc7\xce\x8d\xbb\xb6\x9e\
\x5d\x96\xdd\xf3\x8f\xa5\x8b\xf7\x6c\x6e\xc6\x99\xd9\xeb\xc2\x74\
\x99\xff\xc5\x29\x00\x7c\xdc\xbc\x8b\x87\xcd\x96\xe0\xc6\x40\x43\
\x17\xd7\xf5\x7d\x3c\x2a\x7b\x3d\x98\x36\xf3\xbf\x38\x05\x80\x4f\
\xd6\x36\xdf\xad\xec\xae\xb7\xaf\xe1\xfb\xb3\xd7\x81\xe9\x33\xff\
\x8b\x53\x00\xb8\xb1\x38\xd8\x36\xe0\x17\x27\x76\xfd\xa7\xb3\x57\
\x80\x1a\xcc\xff\xe2\x14\x00\x6e\x6a\x6d\x2d\x6e\xd3\x3a\xf7\x92\
\x8c\xcd\x7f\xfc\x6f\x67\x7f\xff\xd4\x60\xfe\x17\xa7\x00\x70\x4b\
\xe2\x60\xeb\xdd\x33\xc6\xdf\xc7\xef\x43\xbf\x8f\xfb\xb1\x3f\xfb\
\xcd\xfc\x2f\x4e\x01\xe0\xe4\x66\x1b\xf1\xc8\xa1\x8f\xf7\x9e\xb6\
\x6e\x77\xf1\x9e\x61\x88\x87\x67\x7f\x9f\xd4\x63\xfe\x17\xa7\x00\
\x70\xeb\xba\x2e\xce\x1a\xef\xc8\xb7\xc7\x37\x0b\xba\xb2\xe5\xb9\
\xde\xea\x47\x16\xf3\xbf\x38\x05\x80\xc5\x8d\x77\xe5\x6b\x5d\x7c\
\xde\xa9\x7c\x76\x40\x3b\x44\x7c\x60\x3c\x4c\xb4\x43\xc5\xbd\xb3\
\xbf\x1f\x6a\x33\xff\x8b\x53\x00\xd8\xb9\xf1\xc3\x79\x66\x5d\x3c\
\xb6\x1d\x04\x5e\xd4\xfe\xbc\x64\x76\xf2\x7b\x07\x1c\x1f\xff\x9d\
\xf1\xdf\x1d\x3f\xd5\xcf\x07\xfb\xb0\x2c\xcc\xff\xe2\x14\x00\x4e\
\xdd\xb1\x63\x71\x87\x23\x1b\x71\xff\xf1\x77\xf9\xe3\xc1\x60\xfb\
\x70\xd0\xfe\x3e\xfe\xdf\xc6\x7f\x96\xfd\xf5\xc1\xcd\x31\xff\x8b\
\x53\x00\x80\x9a\xcc\xff\xe2\x14\x00\xa0\x26\xf3\xbf\x38\x05\x00\
\xa8\xc9\xfc\x2f\x4e\x01\x00\x6a\x32\xff\x8b\x53\x00\x80\x9a\xcc\
\xff\xe2\x14\x00\xa0\x26\xf3\xbf\x38\x05\x00\xa8\xc9\xfc\x2f\x4e\
\x01\x00\x6a\x32\xff\x8b\x53\x00\x80\x9a\xcc\xff\xe2\x14\x00\xa0\
\x26\xf3\xbf\x38\x05\x00\xa8\xc9\xfc\x2f\x4e\x01\x00\x6a\x32\xff\
\x8b\x53\x00\x80\x9a\xcc\xff\xe2\x14\x00\xa0\x26\xf3\xbf\x38\x05\
\x00\xa8\xc9\xfc\x2f\x4e\x01\x00\x6a\x32\xff\x8b\x53\x00\x80\x9a\
\xcc\xff\xe2\x14\x00\xa0\x26\xf3\xbf\x38\x05\x00\xa8\xc9\xfc\x2f\
\x4e\x01\x00\x6a\x32\xff\x8b\x53\x00\x38\x75\x9b\x9b\x71\xe6\x91\
\x8d\xb8\x7f\xdf\xc7\xa3\x86\x21\xbe\x6e\xb6\x11\x8f\x6c\xf9\x9a\
\xae\x8b\xcf\xd9\xda\x8a\x33\xb2\xbf\x3e\xb8\x39\xe6\x7f\x71\x0a\
\x00\x3b\xb7\xbe\x1e\x77\x1c\x36\xe2\x9b\x87\x2e\x5e\xdc\xf2\x8e\
\x93\xf5\xb6\xfd\xf3\xab\xda\x9f\x6f\x6e\x7f\xbe\xa0\x1d\x0a\x1e\
\xed\x40\xc0\xb2\x30\xff\x8b\x53\x00\x58\xdc\x7c\x1e\xf7\x9b\x75\
\x71\x51\xdb\xcc\xff\xe1\x14\xba\xfc\x57\xed\x7f\x7f\x6c\x3c\x44\
\x64\x7f\x3f\xd4\x66\xfe\x17\xa7\x00\x70\xeb\xfa\x3e\x3e\xfd\xc4\
\xb3\xfd\x6b\xf6\xb0\xd3\x97\x39\x08\x90\xc9\xfc\x2f\x4e\x01\xe0\
\xe4\x4e\xfc\xa8\xff\x03\xa7\xb1\xdb\x97\xcd\xbb\xf8\xda\xec\xef\
\x93\x7a\xcc\xff\xe2\x14\x00\x6e\xde\xd6\x56\xdc\xb6\xf5\xee\xc2\
\x7d\xea\xf7\xf1\x76\xc8\xf8\xae\x03\x07\xe2\x60\xf6\xf7\x4d\x1d\
\xe6\x7f\x71\x0a\x00\x37\x35\x9f\xc7\x9d\x67\x5d\xbc\x2a\xa1\xe7\
\xbf\x3a\xfe\xb7\xb3\xbf\x7f\x6a\x30\xff\x8b\x53\x00\xb8\xb1\x38\
\xd8\x36\xff\x97\x25\x76\xfd\x15\x7e\x12\xc0\x7e\x30\xff\x8b\x53\
\x00\xf8\x64\xad\x67\xdf\x9d\xdd\xf5\x1b\x7e\x1d\x00\xa7\x97\xf9\
\x5f\x9c\x02\xc0\xc7\x6d\xdf\xc0\xa7\x8f\xe3\xd9\x5d\x6f\x07\x80\
\xeb\xc6\x7b\x06\x64\xaf\x07\xd3\x66\xfe\x17\xa7\x00\x70\x83\xf9\
\x3c\xee\x36\xeb\xe2\xfd\xd9\x3d\xff\x58\xda\xd7\x32\x7e\x4d\xd9\
\xeb\xc2\x74\x99\xff\xc5\x29\x00\xdc\xa0\x3d\xeb\xfe\xb1\xec\x8e\
\xdf\x4c\x9e\x97\xbd\x2e\x4c\x97\xf9\x5f\x9c\x02\xc0\xf6\xb3\xff\
\x7b\xb4\x8e\x5d\x99\xdd\xf1\x1b\x67\xbc\x8d\xf0\xc6\x46\xdc\x33\
\x7b\x7d\x98\x26\xf3\xbf\x38\x05\x80\xed\x67\xff\x4f\xcb\xee\xf7\
\x49\x0e\x01\x4f\xcb\x5e\x1f\xa6\xc9\xfc\x2f\x4e\x01\xa8\x6e\xfc\
\x70\x9e\x59\x17\x97\x66\xf7\xfb\x24\x07\x80\xcb\xbb\x2e\xce\xca\
\x5e\x27\xa6\xc7\xfc\x2f\x4e\x01\xa8\x6e\xde\xc5\x37\x64\x77\x7b\
\x81\x43\xc0\xf7\x67\xaf\x13\xd3\x63\xfe\x17\xa7\x00\x54\xd7\x36\
\xd7\x9f\xca\xee\xf6\xad\x1e\x00\xfa\x78\xaf\x8f\x11\x66\xaf\x99\
\xff\xc5\x29\x00\xd5\xcd\xba\xb8\x24\xbb\xdb\x0b\x1d\x02\x86\x78\
\x48\xf6\x5a\x31\x2d\xe6\x7f\x71\x0a\x40\x75\xad\x5b\x7f\x9f\xdd\
\xed\x85\x0e\x00\x5d\x9c\x9b\xbd\x56\x4c\x8b\xf9\x5f\x9c\x02\x50\
\xdd\xf8\x56\xbb\xec\x6e\x2f\x78\x00\x98\x65\xaf\x15\xd3\x62\xfe\
\x17\xa7\x00\x54\x37\xf4\xf1\xd1\xec\x6e\x2f\x94\x2e\xba\xec\xb5\
\x62\x5a\xcc\xff\xe2\x14\x80\xea\xda\x01\xe0\x83\xd9\xdd\x5e\x24\
\xc3\x10\xdf\x9a\xbd\x56\x4c\x8b\xf9\x5f\x9c\x02\x50\x5d\xeb\xd6\
\xbb\xb2\xbb\xbd\xd0\x01\x60\x23\xbe\x39\x7b\xad\x98\x16\xf3\xbf\
\x38\x05\xa0\xba\xa1\x8f\x8b\xb3\xbb\xbd\x50\xba\x78\x72\xf6\x5a\
\x31\x2d\xe6\x7f\x71\x0a\x40\x75\x43\x17\xaf\xc9\xee\xf6\x22\x19\
\x36\xe2\x09\xd9\x6b\xc5\xb4\x98\xff\xc5\x29\x00\xd5\x2d\xe9\xa7\
\x00\xde\x24\x7d\x1f\x0f\xce\x5e\x2b\xa6\xc5\xfc\x2f\x4e\x01\xa8\
\x6e\x7c\x7f\x7d\x76\xb7\x17\xc9\xe1\xc3\xf1\xd9\xd9\x6b\xc5\xb4\
\x98\xff\xc5\x29\x00\xd5\xb5\x67\xd6\x9f\xde\xfa\x75\x7d\x76\xbf\
\x4f\x9a\x2e\x3e\x94\xbd\x4e\x4c\x8f\xf9\x5f\x9c\x02\xc0\xf6\x4f\
\x01\xfe\x24\xbb\xdf\x27\xcb\xd0\xc7\xab\xb3\xd7\x88\xe9\x31\xff\
\x8b\x53\x00\xd8\x3e\x00\x1c\xcb\xee\xf7\x49\xd3\xc5\x53\xb3\xd7\
\x88\xe9\x31\xff\x8b\x53\x00\x38\x70\xe0\xe8\xd1\x38\xbb\x75\xec\
\x23\xd9\x1d\xbf\x85\x7c\x64\xfc\x35\x45\xf6\x1a\x31\x3d\xe6\x7f\
\x71\x0a\x00\x37\x18\xfa\xf8\xd1\xec\x8e\xdf\x42\x9e\x9e\xbd\x36\
\x4c\x93\xf9\x5f\x9c\x02\xc0\x0d\x36\x36\xe2\x9e\xb3\xe5\xfb\x64\
\xc0\xbf\x3a\x76\x2c\xee\x90\xbd\x36\x4c\x93\xf9\x5f\x9c\x02\xc0\
\xc7\x0d\x5d\x7c\x47\x76\xcf\x3f\xa9\xf3\x5d\x3c\x3e\x7b\x4d\x98\
\x2e\xf3\xbf\x38\x05\x80\x8f\xdb\xda\x8a\x33\x86\x3e\x7e\x3f\xbb\
\xeb\x27\xf2\xd3\xd9\xeb\xc1\xb4\x99\xff\xc5\x29\x00\x7c\xb2\xf9\
\x3c\xee\x37\xcb\xff\x55\xc0\x9b\xd7\xd7\xe3\x8e\xd9\x6b\xc1\xb4\
\x99\xff\xc5\x29\x00\xdc\x54\xdf\xc7\xa3\x86\x2e\xae\x4d\xea\xfa\
\xdf\x8f\x87\x90\xec\x35\x60\xfa\xcc\xff\xe2\x14\x00\x6e\xde\xf8\
\xf1\xbb\xad\x77\x57\xee\x6b\xcf\xbb\x78\xcf\x30\xc4\x57\x67\x7f\
\xef\xd4\x60\xfe\x17\xa7\x00\x70\xcb\xc6\xcd\x78\xe8\xe2\xf2\x7d\
\xda\xfc\x7f\x6f\x73\x3d\xee\x95\xfd\x3d\x53\x87\xf9\x5f\x9c\x02\
\xc0\xc9\x6d\x6c\xc4\x7d\x87\x3e\x7e\xf7\x74\xf5\xba\x1d\x30\xae\
\x69\x79\xd6\xda\x5a\xdc\x26\xfb\x7b\xa5\x16\xf3\xbf\x38\x05\x80\
\x45\xc4\xc1\xbe\x8f\x8d\x76\x10\xf8\xe0\x9e\x6e\xfe\x7d\xbc\x7a\
\x3e\x8f\x2f\xcc\xfe\xee\xa8\xc9\xfc\x2f\x4e\x01\x60\x71\x9b\x9b\
\x71\xe6\xf8\xb9\x01\x2d\x7f\x79\x8a\x1b\xff\xc5\xb3\x8d\x78\x74\
\xf6\xf7\x43\x6d\xe6\x7f\x71\x0a\x00\x3b\x37\xde\x2f\xa0\x6d\xe0\
\x8f\x3c\x71\xfb\xe0\xb7\x2e\xd0\xdf\xab\xdb\xbf\xfb\x67\xed\xe0\
\xb0\x35\x3f\x1c\x0f\xc8\xfe\xfa\x61\x64\xfe\x17\xa7\x00\x70\xea\
\xe6\xf3\xb8\xdb\x91\x8d\xf8\x92\x61\x88\xc7\xb5\xcc\xb7\xb3\x11\
\xe7\x8d\x77\xf2\xeb\xfb\xf8\xa2\xf6\xcf\x6f\x97\xfd\x35\xc2\x8d\
\x99\xff\xc5\x29\x00\x40\x4d\xe6\x7f\x71\x0a\x00\x50\x93\xf9\x5f\
\x9c\x02\x00\xd4\x64\xfe\x17\xa7\x00\x00\x35\x99\xff\xc5\x29\x00\
\x40\x4d\xe6\x7f\x71\x0a\x00\x50\x93\xf9\x5f\x9c\x02\x00\xd4\x64\
\xfe\x17\xa7\x00\x00\x35\x99\xff\xc5\x29\x00\x40\x4d\xe6\x7f\x71\
\x0a\x00\x50\x93\xf9\x5f\x9c\x02\x00\xd4\x64\xfe\x17\xa7\x00\x00\
\x35\x99\xff\xc5\x29\x00\x40\x4d\xe6\x7f\x71\x0a\x00\x50\x93\xf9\
\x5f\x9c\x02\x00\xd4\x64\xfe\x17\xa7\x00\x00\x35\x99\xff\xc5\x29\
\x00\x40\x4d\xe6\x7f\x71\x0a\x00\x50\x93\xf9\x5f\x9c\x02\x00\xd4\
\x64\xfe\x17\xa7\x00\x00\x35\x99\xff\xc5\x0d\x43\x3c\x29\xfb\x81\
\x55\x00\x80\xfd\xb7\x4a\x07\x80\x71\xaf\xca\x5e\xaf\xc9\x99\x77\
\xf1\xf8\xec\x07\x76\x07\x07\x80\xf5\xec\xf5\x02\x98\x8a\xa1\x8b\
\xc3\xd9\x73\x7d\xe1\x74\xf1\xd8\xec\xf5\x9a\x9c\xd9\x46\x3c\x3a\
\xfd\x81\x5d\x3c\xdf\x9e\xbd\x5e\x00\x53\xd1\x0e\x00\xc7\x96\x60\
\xae\x2f\xfa\x04\xf0\xeb\xb3\xd7\x6b\x72\xe6\x5d\x3c\x22\xfb\x81\
\x5d\x34\xad\xac\x3f\x92\xbd\x5e\x00\x53\x31\xf4\xf1\xa3\xd9\x73\
\x7d\xe1\x03\x40\x17\x0f\xcb\x5e\xaf\xc9\x99\xcd\xe2\x2b\xb2\x1f\
\xd8\x85\xd3\xc5\x6f\x64\xaf\x17\xc0\x54\xb4\x27\x55\xaf\x4c\x9f\
\xeb\x8b\x3e\x01\x1c\xe2\xcb\xb2\xd7\x6b\x72\x36\x36\xe2\xbe\xd9\
\x0f\xec\xc2\x05\xe8\xe2\x6f\xb3\xd7\x0b\x60\x1a\xe2\xe0\xd0\xc7\
\xfb\xb2\xe7\xfa\xa2\xe9\xba\xf8\x9c\xec\x15\x9b\x9c\x63\xe7\xc6\
\x5d\xb3\x1f\xd8\x1d\x96\xe0\x0b\xb2\xd7\x0c\x60\xd5\xb5\x67\xd4\
\x5f\x9c\x3d\xcf\x77\x92\x43\x87\xe2\x2e\xd9\x6b\x36\x41\xdb\xa7\
\xc0\x8f\x66\x3f\xb8\x8b\x66\xe8\xe2\xbb\xb2\x57\x0c\x60\xd5\xb5\
\x59\xfa\xbd\xd9\xf3\x7c\x07\xb9\x22\x7b\xbd\x26\xab\x15\xe1\x1d\
\x4b\xf0\x00\x2f\x76\x00\xe8\xe3\xed\xd9\xeb\x05\xb0\xea\x66\x5d\
\xbc\x2d\x7b\x9e\xef\x20\x6f\xcd\x5e\xaf\xc9\x6a\x07\x80\xd7\x2c\
\xc1\x03\xbc\xf8\x21\x60\x88\x87\x67\xaf\x19\xc0\xaa\xea\xfb\x78\
\x54\xf6\x1c\xdf\x51\xba\x78\x55\xf6\x9a\x4d\x56\x5b\xdc\x17\xa6\
\x3f\xc0\x3b\x2b\xc3\xef\x64\xaf\x19\xc0\xaa\x6a\x33\xf4\x0f\xd2\
\xe7\xf8\x0e\x32\xf4\xf1\xe3\xd9\x6b\x36\x59\x43\x17\xe7\x67\x3f\
\xc0\xbb\x38\x04\xb8\x2b\x14\xc0\x0e\xb5\xd9\xf9\xc4\xf4\xf9\xbd\
\xd3\x03\xc0\x46\xf4\xd9\xeb\x36\x59\xb3\x59\x3c\x28\xfb\x01\xde\
\x71\x21\xfa\xf8\xeb\xae\x8b\xb3\xb2\xd7\x0e\x60\x55\x9c\x78\xd7\
\xd7\xbb\xb3\xe7\xf7\x4e\x33\xdf\x88\xaf\xca\x5e\xbb\xc9\x1a\x37\
\xd2\xa1\x8b\xeb\xb2\x1f\xe4\x1d\xa7\x8b\x5f\xce\x5e\x3b\x80\x55\
\xd1\x9e\x38\xbd\x3c\x7d\x6e\xef\x3c\xc7\x37\x37\xe3\xcc\xec\xb5\
\x9b\xb4\xb6\x99\xfe\x9f\x25\x78\xa0\x77\x93\x0b\xb2\xd7\x0e\x60\
\xd9\xb5\x59\xf9\xf4\x25\x98\xd7\xbb\xc9\x9b\xb3\xd7\x6e\xf2\x86\
\x2e\x7e\x72\x09\x1e\xe8\xdd\xe4\xfa\xbe\x8f\x43\xd9\xeb\x07\xb0\
\xac\xc6\x4f\x52\x1d\x67\xe5\x12\xcc\xeb\x1d\xa7\xed\x4d\x2f\xc8\
\x5e\xbf\xc9\x6b\x8b\x7c\x6e\xf6\x03\x7d\x0a\x05\xb9\x6e\xd6\xc5\
\x66\xf6\x1a\x02\x2c\x9b\xf1\x13\xff\x56\xf2\x57\xbc\x27\xd2\x9e\
\xe0\x7d\x4b\xf6\x1a\x4e\x5e\x5b\xe4\x4f\x9f\xad\xe8\x09\xf1\x13\
\xf2\x13\xc7\x8e\xc5\x1d\xb2\xd7\x12\x20\xdb\x38\x0b\x87\x3e\x5e\
\xb4\x04\x73\x79\xd7\x19\x0f\x2e\xf3\x79\xdc\x23\x7b\x2d\x4b\x68\
\xcf\xa2\xdf\x94\xfd\x80\x9f\x72\xda\xf7\xd0\x75\xf1\xa5\xd9\x6b\
\x09\x90\x65\xfc\xe4\xbc\x36\x0f\xdf\x9c\x3e\x8f\x4f\x7d\x9e\xbf\
\x31\x7b\x2d\xcb\x68\x0b\xfe\xec\xf4\x07\x7c\x6f\x72\xbc\xe5\xc2\
\x76\x72\xbc\x4f\xf6\x9a\x02\xec\x97\xf1\x13\xf3\xda\xa6\x79\xd1\
\x2a\xff\xc8\xff\x46\x79\x66\xf6\x9a\x96\xd1\x4e\x8d\x0f\x5c\x82\
\x07\x7c\x2f\x73\xf5\xd0\xc7\x2f\xcc\xbb\x78\xc4\xd6\x56\x9c\x91\
\xbd\xbe\x00\x7b\x6d\x9c\x6d\xb3\x8d\x78\x64\xdb\xf8\x5f\xda\x36\
\xfe\x6b\x96\x60\xee\xee\x59\xe6\x87\xe3\x01\xd9\xeb\x5b\x4a\x2b\
\xd1\x9f\x67\x3f\xe8\xa7\x23\xed\xc2\xb8\xbc\x7d\x6f\x2f\x6b\x7f\
\xff\xf6\xf1\x40\x70\x64\x3d\xce\x39\x7a\x34\xce\xce\x5e\x6f\x80\
\x45\x8d\x33\x6b\x9c\x5d\xdb\x1b\x7e\x9b\x65\x2d\xbf\xda\xf2\x77\
\xd9\xf3\xf5\xb4\xa4\x8b\x4b\xb2\xd7\xbb\x9c\xb6\x51\xfe\x40\xfa\
\x03\x2f\x22\x22\xd5\xf3\x8c\xec\xfd\xb0\x9c\x61\x88\xcf\x9d\xd0\
\xef\x8f\x44\x44\x64\xc5\x32\xee\x41\xe3\xeb\x19\xb2\xf7\xc3\x92\
\x86\x3e\x5e\x97\x5d\x00\x11\x11\x29\x9a\x2e\xfe\x57\xf6\x3e\x58\
\xd6\xbc\x8f\xb5\xf4\x02\x88\x88\x48\xcd\x74\xf1\xc4\xec\x7d\xb0\
\xac\xb5\xb5\xb8\x4d\x7b\x10\xfe\x2a\xbd\x04\x22\x22\x52\x2b\x5d\
\x5c\xba\xb5\x15\xb7\xcd\xde\x07\x4b\x6b\x0f\xc4\x05\xe9\x45\x10\
\x11\x91\x52\x19\x86\x78\x4a\xf6\xfe\x57\xde\xf6\x47\x04\xf7\xf1\
\xc1\xec\x32\x88\x88\x48\x99\xfc\xdd\xa1\x43\x71\x97\xec\xfd\x8f\
\x03\xdb\x3f\x05\xf8\x9e\x25\x28\x84\x88\x88\x14\xc8\xbc\x8f\xef\
\xcc\xde\xf7\x38\x61\x3c\x89\x6d\xdf\x40\x67\x09\x8a\x21\x22\x22\
\xd3\xcd\xd0\xc7\xfb\xe6\xf3\xb8\x73\xf6\xbe\xc7\x27\x98\xdd\x70\
\xb7\xa9\xf4\x72\x88\x88\xc8\x74\x33\x0c\x31\xcf\xde\xef\xb8\x91\
\xf1\x1d\x01\xed\x64\x76\x71\x76\x39\x44\x44\x64\x9a\x69\x7b\xcc\
\x9f\xfa\xbc\x96\x25\x35\xef\xe2\x6b\xb3\x0b\x22\x22\x22\x93\xcc\
\xf1\xf9\xe1\xf8\xd7\xd9\xfb\x1c\x27\x71\xe2\x83\x74\xb2\x8b\x22\
\x22\x22\x13\xca\xd0\xc5\x0b\xb2\xf7\x37\x6e\xc5\x7c\x1e\xf7\x68\
\x0f\xd4\x07\xb2\xcb\x22\x22\x22\x13\x49\x17\xef\x5f\x5f\x8f\xbb\
\x67\xef\x6f\x2c\xa0\x3d\x58\xdf\x96\x5e\x18\x11\x11\x99\x46\xba\
\x78\x72\xf6\xbe\xc6\x0e\x0c\x7d\xfc\x4a\x7a\x69\x44\x44\x64\xa5\
\x33\x74\xf1\xe2\xec\xfd\x8c\x1d\x3a\x7a\x34\xce\x6e\x0f\xde\xbb\
\xb3\xcb\x23\x22\x22\xab\x99\xf1\x9d\x65\x17\xac\xc5\x9d\xb2\xf7\
\x33\x76\x61\x18\xe2\xab\xdb\xe9\xed\xaa\xec\x12\x89\x88\xc8\xca\
\xe5\x8a\xbe\x8f\x2f\xca\xde\xc7\x38\x05\xf3\x3e\x8e\x2e\x41\x91\
\x44\x44\x64\x85\x32\x6c\xc4\x79\xd9\xfb\x17\x7b\x60\xd6\xc5\x45\
\xd9\x65\x12\x11\x91\xd5\xc8\xd0\xc7\x8b\xb2\xf7\x2d\xf6\xc8\x89\
\xbb\x04\xfe\xf7\xec\x52\x89\x88\xc8\x72\xa7\xed\x15\xbf\x39\xee\
\x19\xd9\xfb\x16\x7b\x68\x7d\x3d\xee\xd8\x1e\xd8\xdf\xcf\x2e\x97\
\x88\x88\x2c\x67\xda\x1e\xf1\xfa\x71\xaf\xc8\xde\xaf\x38\x0d\x8e\
\x9d\x1b\x77\x9d\x75\xf1\x96\xec\x92\x89\x88\xc8\x72\x65\x7c\xc5\
\xff\xf8\xee\xb1\xec\x7d\x8a\xd3\xa8\xeb\xe2\xde\xed\x10\x70\x69\
\x76\xd9\x44\x44\x64\x49\xd2\xf6\x84\xf9\x3c\x3e\x23\x7b\x7f\x62\
\x1f\x8c\x87\x00\x9f\x1c\x28\x22\x22\x6d\xf3\xbf\xa4\x6d\xfe\xf7\
\xc9\xde\x97\xd8\x47\xdb\x37\x0a\xea\xe2\x0d\xe9\xe5\x13\x11\x91\
\x9c\x74\xf1\xc6\xf1\xf3\x63\xb2\xf7\x23\x12\xb4\x07\xfe\xce\x43\
\x1f\xff\x33\xbd\x84\x22\x22\xb2\xbf\xe9\xe2\x55\xe3\x1e\x90\xbd\
\x0f\x91\x68\x7c\xbb\x47\x2b\xc3\x4b\xd2\xcb\x28\x22\x22\xfb\x92\
\xf6\xc4\xef\x17\xda\xe6\x7f\xbb\xec\xfd\x87\xa5\x10\x07\x87\x2e\
\x9e\xd6\x72\x4d\x76\x31\x45\x44\xe4\xf4\x64\x9c\xf1\x2d\xdf\x31\
\xce\xfc\xec\x5d\x87\x25\x33\x9b\xc5\x57\x78\x87\x80\x88\xc8\x24\
\xf3\xee\x36\xe3\x1f\x94\xbd\xcf\xb0\xc4\xe6\xf3\xb8\x9b\xbb\x06\
\x8a\x88\x4c\x27\xed\x59\xff\x2b\xfb\x3e\x3e\x25\x7b\x7f\x61\x25\
\xc4\xc1\x79\x1f\xdf\xd9\x8a\x73\x65\x76\x71\x45\x44\x64\xd7\xb9\
\x72\xd8\x88\xff\xe8\x47\xfe\xec\xd8\x7c\x1e\xf7\x1b\xfa\x78\xf5\
\x12\x94\x58\x44\x44\x76\x92\x2e\x7e\xa7\xcd\xf0\x2f\x85\xe5\xd8\
\x25\x00\x00\x01\xd4\x49\x44\x41\x54\xcc\xde\x47\x58\x71\x7d\x1f\
\x8f\x69\x85\x7a\x57\x7a\xa1\x45\x44\xe4\xa4\x69\x4f\xda\xde\xeb\
\xa3\x7c\xd9\x53\x9b\x9b\x71\x66\x2b\xd7\x73\xbd\x53\x40\x44\x64\
\x29\x73\x75\xcb\x0f\x1f\x3a\x14\x77\xc9\xde\x2f\x98\xa8\xae\x8b\
\xcf\x69\x87\x80\xe7\xb7\x53\xe6\x47\x97\xa0\xf0\x22\x22\xa5\xd3\
\xe6\xf1\x75\x6d\x1e\xbf\xbc\xef\xe3\xf3\xb2\xf7\x07\x8a\x18\x3f\
\x38\xa2\x95\xef\x79\x2d\x57\x64\x5f\x00\x22\x22\xd5\xd2\x36\xfe\
\xab\x5a\x5e\x7c\xe4\x70\x7c\x7e\xf6\x7e\x40\x51\xe3\x7d\xa4\x5b\
\x19\x9f\x3d\xeb\xe2\xfd\xd9\x17\x84\x88\xc8\xe4\xd3\x66\x6d\xdb\
\xf8\x9f\xb3\xb9\x1e\xf7\xca\x9e\xff\xb0\x6d\xbc\xad\x64\x2b\xe6\
\x13\xc7\x77\x0d\xb4\x72\x5e\x9b\x7e\x91\x88\x88\x4c\x24\xdb\x33\
\xb5\x8b\xdf\x1a\x36\xe2\x09\x6e\xe1\xcb\x52\x3b\xf1\x53\x81\x23\
\xed\x30\xf0\x3a\x2f\x1a\x14\x11\xd9\x55\xae\x6e\x33\xf4\xb5\xc3\
\x10\xf3\xa7\x7c\x5b\x7c\x6a\xf6\x5c\x87\x1d\xeb\xba\x38\x6b\x3c\
\xb5\xb6\x83\xc0\x4f\x8d\x9f\x3b\xdd\x4a\x7d\xfd\x12\x5c\x58\x22\
\x22\xcb\x96\xeb\xdb\x86\xff\xf6\xf6\xe7\x85\xf3\x2e\x1e\x3f\xce\
\xce\xec\xf9\x0d\x7b\x6a\x3c\xc9\x9e\xb8\xaf\xc0\x33\xda\x81\xe0\
\xd7\x5a\xfe\xdc\xaf\x0c\x44\xa4\x52\x4e\xfc\x64\xf4\x9d\xe3\xab\
\xf7\xe7\x7d\xfc\xe7\xf6\x2c\xff\x1b\xdd\xaa\x97\x92\xb6\xb6\xe2\
\xb6\x47\xd6\xe3\x9c\x76\x01\x3c\xb4\xe5\x50\x3b\x14\x3c\xb5\x5d\
\x20\x3f\xd0\x2e\x8e\x17\xb5\xbf\x5f\xd4\xf2\xd2\xf1\x42\x11\x11\
\x59\x85\x8c\x33\x6b\x9c\x5d\xed\xef\x2f\x1a\x67\xd9\x38\xd3\xc6\
\xd9\x36\xce\xb8\xf1\xad\xd4\xe3\xc7\xb0\x67\xcf\x5d\x00\x00\x00\
\x00\x00\x00\x00\x00\x00\x00\x00\x00\x00\x00\x00\x00\x00\x00\x00\
\x00\x00\x00\x00\x00\x00\x00\x00\x00\x00\x00\x00\x00\x00\x00\x00\
\x00\x00\x00\x00\x00\x00\x00\x00\x00\x00\x00\x00\x00\x00\x00\x00\
\x00\x00\x00\x00\x00\x00\x00\x00\x00\x00\x00\x00\x00\x00\x00\x00\
\x00\x00\x00\x00\x00\x00\x00\x00\x00\x00\x00\x00\x00\x00\x00\x00\
\x00\x00\x00\x00\x00\x00\x00\x00\x00\x00\x00\x00\x00\x00\x00\x00\
\x00\x00\x00\x00\x00\x00\x8a\xf9\xff\x30\xdc\x22\x8f\x6b\x05\x86\
\x95\x00\x00\x00\x00\x49\x45\x4e\x44\xae\x42\x60\x82\
\x00\x00\x2c\x6a\
\x89\
\x50\x4e\x47\x0d\x0a\x1a\x0a\x00\x00\x00\x0d\x49\x48\x44\x52\x00\
\x00\x02\x00\x00\x00\x02\x00\x08\x06\x00\x00\x00\xf4\x78\xd4\xfa\
\x00\x00\x00\x09\x70\x48\x59\x73\x00\x00\x0b\x13\x00\x00\x0b\x13\
\x01\x00\x9a\x9c\x18\x00\x00\x20\x00\x49\x44\x41\x54\x78\x9c\xed\
\xdd\x09\x94\x65\x55\x7d\xef\x71\xda\x66\x9e\x54\x10\xc4\x11\xc5\
\x09\x27\x8c\x13\x8a\x20\xed\x80\x23\x4e\x89\x5e\x1c\xba\x9b\xaa\
\xb3\xcf\xb9\xa7\xba\xab\x2d\xb5\xe3\x80\x1a\xa5\x1a\x07\x1e\xfa\
\x34\x38\x45\x45\x1c\x10\xa7\x68\x14\x43\x00\x45\x79\x2a\x2a\xc6\
\x20\x83\xc6\xe9\x11\x15\x15\x01\xc5\x89\x41\x10\x1a\xba\xe9\x7f\
\xfe\xa7\x52\x79\x4f\x0d\xca\xd9\x75\xef\x3d\xbf\x7d\xce\xf9\x7e\
\xd6\xfa\xad\x26\x59\x59\x2b\xdd\xff\xbd\xf7\x7f\xff\x6f\xd5\xbd\
\xe7\x6e\xb5\x15\x00\x00\x00\x00\x00\x00\x00\x00\x00\x00\x00\x00\
\x00\x00\x00\x00\x00\x00\x00\x00\x00\x00\x00\x00\x00\x00\x00\x00\
\x00\x00\x00\x00\x00\x00\x00\x00\x00\x00\x00\x00\x00\x00\x00\x00\
\x00\x00\x00\x00\x00\x00\x00\x00\x00\x00\x00\x00\x00\x00\x00\x00\
\x00\x00\x00\x00\x00\x00\x00\x00\x00\x00\x00\x00\x00\x00\x00\x00\
\x00\x00\x00\x00\x00\x00\x00\x00\x00\x00\x00\x00\x00\x00\x00\x00\
\x00\x00\x00\x00\x00\x00\x00\x00\x00\x00\x00\x00\x00\x00\x00\x00\
\x00\x00\x00\x00\x00\x00\x00\x00\x00\x00\x00\x00\x00\x00\x00\x00\
\x00\x00\x00\x00\x00\x00\x00\x00\x00\x00\x00\x00\x00\x00\x00\x00\
\x00\x00\x00\x00\x00\x00\x00\x00\x00\x00\x00\x00\x00\x00\x00\x00\
\x00\x00\x00\x00\x00\x00\x00\x00\x00\x00\x00\x00\x00\x00\x00\x00\
\x00\x00\x00\x00\x00\x00\x00\x00\x00\x00\x00\x00\x00\x00\x00\x00\
\x00\x00\xa0\x51\xeb\x56\xdb\xee\x65\xb0\x47\x0f\x83\x85\x22\xd8\
\x6b\x8a\xdc\x4e\xf4\xff\x3e\xdd\xff\x3c\xcf\xff\xe7\x8b\x3c\x97\
\x57\x19\xe6\x66\x64\x49\xf9\xdd\x62\xfd\x7e\xea\xb9\xd0\xeb\x7a\
\x8e\xe7\x64\xff\xef\xb7\x79\x5e\x56\x14\xf6\xdc\x3c\xb7\xfd\xcb\
\xd2\x76\x54\xef\x05\x00\x40\x47\xcd\xce\xda\xce\x7e\xe1\x3c\xa6\
\xcc\xed\xd5\x7e\xc9\x9f\xe6\x17\xd1\x25\x09\x5c\x90\xe4\xbf\xb2\
\xd9\xd7\xe4\xbb\x0b\x03\x58\x6e\xeb\x7d\x28\x3b\x60\x30\xb0\xe5\
\xea\x3d\x03\x00\x68\xa9\x99\xcc\x1e\xe0\x17\xfe\xcb\xfd\x62\x39\
\xd3\x5f\x89\x6e\x4a\xe0\xa2\x23\x35\xb3\xf0\x93\x83\x60\xff\xe4\
\xeb\x57\x94\xa5\xdd\x59\xbd\x97\x00\x00\x89\xcb\x73\xdb\xcf\x2f\
\x90\xd7\xfb\xe5\xf1\x43\xf5\x25\x46\xc6\x3a\x10\x7c\xc3\x87\x81\
\x17\xac\x59\x63\x7b\xaa\xf7\x18\x00\x20\x11\x73\x2b\x6d\x57\xbf\
\x24\x66\xfc\xd2\x3f\x57\x7d\x51\x91\x89\x0f\x02\x9b\xaa\x5f\xe1\
\xf8\xa0\xf7\xec\xb2\xb4\x6d\xd4\x7b\x0f\x00\x20\x30\x33\x65\x77\
\xf1\x4b\xe1\x18\xcf\x15\xea\x8b\x89\x08\x86\x81\xdc\x7e\xe1\x7f\
\x6e\x58\xbb\xd6\x6e\xad\xde\x8b\x00\x80\x06\xf8\x2b\xbf\x7d\xfd\
\x55\xe0\x47\x87\xd5\x9b\xc7\x12\xb8\x88\x88\x7c\x10\xb8\xaa\x08\
\xf6\xa6\xd9\x29\xdb\x4b\xbd\x37\x01\x00\x13\x50\x14\x76\xd7\xc5\
\x77\x8a\x73\xf1\x93\x9b\xca\x35\x3e\x08\x1c\x55\x7d\xe2\x43\xbd\
\x57\x01\x00\x63\xb0\x6a\x95\xed\xe4\xcd\x7d\x83\xe7\xba\x04\x2e\
\x19\x92\x78\x7c\x08\xf8\xb5\xe7\x88\xb9\x39\xdb\x4e\xbd\x77\x01\
\x00\x4b\x54\x64\x76\x98\x37\xf3\x9f\xab\x2f\x15\xd2\xbe\x14\xb9\
\x7d\x7b\x38\xb4\x87\xaa\xf7\x30\x00\x20\xc2\xcc\xe1\x76\x87\xc5\
\xa7\xc6\xc9\x2f\x12\xd2\xea\x6c\xae\xde\x1f\xc0\xd3\x06\x01\xa0\
\x05\x16\x5f\xf5\xf3\x08\x5e\x32\xbe\x04\xfb\x61\x51\xd8\x23\xd5\
\x7b\x1b\x00\x70\x13\x16\x1e\xd7\x1b\xec\x04\xf9\x65\x41\x3a\x99\
\xea\x19\x02\xd5\x93\x21\xb7\xda\xca\x96\xa9\xf7\x3a\x00\x60\xd1\
\xcc\xb4\xdd\xc3\x9b\xf4\x77\xd4\x97\x04\xe9\x7e\x8a\xdc\x4e\xcd\
\x73\xdb\x4d\xbd\xe7\x01\xa0\xf7\xca\x60\x87\xfa\xab\xb3\x2b\xd5\
\x17\x03\xe9\x4f\x7c\x08\xf8\x49\x39\x6d\x0f\x52\xef\x7d\x00\xe8\
\xad\x61\xb0\xd5\x7e\xf9\xdf\xa0\xbe\x10\x48\x2f\x73\x4d\x9e\xdb\
\x93\xd5\x67\x00\x00\x7a\xc7\x2f\xff\x17\x7a\x13\xde\x92\xc0\x45\
\x40\x7a\x9a\xea\x7d\x01\x9e\xa1\xfa\x2c\x00\x40\x4f\xd8\x32\x6f\
\xbe\x6f\x56\x37\x7f\x42\x16\xb3\xc5\x87\x80\x57\xaa\x4f\x05\x00\
\x74\xda\x60\x60\xcb\x17\x1f\xe7\xab\x6e\xfa\x84\xfc\x51\x7c\x08\
\x98\x57\x9f\x0f\x00\xe8\x28\x5b\xe6\x4d\xf6\x78\x75\xa3\x27\xe4\
\xcf\xe5\xbf\x3e\x26\x08\x00\x18\x2b\xbf\xfc\x8f\x56\x37\x78\x42\
\x6e\x36\xc1\x5e\xa2\x3e\x2b\x00\xd0\x19\x8b\x6f\xf8\xd3\x37\x77\
\x42\x6e\x3e\x5b\x8a\xcc\x0e\x57\x9f\x19\x00\x68\xbd\xa2\xb0\xe7\
\xfa\xab\xff\x1b\x13\x68\xec\x84\xd4\x4a\xf5\xd1\xd4\x32\xd8\xc1\
\xea\xb3\x03\x00\xad\x35\xcc\x6c\x05\x9f\xf3\x27\xad\x4c\xb0\xcb\
\xca\xd2\xee\xac\x3e\x43\x00\xd0\x3a\xde\x3c\x6f\xc7\x57\xf9\x92\
\x56\x27\xd8\x37\x57\xad\xb2\x9d\xd4\x67\x09\x00\x5a\x63\x30\xb0\
\x6d\xbd\x79\x7e\x5d\xde\xc0\x09\x19\x31\xd5\xc7\x56\xd5\xe7\x09\
\x00\x5a\xc3\x1b\xe7\x31\xea\xc6\x4d\xc8\xd8\x12\xec\x39\xea\x33\
\x05\x00\xc9\xab\xbe\x77\xdd\x9b\xe6\x66\x79\xd3\x26\x64\x7c\xb9\
\x82\xf7\x03\x00\xc0\x5f\x10\x82\xed\xe2\xcd\xf2\xa7\x09\x34\x6c\
\x42\xc6\x9b\x60\x5f\x98\x9f\xb7\x5b\xa8\xcf\x18\x00\x24\xc9\x1b\
\xe5\xdb\xe4\x8d\x9a\x90\x09\xa5\x28\x6c\x9d\xfa\x8c\x01\x40\x72\
\xca\x60\x07\xf0\x79\x7f\xd2\xe5\xf8\xfe\xbe\x3c\xcb\x6c\x0f\xf5\
\x59\x03\x80\x64\x54\x3f\x1a\x2d\x72\x3b\x47\xdd\xa0\x09\x69\x20\
\xef\x51\x9f\x37\x00\x48\x46\x91\x59\x9e\x40\x63\x26\x64\xe2\xa9\
\x7e\xca\x55\x66\xf6\x30\xf5\x99\x03\x00\xb9\xea\x41\x29\xfe\xea\
\xff\x17\xea\xc6\x4c\x48\x63\x09\xf6\x75\xf5\xb9\x03\x00\xb9\xea\
\x2b\x54\xe5\x0d\x99\x90\x86\xe3\xfb\xfe\x89\xea\xb3\x07\x00\x32\
\xb3\xb3\xb6\xb3\x37\xc3\x5f\xa9\x9b\x31\x21\x8d\x87\x9f\x02\x00\
\xe8\x33\x6f\x84\xaf\x90\x37\x62\x42\x54\xc9\xec\x10\xf5\x19\x04\
\x80\xc6\xcd\xcd\xd9\x76\x7c\xd9\x0f\xe9\x75\x82\x7d\x45\x7d\x0e\
\x01\xa0\x71\xde\xfc\x82\xbc\x01\x13\x22\x4e\x51\xd8\x83\xd5\x67\
\x11\x00\x1a\xe5\xcd\xef\x7c\x75\xf3\x25\x44\x9e\x60\xc7\xa9\xcf\
\x22\x00\x34\xa6\x0c\xf6\x10\x79\xe3\x25\x24\x81\x14\xc1\xae\x9e\
\x5b\x69\xbb\xaa\xcf\x24\x00\x34\xa2\x7a\xd5\xa3\x6e\xbc\x84\xa4\
\x92\xa2\xb0\x52\x7d\x26\x01\x60\xe2\xaa\x37\xff\x79\xd3\xbb\x42\
\xdd\x74\x27\xda\xd0\xab\xef\x34\x08\xf6\xe3\x22\xb7\x33\xfd\xcf\
\xd3\xfc\xcf\x4f\x90\xe8\x9c\xea\x39\xa3\xaa\x61\xd7\x1f\x14\x55\
\x3d\x06\x5b\x7d\x2e\x01\x60\xe2\xf2\xdc\x9e\xaa\x6e\xb8\x93\x6a\
\xe2\x65\x6e\xaf\xf6\x7f\xdf\x81\x53\x53\xb6\xbd\xba\xce\x5d\x13\
\x82\xdd\x7e\x71\xef\xbc\xb9\x8b\x03\x41\x96\xd9\x3e\xea\x1a\x03\
\xc0\x44\xf9\x2b\xe2\x0f\xa9\x9b\xed\xd8\x2e\xfd\x60\x1b\x3d\xef\
\x9c\xc9\xec\x3e\xea\xba\xf6\xc9\xfc\xbc\x6d\x5d\x06\x3b\xd4\xf7\
\xd2\x29\xea\x3d\x30\xb6\x04\x7b\x89\xba\xae\x00\x30\x31\x55\xe3\
\xae\xbe\x12\x55\xde\x6c\x47\xcf\x16\x7f\x15\x7a\x62\xf5\xaa\x54\
\x5d\xd3\xbe\xf3\x41\xe0\xd1\xbe\x16\xdf\x4a\x60\x4f\x8c\x14\x3f\
\x17\x5f\x53\xd7\x12\x00\x26\xa6\xcc\xec\x20\x75\xa3\x1d\xb9\x51\
\xe7\x76\x49\x75\xe9\xa8\x6b\x89\xff\x6f\x30\xb0\xe5\x45\x66\x2f\
\xf2\x4b\xf4\x06\xf5\xfe\x18\x61\x00\xb8\x91\x81\x12\x40\x67\x79\
\x93\x7b\x9d\xba\xd1\x8e\x78\xf9\x7f\x31\xcb\x6c\x0f\x75\x1d\x71\
\xd3\x7c\x30\x3b\xd8\xf7\xd8\x2f\xd5\xfb\x64\xa9\x29\x73\x5b\xab\
\xae\x21\x00\x4c\x84\x5f\xa0\xff\xaa\x6e\xb2\x23\x5c\xfe\x9f\xac\
\x3e\xc1\xa0\xae\x21\xfe\xb2\xe9\x69\xbb\x93\xaf\xd7\x05\xea\xfd\
\xb2\xc4\x3d\x76\x86\xba\x7e\x00\x30\x76\x8b\xcf\xfe\xdf\xa8\x6e\
\xb2\x4b\x4a\xb0\x53\xaa\xf7\x2f\xa8\x6b\x88\x7a\x8a\xc2\xee\xe8\
\xeb\xf6\x33\xf9\xbe\x89\x1d\x00\x82\x6d\x2a\x4b\xbb\x8d\xba\x7e\
\x00\x30\x56\xad\xfd\xfd\x7f\xb0\xb3\xd7\x0f\x6c\x07\x75\xfd\x10\
\x27\xcf\x6d\x3f\xbf\x50\xaf\x94\xef\x9f\xc8\x94\xb9\x4d\xa9\x6b\
\x07\x00\x63\xe5\xcd\x6d\xbd\xba\xb9\xc6\xa6\xfa\xc4\xc2\xcc\x94\
\xdd\x45\x5d\x3b\x2c\x4d\x51\xd8\x73\xd5\x7b\x28\x7a\xcf\xe5\x76\
\xb2\xba\x6e\x00\x30\x56\xde\xdc\x3e\xa0\x6e\xae\xb1\xe1\xd5\x58\
\xfb\x55\x4f\x14\x54\xef\xa3\xc8\x01\xe0\xda\xd9\x59\xdb\x59\x5d\
\x37\x00\x18\x1b\x6f\x6c\xe7\xa9\x9b\x6b\x54\x16\xbe\xab\xdd\x96\
\xa9\xeb\x86\xd1\x2c\xbe\x29\xf0\x77\xf2\xfd\x14\x11\x1f\x3c\x07\
\xea\xba\x01\xc0\x98\xd8\xb2\xea\x95\x8d\xba\xb1\x46\x35\xe1\x60\
\x07\xab\xab\x86\xf1\xf0\xf5\x7c\xa3\x7a\x3f\x45\x25\xd8\x47\xd5\
\x35\x03\x80\xb1\x98\x9d\xb2\xbd\xe4\x4d\x35\xae\x01\x9f\xa5\xae\
\x19\xc6\x27\x04\xdb\xdb\xd7\x75\xb3\x7c\x5f\xd5\x8c\x0f\xcb\x57\
\xf1\x91\x53\x00\x9d\xe0\xaf\xa6\x0f\x50\x37\xd5\x98\xf0\xbb\xff\
\xee\xf1\xa1\xee\x53\xea\x7d\x15\xb5\x07\x83\x1d\xaa\xae\x19\x00\
\x8c\xac\xc8\xec\x30\x75\x43\x8d\x78\xf5\x75\xad\xbf\x62\xdc\x45\
\x5d\x33\x8c\x57\x51\xd8\x13\xd4\x7b\x2b\x32\xef\x55\xd7\x0c\x00\
\x46\xe6\xcd\xec\xf9\x09\x34\xd4\xba\x03\x00\x4f\x63\xeb\xa0\xb2\
\xb4\x6d\x86\xc1\x7e\xab\xde\x5f\x11\xfb\xf0\x37\x3c\x7c\x0a\x40\
\xeb\x79\x43\x3b\x52\xdd\x50\x6b\x37\xde\x60\xaf\x52\xd7\x0b\x93\
\xe1\x03\xc0\xfb\xd5\xfb\x2b\x26\x79\x6e\x8f\x52\xd7\x0c\x00\x46\
\xe2\x97\xea\x5b\xd5\xcd\xb4\x76\x82\x3d\x4d\x5d\x2f\x4c\x86\x5f\
\xa8\x4f\x96\xef\xaf\xb8\xbc\x4d\x5d\x33\x00\x18\x89\x0f\x00\xc7\
\x27\xd0\x4c\x6b\xa5\x2c\x6d\x5f\x75\xbd\x30\x19\x83\x81\x6d\xeb\
\x6b\x7c\x85\x7a\x8f\x45\xe4\x67\x3c\x8b\x02\x40\xab\x79\x23\xfb\
\x60\x02\xcd\xb4\x56\xfc\x55\xe2\x6e\xea\x7a\x61\x72\xda\xb4\x17\
\x17\xf7\xe3\xfe\xea\x9a\x01\xc0\x92\x15\xb9\x7d\x4c\xdd\x48\xeb\
\xa6\x7a\x95\xa8\xae\x17\x26\xc7\x2f\xd4\xa7\xaa\xf7\x58\x4c\x8a\
\x60\xff\x4b\x5d\x33\x00\x58\x32\x1f\x00\x3e\xa1\x6e\xa4\x75\xa3\
\xae\x15\x26\x6b\xe1\x6b\xa9\x73\xbb\x4a\xbd\xcf\x08\x19\x47\xaa\
\x2f\x2c\xab\xe2\xff\xfd\xd3\x85\xc7\xad\x07\x3b\xdd\xff\x3c\xd1\
\xff\x77\x47\xf9\x7f\x87\xea\x8d\xa4\xfc\x54\x13\x52\x0c\x00\x48\
\x89\xaf\xf3\x87\xd5\xfb\x8c\x90\x26\xe3\x3d\xf8\x12\x1f\x08\x4e\
\x2b\x73\x7b\x75\x19\xec\xd1\xab\x56\xd9\x4e\xea\x73\x88\x9e\x60\
\x00\x40\x4a\xbc\x01\x3e\x43\xbd\xcf\x08\x51\xa6\x08\x76\x83\xf7\
\xe5\x33\xfd\xcf\x23\x66\x32\x7b\x80\xfa\x4c\xa2\xc3\x18\x00\x90\
\x92\xf5\x03\xdb\xc1\x1b\xdf\xd5\xea\xbd\x46\x48\x32\x09\xf6\x43\
\x3f\x13\xaf\x2b\xa7\xed\xfe\xea\xf3\x89\x8e\x61\x00\x40\x6a\xda\
\xf4\xc6\x54\x42\x9a\x8c\x9f\x8d\xef\x55\x3f\x19\xe0\xbd\x03\x18\
\x0b\x06\x00\xa4\xa6\x28\xec\x59\xea\xbd\x46\x48\xca\x59\xf8\x29\
\x59\xb0\xe3\xfc\xac\xdc\x53\x7d\x5e\xd1\x62\x0c\x00\x48\x4d\x59\
\xda\x8e\xbe\xde\xd7\xa8\xf7\x1b\x21\xa9\xc7\x07\x81\x4d\x9e\x8f\
\x84\x60\xf7\x52\x9f\x5b\xb4\x10\x03\x00\x52\xe4\xaf\x6e\xfe\x49\
\xbd\xdf\x08\x69\x51\x36\xfb\x20\x70\xc2\xcc\x94\xdd\x45\x7d\x76\
\xd1\x22\x0c\x00\x48\x51\x9e\xdb\xb3\xd5\xfb\x8d\x90\x16\xe6\xfa\
\xea\xfb\x5d\xe6\x56\xda\xae\xea\x33\x8c\x16\x60\x00\x40\x8a\x66\
\x67\x6d\x67\xdf\x9b\xd7\xaa\xf7\x1c\x21\x2d\xcd\xa5\xc3\x60\xcf\
\x54\x9f\x63\x24\x8e\x01\x00\xa9\xf2\x35\x3f\x49\xbd\xe7\x08\x69\
\x73\xbc\xbf\x7f\x3a\x04\xbb\xbd\xfa\x2c\x23\x51\x0c\x00\x48\x55\
\x99\xdb\xf3\xd4\x7b\x8e\x90\xb6\xa7\x08\x76\x65\x75\x96\xd4\xe7\
\x19\x09\x62\x00\x40\xaa\xaa\xdf\x63\xfa\xba\x5f\xa7\xde\x77\x84\
\x74\x22\xc1\xde\xcf\x63\x86\xf1\x47\x18\x00\x90\x32\xdf\x9f\x27\
\xab\xf7\x1d\x21\x5d\x49\x11\xec\xff\xe6\xb9\xdd\x5b\x7d\xae\x91\
\x08\x06\x00\xa4\xcc\x5f\xb5\xac\x56\xef\x3b\x42\x3a\x96\x2b\x86\
\x99\x3d\x49\x7d\xb6\x91\x00\x06\x00\xa4\xac\x2c\xed\x96\xfe\xaa\
\x65\xa3\x7a\xef\x11\xd2\xb1\x6c\x2e\x73\x2b\xd4\xe7\x1b\x62\x0c\
\x00\x48\x9d\xef\xd1\x53\xd5\x7b\x8f\x90\x0e\x66\x8b\x67\x83\xfa\
\x7c\x43\x88\x01\x00\xa9\x2b\x82\x4d\xab\xf7\x1e\x21\x5d\x4d\xf5\
\xe0\xa0\xf9\x79\xbb\x85\xfa\x9c\x43\x80\x01\x00\xa9\x5b\xbb\xd6\
\x6e\x5d\x7d\x47\xba\x7a\xff\x11\xd2\xd5\xf8\x3d\x70\xe2\x60\x60\
\xcb\xd5\x67\x1d\x0d\x63\x00\x40\x1b\xf8\x00\xf0\x59\xf5\xfe\x23\
\xa4\xcb\xa9\x86\x80\xad\xb6\xb2\x65\xea\xb3\x8e\x06\x31\x00\xa0\
\x0d\x8a\xcc\x72\xf5\xfe\x23\xa4\xeb\xf1\x41\xfb\x75\xea\xb3\x8e\
\x06\x31\x00\xa0\x0d\xd6\xad\xb6\xdd\xab\xaf\x3e\x55\xef\x41\x42\
\x7a\x90\xf5\xea\xf3\x8e\x86\x30\x00\xa0\x2d\x86\xc1\x3e\xaf\xde\
\x83\x84\xf4\x20\x5b\x8a\xcc\x0e\x57\x9f\x77\x34\x80\x01\x00\x6d\
\x51\x14\x56\xaa\xf7\x20\x21\x3d\xc9\xf5\xc3\xa1\x3d\x42\x7d\xe6\
\x31\x61\x0c\x00\x68\x8b\xb2\xb4\xdb\xf0\x6b\x00\x42\x1a\x4a\xb0\
\x8b\xab\x33\xa7\x3e\xf7\x98\x20\x06\x00\xb4\x89\x37\xa5\x2f\xa8\
\xf7\x21\x21\xbd\x49\xb0\xd3\xf8\x64\x40\x87\x31\x00\xa0\x4d\xbc\
\x21\xcd\xaa\xf7\x21\x21\xbd\x4a\xb0\x97\xa8\xcf\x3d\x26\x84\x01\
\x00\x6d\x92\xe7\x76\x5b\xdf\x0b\x9b\xd5\x7b\x91\x90\xbe\xa4\xfa\
\xb5\x9b\x9f\xbb\x03\xd5\x67\x1f\x13\xc0\x00\x80\xb6\xf1\x57\x24\
\xa7\xab\xf7\x22\x21\xbd\x4a\xb0\x1f\x97\xa5\xed\xa8\x3e\xfb\x18\
\x33\x06\x00\xb4\x8d\xbf\x1a\x79\xaa\x7a\x2f\x12\xd2\xb7\xf0\x90\
\xa0\x0e\x62\x00\x40\xdb\x54\x5f\x5c\xe2\xfb\xe1\x42\xf5\x7e\x24\
\xa4\x67\xb9\xbe\x2c\x6d\x5f\xf5\xf9\xc7\x18\x31\x00\xa0\x8d\x86\
\xc1\x82\x7a\x3f\x12\xd2\xb7\xf8\x7d\x71\x86\xfa\xec\x63\x8c\x18\
\x00\xd0\x4e\xb6\xcc\x87\x80\x2f\xa9\xf7\x24\x21\x7d\x4b\x91\xd9\
\x61\xea\xd3\x8f\x31\x61\x00\x40\x5b\x95\xd3\x76\x7f\xbe\x26\x98\
\x90\x66\xe3\x77\xc6\x25\xeb\x07\xb6\x83\xfa\xfc\x63\x0c\x18\x00\
\xd0\x66\xfc\x2a\x80\x90\xe6\xe3\x83\xf7\x9c\xfa\xec\x63\x0c\x18\
\x00\xd0\x76\xbe\x37\xde\xac\xde\x9b\x84\xf4\x2a\xc1\x2e\x1e\x0c\
\x6c\x5b\xf5\xd9\xc7\x88\x18\x00\xd0\x76\xde\x88\x96\xfb\xfe\xf8\
\x80\x7a\x7f\x12\xd2\xa7\x94\xb9\x15\xea\xb3\x8f\x11\x31\x00\xa0\
\x2b\x8a\x60\x47\xf8\x3e\xd9\xa2\xde\xa7\x84\xf4\x21\x7e\xde\x7e\
\x34\x3f\x6f\x5b\xab\xcf\x3d\x46\xc0\x00\x80\x2e\xf1\xa6\xb4\xd2\
\x73\xb9\x7a\xaf\x12\xd2\x87\x54\xe7\x4d\x7d\xe6\x31\x02\x06\x00\
\x74\xcd\xec\x94\xed\xe5\xfb\xfa\x93\xea\xfd\x4a\x48\xe7\x13\xec\
\x5c\xf5\x79\xc7\x08\x18\x00\xd0\x55\xc3\xcc\x56\x78\x83\x3a\x65\
\xc8\xaf\x05\x08\x99\x58\x42\xb0\x07\xaa\xcf\x3a\x96\x88\x01\x00\
\x5d\x97\xe7\x76\xef\x22\xd8\xd1\xbe\x87\xce\x1f\x32\x0c\x10\x32\
\xd6\xf8\xd9\x7a\xa7\xfa\x8c\x63\x89\x18\x00\xd0\x27\x0b\xbf\x1e\
\x28\xec\xe9\xc3\x60\x2f\xf4\xbd\xff\x16\xdf\x57\x1f\xaf\xce\x00\
\x21\xe3\x8c\xef\xaf\xd3\xfc\xcf\x33\x3d\x3f\xf1\x0b\xf2\x46\x75\
\xef\x9c\x68\x82\xfd\x96\x8f\x04\xb6\xd4\xc2\x66\x55\x6f\x20\x06\
\x00\x00\x1d\x35\x35\x65\xdb\x97\x99\x1d\xe4\x3d\xec\x48\xef\xb7\
\xe7\xa9\xfb\xe8\x24\x92\xe7\xf6\x64\x75\x9d\xb1\x04\x0c\x00\x00\
\xd0\x9c\xa2\xb0\xfb\x16\xc1\xde\xed\xd9\xa8\xee\xa9\xe3\x8a\xff\
\x5b\x4e\x50\xd7\x15\x4b\xc0\x00\x00\x00\xcd\x9b\x39\xdc\xee\xe0\
\x7d\xed\xc3\xc3\x0e\xbc\x2f\xc5\xef\x91\xdf\x54\x0f\xe4\x52\xd7\
\x14\x91\x18\x00\x00\x40\xa7\x0c\xf6\x58\xef\x6f\x97\xaa\xfb\xeb\
\xc8\x43\x40\x61\x0f\x57\xd7\x12\x91\x18\x00\x00\x40\x6b\xcd\x1a\
\xdb\xb3\x7a\xd3\xa0\xba\xc7\x8e\x34\x00\x04\x3b\x4a\x5d\x47\x44\
\x62\x00\x00\x00\xbd\xb9\x39\xdb\x6e\x18\xec\x53\xea\x3e\xbb\xe4\
\x04\xfb\x8a\xba\x86\x88\xc4\x00\x00\x00\x69\x58\xfc\x62\xab\x93\
\xd4\xbd\x76\x29\xa9\xde\xd4\x58\x0d\x31\xea\x1a\x22\x02\x03\x00\
\x00\xa4\xa3\x2c\x6d\xc7\xea\x11\xbb\xea\x7e\xbb\xa4\x0c\xed\x11\
\xea\xfa\x21\x02\x03\x00\x00\xa4\x25\xcb\x6c\x1f\x7f\x45\x7d\xa5\
\xba\xe7\x46\x27\xd8\x0b\xd5\xb5\x43\x04\x06\x00\x00\x48\x8f\x5f\
\xa6\x41\xdd\x73\x97\x90\xf7\xaa\xeb\x86\x08\x0c\x00\x00\x90\x22\
\x5b\xe6\xfd\xf9\x5f\xd5\x7d\x37\x2a\xc1\xce\x56\x57\x0d\x11\x18\
\x00\x00\x20\x4d\x65\xb0\x47\xab\xfb\x6e\x4c\x8a\x60\x57\xab\x6b\
\x86\x08\x0c\x00\x00\x90\xae\xb6\xfd\x14\x20\xcb\x6c\x0f\x75\xcd\
\x50\x13\x03\x00\x00\xa4\xab\xc8\x2c\x57\xf7\xde\xa8\x0c\xed\xa1\
\xea\x9a\xa1\x26\x06\x00\x00\x48\xd7\xdc\x4a\xdb\xd5\xfb\xdf\x75\
\xea\xfe\x5b\x37\x45\x61\xcf\x52\xd7\x0c\x35\x31\x00\x00\x40\xda\
\xbc\x4f\x7f\x51\xdd\x7f\xeb\xa6\xcc\x6d\xad\xba\x5e\xa8\x89\x01\
\x00\x00\xd2\xe6\xfd\xef\x48\x75\xff\xad\x9b\x22\xd8\xab\xd4\xf5\
\x42\x4d\x0c\x00\x00\x90\xb6\x32\xd8\x33\xd4\xfd\x37\x22\xc7\xaa\
\xeb\x85\x9a\x18\x00\x00\x20\x6d\x33\x99\xdd\x47\xdd\x7f\x6b\x27\
\xd8\x71\xea\x7a\xa1\x26\x06\x00\x00\x48\x5b\x59\xda\x6d\xd4\xfd\
\xb7\x6e\x8a\x60\x27\xa8\xeb\x85\x9a\x18\x00\x00\x20\x6d\x0b\x5f\
\x15\x9c\x40\x0f\xae\x35\x00\xe4\xf6\x31\x75\xbd\x50\x13\x03\x00\
\x00\xa4\x4f\xdd\x7f\x23\x06\x80\x4f\xa8\x6b\x85\x9a\x18\x00\x00\
\x20\x7d\xea\xfe\xcb\x00\xd0\x41\x0c\x00\x00\x90\x3e\x75\xff\x65\
\x00\xe8\x20\x06\x00\x00\x48\x9f\xba\xff\x32\x00\x74\x10\x03\x00\
\x00\xa4\x4f\xdd\x7f\x19\x00\x3a\x88\x01\x00\x00\xd2\xa7\xee\xbf\
\x0c\x00\x1d\xc4\x00\x00\x00\xe9\x53\xf7\x5f\x06\x80\x0e\x62\x00\
\x00\x80\xf4\xa9\xfb\x2f\x03\x40\x07\x31\x00\x00\x40\xfa\xd4\xfd\
\x97\x01\xa0\x83\x18\x00\x00\x20\x7d\xea\xfe\xcb\x00\xd0\x41\x0c\
\x00\x00\x90\x3e\x75\xff\x65\x00\xe8\x20\x06\x00\x00\x48\x9f\xba\
\xff\x32\x00\x74\x10\x03\x00\x00\xa4\x4f\xdd\x7f\x19\x00\x3a\x88\
\x01\x00\x00\xd2\xa7\xee\xbf\x0c\x00\x1d\xc4\x00\x00\x00\xe9\x53\
\xf7\x5f\x06\x80\x0e\x62\x00\x00\x80\xf4\xa9\xfb\x2f\x03\x40\x07\
\x31\x00\x00\x40\xfa\xd4\xfd\x97\x01\xa0\x83\x18\x00\x00\x20\x7d\
\xea\xfe\xcb\x00\xd0\x41\x0c\x00\x00\x90\x3e\x75\xff\x65\x00\xe8\
\x20\x06\x00\x00\x48\x9f\xba\xff\x32\x00\x74\x10\x03\x00\x00\xa4\
\x4f\xdd\x7f\x19\x00\x3a\x88\x01\x00\x4b\x67\xcb\xf2\xdc\xee\x5d\
\x04\x5b\xe9\xeb\xb3\xc1\xff\x3c\xbe\xda\x4f\x84\x90\xf1\x47\xdd\
\x7f\x6b\x27\xd8\xc5\xea\x5a\x45\xd5\x35\xd8\x71\xde\xbb\xfe\xde\
\xff\x9c\xf5\x7e\xf6\xa8\x10\x6c\x17\x75\x67\x6d\x4c\x9b\x36\x96\
\xba\x56\xa8\xd8\xb2\x61\x66\x2b\x16\x2e\xfb\x60\x3f\x57\xef\x09\
\x42\x08\x19\x67\xbc\xaf\xdd\xe0\xc3\xc0\x97\xfc\xbf\xd7\xaf\x5b\
\x6d\xbb\xab\x3b\xee\x44\x31\x00\xa0\x8e\xc1\xc0\x96\xfb\x74\xbc\
\xca\x0f\xc6\xf7\xd5\xfb\x80\x10\x42\x1a\xca\x75\xde\xf3\xde\x1f\
\x82\xed\xad\xee\xc1\x13\xc1\x00\x80\x9b\x53\x06\x3b\xc0\xeb\x7f\
\xbe\x7a\xfd\x09\x21\x44\x91\x22\xd8\x46\xff\xf3\x8d\xeb\x07\xb6\
\x83\xba\x1f\x8f\x15\x03\x00\xfe\x9c\xea\x55\xbf\x6f\xfc\xd7\x78\
\xed\x37\xab\xd7\x9e\x10\x42\xd4\xf1\xfb\xf2\x7b\x21\xd8\x03\xd5\
\xbd\x79\x6c\x18\x00\x70\x53\x66\x67\x6d\x67\xbf\xfc\xff\x45\xbd\
\xe6\x84\x10\x92\x52\xaa\x9f\x06\x14\x99\x1d\xa6\xee\xd1\x63\xc1\
\x00\x80\x3f\x35\x35\x65\xb7\xf2\x4d\xfe\x0d\xf5\x7a\x13\x42\x48\
\xa2\xd9\xec\x43\x40\xae\xee\xd5\x23\x63\x00\xc0\x1f\xf2\xcb\x7f\
\x7b\xbf\xfc\xbf\xa6\x5e\x6b\x42\x08\x49\x3c\x9b\xf3\xdc\xfe\x46\
\xdd\xb3\x47\xc2\x00\x80\x3f\xe4\x75\xfe\xb0\x7a\x9d\x09\x21\xa4\
\x25\xb9\x6e\x38\xb4\x87\xaa\xfb\xf6\x92\x31\x00\xe0\xbf\xf9\x2b\
\xff\x69\xf5\x1a\x13\x42\x48\x9b\xe2\x7d\xf3\xa2\xd6\x3e\x2f\x80\
\x01\x00\x95\x3c\xb7\xdb\xfa\x46\xbe\x52\xbd\xc6\x84\x10\xd2\xc2\
\x7c\x58\xdd\xc3\x97\x84\x01\x00\x95\xea\xc9\x7e\xea\xf5\x25\x84\
\x90\x96\x66\x4b\x19\xec\x60\x75\x1f\x8f\xc6\x00\x80\x99\x29\xbb\
\x8b\x0f\x00\x9b\xd4\xeb\x4b\x08\x21\x6d\x8d\xdf\xa5\xe7\xa8\x7b\
\x79\x34\x06\x00\xf8\x1e\x78\x8b\x7a\x6d\x09\x21\xa4\xf5\xc9\x6c\
\x85\xba\x9f\x47\x61\x00\xe8\xb7\xb2\xb4\x6d\xbc\xb6\xbf\x52\xaf\
\x2d\x21\x84\xb4\x3e\xc1\x3e\xa5\xee\xe9\x51\x18\x00\xfa\x2d\xcf\
\xed\x71\xea\x75\x25\x84\x90\x2e\xc4\xef\xd3\x6b\xab\xa7\xa8\xaa\
\xfb\x7a\x6d\x0c\x00\xfd\xe6\x75\x7d\xa3\x7a\x5d\x09\x21\xa4\x2b\
\x29\x0a\x7b\x96\xba\xaf\xd7\xc6\x00\xd0\x6f\xc3\x60\x67\xab\xd7\
\x95\x10\x42\xba\x92\xea\x3d\x55\xea\xbe\x5e\x1b\x03\x40\x7f\xcd\
\xcd\xd9\x76\x8b\x5f\x73\x29\x5f\x5b\x42\x08\xe9\x42\xfc\x4e\xfd\
\xaa\xba\xb7\xd7\xc6\x00\xd0\x5f\x65\xb0\x03\xd4\x6b\x4a\x08\x21\
\x1d\xcb\xaf\xd4\xbd\xbd\x36\x06\x80\xfe\xf2\x57\xff\x7f\xab\x5e\
\x53\x42\x08\xe9\x52\xbc\xaf\xde\x38\x18\xd8\x72\x75\x7f\xaf\x85\
\x01\xa0\xbf\x86\xc1\xfe\x51\xbd\xa6\x84\x10\xd2\xb5\xe4\xb9\xed\
\xa6\xee\xef\xb5\x30\x00\xf4\x57\xf5\x25\x16\xea\x35\x25\x84\x90\
\xae\x65\x6e\xa5\xed\xaa\xee\xef\xb5\x30\x00\xf4\x53\x59\xda\xed\
\xd4\xeb\x49\x08\x21\x5d\x4c\xf5\x06\x6b\x75\x8f\xaf\x85\x01\xa0\
\x9f\xf2\xdc\xfe\x46\xbd\x9e\x84\x10\xd2\xb5\x14\xc1\x2e\x57\xf7\
\xf7\xda\x18\x00\xfa\xc9\x37\xe9\x1b\xd4\xeb\x49\x08\x21\x9d\x4b\
\xb0\xb3\xd5\xfd\xbd\x36\x06\x80\x7e\xf2\x75\xff\xb2\x7a\x3d\x09\
\x21\xa4\x83\xf9\xa0\xba\xbf\xd7\xc6\x00\xd0\x3f\xf3\xf3\xb6\xb5\
\xd7\xf3\x1a\xf5\x7a\x12\x42\x48\xd7\x52\x04\x5b\xa3\xee\xf1\xb5\
\x31\x00\xf4\x4f\x39\x6d\x0f\x52\xaf\x25\x21\x84\x74\x31\x79\x6e\
\xfb\xa9\x7b\x7c\x6d\x0c\x00\xfd\x53\x14\xb6\x4e\xbd\x96\x84\x10\
\xd2\xb5\xf8\x7d\x7a\x55\x6b\x1e\x02\x54\x61\x00\xe8\x1f\x5f\xf3\
\x13\xd5\x6b\x49\x08\x21\x5d\x8b\xf7\xd6\xcf\xa9\xfb\x7b\x14\x06\
\x80\xfe\xf1\x35\xff\x81\x7a\x2d\x09\x21\xa4\x83\xd9\xa0\xee\xef\
\x51\x18\x00\xfa\x65\xdd\x6a\xdb\xdd\x6b\xb9\x45\xbd\x96\x84\x10\
\xd2\xb5\x14\x85\x3d\x41\xdd\xe3\xa3\x30\x00\xf4\x4b\x19\xec\x50\
\xf5\x3a\x12\x42\x48\xd7\x52\x7d\x09\x50\x59\xda\x2d\xd5\x3d\x3e\
\x0a\x03\x40\xbf\xf8\x26\x7d\x8d\x7a\x1d\x09\x21\xa4\x6b\xf1\xbb\
\xf4\xdb\xea\xfe\x1e\x8d\x01\xa0\x5f\x86\xc1\x3e\xaf\x5e\x47\x42\
\x08\xe9\x5a\xfc\xc5\xd5\xbb\xd5\xfd\x3d\x1a\x03\x40\x9f\xd8\x32\
\xaf\xe3\x15\xea\x75\x24\x84\x90\xae\xa5\xcc\x6d\x4a\xdd\xe1\xa3\
\x31\x00\xf4\x47\x51\xd8\x7d\xd5\x6b\x48\x08\x21\x5d\xcc\xcc\xb4\
\xdd\x43\xdd\xe3\xa3\x31\x00\xf4\x47\x91\x59\xae\x5e\x43\x42\x08\
\xe9\x5a\x8a\x60\xbf\xae\x7e\xc2\xaa\xee\xf1\xd1\x18\x00\xfa\xc3\
\x37\xe9\xf1\xea\x35\x24\x84\x90\xce\x25\xd8\x3f\xab\xfb\xfb\x92\
\x30\x00\xf4\x87\xd7\xf0\x3b\xea\x35\x24\x84\x90\xae\xc5\x5f\x5c\
\x1d\xa1\xee\xef\x4b\xc2\x00\xd0\x0f\x21\xd8\x2e\x5e\xc3\xcd\xea\
\x35\x24\x84\x90\xae\xa5\x0c\x76\xb0\xba\xc7\x2f\x09\x03\x40\x3f\
\x0c\x33\x3b\x44\xbd\x7e\x84\x10\xd2\xb5\xf8\xab\xff\x1b\xca\xd2\
\x76\x54\xf7\xf8\x25\x61\x00\xe8\x07\xdf\xa4\xaf\x52\xaf\x5f\x54\
\x82\xbd\x5f\x5d\x33\x00\x1a\x7e\xfe\x83\xbc\x07\xd5\xef\x55\x67\
\xab\xeb\xb5\x64\x0c\x00\xfd\xe0\x9b\xf4\x14\xf5\xfa\xc5\xc4\x07\
\x96\xa1\xba\x66\x00\x34\xfc\x5e\x7a\x9f\xba\x07\x45\xe4\x58\x75\
\xbd\x96\x8c\x01\xa0\x0f\x16\x1e\x00\xf4\x2b\xf5\xfa\xc5\x24\x04\
\xbb\x9f\xba\x6a\x00\x34\xbc\x07\x5c\xa0\xee\x41\x75\x53\x64\x76\
\x98\xba\x5e\x4b\xc6\x00\xd0\x7d\x79\x6e\x77\x57\xaf\x5d\xd4\x81\
\xca\xed\xaa\xc1\xc0\x96\xab\xeb\x06\xa0\x79\x6d\xfb\xc6\xd2\xa2\
\xb0\x3b\xaa\x6b\xb6\x64\x0c\x00\xdd\xe7\x03\xc0\x2a\xf5\xda\x45\
\x25\xd8\xe7\xd5\x35\x03\xa0\xe1\xfd\xea\xa9\xf2\x1e\x54\xf7\xf2\
\x0f\x76\x91\xba\x5e\x23\x61\x00\xe8\x3e\xdf\xa4\x6f\x57\xaf\x5d\
\xe4\xa1\x3a\x4a\x5d\x33\x00\x1a\xde\x03\x8e\x51\xf7\xa0\xda\xbd\
\x2a\xb7\x8f\xa9\xeb\x35\x12\x06\x80\xee\xf3\x35\x3e\x47\xbd\x76\
\x31\x29\x73\x7b\xa2\xba\x66\x00\x34\xbc\x5f\x7d\x55\xdd\x83\x22\
\x7a\xd5\x0b\xd4\xf5\x1a\x09\x03\x40\xb7\xad\x1f\xd8\x0e\x5e\xbb\
\xeb\xd5\x6b\x17\x91\x2d\x79\x6e\xbb\xa9\xeb\x06\xa0\x79\x83\x81\
\x6d\xeb\x77\xd2\xb5\x09\xf4\xa1\x7a\x19\xda\x43\xd5\x35\x1b\x09\
\x03\x40\xb7\x95\x99\x1d\xa4\x5e\xb7\xa8\x04\xfb\xbe\xba\x66\x00\
\x34\xca\x60\x07\xc8\x7b\x50\xcd\x54\x83\x4a\x35\xb0\xa8\x6b\x36\
\x12\x06\x80\x6e\x2b\x82\xbd\x54\xbd\x6e\x91\x87\xea\x7d\xea\x9a\
\x01\xd0\xf0\x17\x00\x2f\x51\xf7\xa0\x88\x5e\x75\xa6\xba\x5e\x23\
\x63\x00\xe8\x36\x5f\xdf\x4f\xaa\xd7\x2d\x26\x65\x6e\x85\xba\x66\
\x00\x34\xbc\x07\x9c\xa4\xee\x41\xb5\x07\x80\x60\x47\xab\xeb\x35\
\x32\x06\x80\x6e\xf3\xf5\xbd\x44\xbd\x6e\x51\x87\xaa\xb0\xfb\xaa\
\x6b\x06\x40\xc3\xfb\xd5\x2f\xd4\x3d\xa8\x6e\xaa\x8f\x2b\xaa\xeb\
\x35\x32\x06\x80\xee\x9a\x9e\xb6\x3b\xa9\xd7\x2c\xea\xf2\xcf\xed\
\xaa\xf9\x79\xbb\x85\xba\x6e\x00\x9a\xd7\xb2\x07\x96\x6d\xc9\x32\
\xdb\x43\x5d\xb3\x91\x31\x00\x74\x57\x99\xdb\x40\xbd\x66\x91\x03\
\xc0\xe7\xd4\x35\x03\xa0\xe1\xfd\x6a\x4a\xdd\x83\x22\x72\x81\xba\
\x5e\x63\xc1\x00\xd0\x5d\x45\xb0\x37\xa9\xd7\x2c\x32\x1b\xd4\x35\
\x03\xa0\xe1\xe7\xff\x3d\x09\xf4\xa0\xba\xf9\x80\xba\x5e\x63\xc1\
\x00\xd0\x5d\xc3\x60\x67\xa9\xd7\x2c\x26\x45\x61\x4f\x50\xd7\x0c\
\x80\x86\xdf\x45\xdf\x53\xf7\xa0\x88\x5e\x55\xaa\xeb\x35\x16\x0c\
\x00\xdd\x54\x96\xb6\x4d\xab\x1e\xa8\x91\xdb\x96\xb5\x6b\xed\xd6\
\xea\xba\x01\x68\x5e\x75\xf6\x8b\x60\x37\x26\xd0\x87\x6a\xa5\x33\
\xdf\x56\xca\x00\xd0\x4d\xd5\x13\xaa\xd4\xeb\x15\x93\x6a\xfa\x57\
\xd7\x0c\x80\x46\x19\xec\x50\x75\x0f\x8a\xc8\x15\x9d\x79\xb3\x32\
\x03\x40\x37\xf9\x34\x3d\xa7\x5e\xaf\xc8\xbc\x57\x5d\x33\x00\x1a\
\x7e\xfe\x5f\x9f\x40\x0f\xaa\x15\xef\xad\x9f\x55\xd7\x6b\x6c\x18\
\x00\xba\xc9\x37\xe9\x47\xd4\xeb\x15\x75\xa8\x32\xcb\xd5\x35\x03\
\xa0\x51\x3d\x55\x4f\xdd\x83\x22\x72\xa4\xba\x5e\x63\xc3\x00\xd0\
\x4d\x5e\xaf\x0b\xd5\xeb\x15\x13\x1e\x00\x04\xf4\xd3\xc2\xfb\x95\
\x82\xfd\x5e\xdd\x83\x6a\x27\xb3\x43\xd4\x35\x1b\x1b\x06\x80\xee\
\x59\xb3\xc6\xf6\x54\xaf\x55\xd4\xe5\x1f\xec\xca\xce\xfc\x4e\x0d\
\x40\x94\x3c\xb7\xfd\xd5\x3d\x28\x22\x9b\xe7\x56\xda\xae\xea\x9a\
\x8d\x0d\x03\x40\xf7\x0c\x83\x3d\x4d\xbd\x56\x51\x03\x00\x0f\x00\
\x02\x7a\xcb\x7b\xc0\x7a\x75\x0f\xaa\x9d\x60\xdf\x54\xd7\x6b\xac\
\x18\x00\xba\x67\xd8\xa2\x37\xd4\x2c\x66\x83\xba\x66\x00\x34\xda\
\xf4\x85\x65\x45\xb0\x77\xaa\xeb\x35\x56\x0c\x00\xdd\xe3\x53\xea\
\x17\xd4\x6b\x15\x75\xa8\x78\x00\x10\xd0\x5b\x7e\xa9\xfe\x5c\xdd\
\x83\x6a\x27\xd8\x6a\x75\xbd\xc6\x8a\x01\xa0\x5b\xaa\xdf\xa5\x57\
\x5f\xaa\xa3\x5e\xab\x88\xf0\x00\x20\xa0\xa7\x7c\xf8\xbf\x6b\x02\
\x3d\xa8\x76\xca\xd2\xee\xa6\xae\xd9\x58\x31\x00\x74\x4b\x9e\xdb\
\x7e\xea\x75\x8a\x09\x0f\x00\x02\xfa\xcb\xfb\xd5\x2a\x75\x0f\xaa\
\xdd\xab\x82\xfd\x52\x5d\xaf\xb1\x63\x00\xe8\x96\xea\x19\xd5\xea\
\x75\x8a\x0c\x0f\x00\x02\x7a\xca\xcf\xff\xbb\x12\xe8\x41\x75\x73\
\x92\xba\x5e\x63\xc7\x00\xd0\x2d\xbe\x9e\xef\x53\xaf\x53\x4c\x78\
\x00\x10\xd0\x5f\xde\xaf\xbe\xad\xee\x41\xb5\x7b\x55\xb0\x97\xaa\
\xeb\x35\x76\x0c\x00\xdd\xd2\xa6\x6f\xd4\xaa\x32\x93\xd9\x7d\xd4\
\x35\x03\xd0\xbc\xea\xf3\xf4\xde\x03\x36\xab\x7b\x50\xdd\xe4\xb9\
\x1d\xa8\xae\xd9\xd8\x31\x00\x74\x47\x59\xda\x2d\xdb\xf4\x8d\x5a\
\xc3\x2e\x7d\xa9\x06\x80\x28\x65\x6e\x4f\x4c\xa0\x07\xd5\x8a\xf7\
\xd5\x8d\x53\x53\xb6\xbd\xba\x66\x63\xc7\x00\xd0\x1d\x65\xb0\xc7\
\xab\xd7\x28\x2a\xc1\x4e\x57\xd7\x0c\x80\x86\x5f\xaa\xaf\x91\xf7\
\xa0\xfa\xbd\xea\xeb\xea\x7a\x4d\x04\x03\x40\x77\xf8\x81\x9a\x57\
\xaf\x51\x4c\xaa\xbf\xaf\xba\x66\x00\x34\x5a\xf6\xbc\x92\x37\xab\
\xeb\x35\x11\x0c\x00\xdd\xe1\x6b\xf9\x19\xf5\x1a\xc5\xa4\xfa\x89\
\x85\xba\x66\x00\x9a\x37\x3f\x6f\x5b\xfb\x0b\x80\xab\xd5\x3d\xa8\
\x6e\x8a\xc2\x9e\xa5\xae\xd9\x44\x30\x00\x74\x85\x2d\xf3\xb5\xfc\
\x8d\x7a\x8d\x22\xc2\x03\x80\x80\x9e\xf2\x0b\xf5\xc1\x09\xf4\xa0\
\xda\x99\x39\xdc\xee\xa0\xae\xd9\x44\x30\x00\x74\x43\x08\x76\x2f\
\xf5\xfa\x44\x25\xd8\x77\xd5\x35\x03\xa0\x51\xe6\xf6\x02\x79\x0f\
\xaa\x19\xbf\x23\x7f\xa2\xae\xd7\xc4\x30\x00\x74\x83\x1f\xa8\x29\
\xf5\xfa\x44\x1d\xaa\x60\xc7\xab\x6b\x06\x40\xc3\x7b\xc0\xc7\xd5\
\x3d\x28\xa2\x57\x7d\x44\x5d\xaf\x89\x61\x00\xe8\x86\xea\x5b\xaa\
\xd4\xeb\x13\x95\x60\x41\x5d\x33\x00\x1a\x7e\xfe\x2f\x96\xf7\xa0\
\xfa\x79\xbe\xba\x5e\x13\xc3\x00\xd0\x0d\x5e\x9f\xf3\xd5\xeb\x13\
\x93\x3c\xb7\x7b\xab\x6b\x06\xa0\x79\x21\xd8\xde\xea\xfe\x13\x93\
\x72\xda\x1e\xa4\xae\xd9\xc4\x30\x00\xb4\x5f\x59\xda\x8e\x45\xb0\
\x4d\xea\xf5\x89\x08\x0f\x00\x02\x7a\xaa\x28\xec\xb9\x09\xf4\xa0\
\xba\xb9\xa6\xfa\xc4\x82\xba\x66\x13\xc3\x00\xd0\x7e\xc3\xcc\x56\
\xa8\xd7\x26\x26\x3e\xac\x7c\x56\x5d\x33\x00\x1a\xc3\x60\xef\x50\
\xf7\xa0\xda\xbd\x2a\xb7\x2f\xaa\xeb\x35\x51\x0c\x00\xed\xe7\x17\
\xea\x11\xea\xb5\x89\xcc\x91\xea\x9a\x01\xd0\xf0\x01\xe0\x9b\x09\
\xf4\xa0\x7a\x03\x40\xb0\xd7\xa9\xeb\x35\x51\x0c\x00\xed\xe7\x6b\
\xf8\x69\xf5\xda\xc4\x24\xcf\xed\x71\xea\x9a\x01\x68\x5e\x08\xb6\
\xcb\xb0\x45\x5f\x00\x54\x06\x3b\x54\x5d\xb3\x89\x62\x00\x68\x3f\
\xaf\xcd\xa5\xea\xb5\xa9\x9b\xea\xcb\x8a\xaa\x2f\x2d\x52\xd7\x0c\
\x40\xf3\xaa\xe1\x5f\xdd\x83\x22\xb2\xc5\xff\xbe\xbb\xa9\x6b\x36\
\x51\x0c\x00\xed\x36\x33\x65\x77\x51\xaf\x4b\x64\xbe\xa3\xae\x19\
\x00\x0d\x3f\xff\x1b\x12\xe8\x41\xf5\x12\xec\xfb\xea\x7a\x4d\x1c\
\x03\x40\xbb\xf9\x26\x7d\x8e\x7a\x5d\x22\xf3\x1e\x75\xcd\x00\x68\
\x78\xbf\xfa\x7c\x02\x3d\xa8\x6e\xde\xab\xae\xd7\xc4\x31\x00\xb4\
\x9b\xd7\xe5\x58\xf5\xba\xc4\x24\xcf\x2d\x53\xd7\x0c\x40\xf3\x06\
\x03\x5b\x5e\x04\xbb\x52\xdd\x83\xea\xa6\xc8\x2c\x57\xd7\x6c\xe2\
\x18\x00\xda\xad\xfa\x9e\x6a\xf5\xba\xc4\xa4\x2c\x6d\x5f\x75\xcd\
\x00\x34\xaf\x28\xec\xaf\xd4\xfd\x27\x26\xbd\x78\x58\x19\x03\x40\
\x7b\xcd\xcd\xd9\x76\x3e\x51\x6f\x54\xaf\x4b\x44\x78\x00\x10\xd0\
\x53\x3e\x00\xac\x4b\xa0\x07\xd5\x8a\xf7\xd5\xcb\x7b\xd1\xab\x18\
\x00\xda\xcb\x0f\xd4\xc3\xd5\x6b\x12\x75\xa8\x72\xfb\x8c\xba\x66\
\x00\x34\x86\xc1\x3e\xaa\xee\x41\xb5\x13\xec\x34\x75\xbd\x1a\xc1\
\x00\xd0\x5e\x45\x66\x2f\x52\xaf\x49\x4c\xca\xdc\x5e\xad\xae\x19\
\x00\x0d\x7f\x55\x7d\x91\xba\x07\xd5\x8d\xff\x5d\x5f\xa5\xae\x57\
\x23\x18\x00\xda\xcb\xd7\xee\x63\xea\x35\x89\x4a\x66\x87\xa8\x6b\
\x06\xa0\x79\x33\x87\xdb\x1d\xe4\xfd\x27\x66\x00\x28\xec\x31\xea\
\x9a\x35\x82\x01\xa0\xbd\x7c\xed\x7e\xa2\x5e\x93\xda\x07\x8a\x07\
\x00\x01\xbd\x95\xe7\xf6\x6c\x75\x0f\x8a\xc8\xe6\xd9\x59\xdb\x59\
\x5d\xb3\x46\x30\x00\xb4\xd3\x9a\x35\xb6\xa7\x7a\x3d\xa2\x06\x80\
\xdc\xbe\xad\xae\x19\x00\x0d\x7f\x01\xf0\x56\x75\x0f\x8a\xe8\x55\
\xe7\xa9\xeb\xd5\x18\x06\x80\x76\x2a\x83\x3d\x43\xbd\x1e\x51\x09\
\x76\x9c\xba\x66\x00\x34\xfc\xfc\x9f\x2b\xef\x41\x75\x07\x80\x60\
\x6f\x57\xd7\xab\x31\x0c\x00\xed\xe4\xf5\x38\x46\xbd\x1e\x91\x87\
\x6a\x5a\x5d\x33\x00\xcd\x5b\xb5\xca\x76\xf2\xf3\xbf\x49\xdd\x83\
\xea\xa6\xcc\xed\x79\xea\x9a\x35\x86\x01\xa0\x9d\x7c\xdd\xce\x54\
\xaf\x47\x4c\x42\xb0\x7b\xa9\x6b\x06\xa0\x79\xd5\x1b\xea\xd4\xfd\
\x27\x26\xd5\xf7\xab\xa8\x6b\xd6\x18\x06\x80\xf6\x59\x7c\xa4\xe6\
\xd5\xea\xf5\xa8\x9b\xea\xa1\x1a\x5b\x6d\x65\xcb\xd4\x75\x03\xd0\
\xbc\xea\xe3\xbf\xea\x1e\x54\x3b\xc1\x2e\x53\xd7\xab\x51\x0c\x00\
\xed\xe3\xaf\xa6\x1f\xa8\x5e\x8b\xc8\x43\xd5\x8f\x87\x6a\x00\xf8\
\x1f\xfc\xfc\x9f\x2e\xef\x41\x35\xe3\xf7\xe1\x27\xd5\xf5\x6a\x14\
\x03\x40\xfb\xf8\x44\xbd\x56\xbd\x16\x51\x87\xaa\x2f\x0f\xd5\x00\
\xf0\x47\xaa\xc7\xe9\xb6\xe9\x0b\x80\xbc\xb7\xbe\x58\x5d\xb3\x46\
\x31\x00\xb4\x8f\x1f\xa8\x13\xd4\x6b\x11\x75\xa8\x82\x3d\x56\x5d\
\x33\x00\xcd\xcb\x73\xdb\x4f\xdd\x7f\x22\x7b\xd5\x01\xea\x9a\x35\
\x8a\x01\xa0\x7d\xbc\x16\x17\xa8\xd7\xa2\x6e\xaa\x07\x00\xcd\xad\
\xb4\x5d\xd5\x35\x03\xd0\x3c\x3f\xff\x6b\xd4\x3d\x28\xa2\x57\x6d\
\xac\xbe\x60\x4d\x5d\xb3\x46\x31\x00\xb4\xcb\xd4\x94\xdd\xca\x6b\
\xb1\x45\xbd\x16\xb5\x13\xec\xdf\xd5\x35\x03\xa0\xe1\xe7\xff\x43\
\xf2\x1e\x54\xbf\x57\x9d\xa5\xae\x57\xe3\x18\x00\xda\x65\x98\xd9\
\x93\xd4\xeb\x10\x79\xa8\x78\x00\x10\xd0\x53\x7e\xfe\x7f\x2c\xef\
\x41\xf5\xf3\x46\x75\xbd\x1a\xc7\x00\xd0\x2e\x5e\x87\x0d\xea\x75\
\x88\x09\x0f\x00\x02\xfa\x69\x76\xca\xf6\x52\xf7\x9f\xa8\x5e\x95\
\xd9\x5f\xab\x6b\xd6\x38\x06\x80\x76\xf1\xf5\xfa\x9c\x7a\x1d\x62\
\xc2\x03\x80\x80\x7e\x2a\x0a\x7b\x96\xba\xff\xc4\xa4\x1a\x58\xd4\
\x35\x6b\x1c\x03\x40\x9b\xd8\xb2\xea\xa1\x3a\xea\x75\xa8\x9d\x60\
\xbf\xe5\x01\x40\x40\x3f\x79\x0f\x38\x56\xde\x83\xea\xe7\x42\x75\
\xbd\x24\x18\x00\xda\x63\x26\xb3\xfb\xa8\xd7\x20\x2a\x3c\x00\x08\
\xe8\x2d\x3f\xff\x67\xcb\x7b\x50\xfd\x5e\xf5\x21\x75\xbd\x24\x18\
\x00\xda\xc3\x37\x69\x50\xaf\x41\x4c\x78\x00\x10\xd0\x4f\xeb\x07\
\xb6\x83\xf7\x80\xeb\xd5\x3d\x28\x62\x00\x98\x55\xd7\x4c\x82\x01\
\xa0\x3d\xaa\x77\xd4\xab\xd7\x20\x26\x3c\x00\x08\xe8\xa7\x61\x66\
\x2b\xd4\xfd\x27\x26\x45\x61\x7f\xa5\xae\x99\x04\x03\x40\x7b\x54\
\x9f\xa9\x57\xaf\x41\xed\x03\xc5\x03\x80\x80\xde\xf2\xf3\xff\x4a\
\x75\x0f\x8a\xe8\x55\x57\xcf\xcf\xdb\xd6\xea\x9a\x49\x30\x00\xb4\
\x43\x08\xb6\x8b\xd7\x60\xb3\x7a\x0d\x6a\x87\x07\x00\x01\xbd\x55\
\xbd\xff\x47\xde\x83\xea\x0e\x00\xb9\x9d\xa1\xae\x97\x0c\x03\x40\
\x3b\xb4\xed\x3b\xb5\x7d\xaa\x7e\xb7\xba\x66\x00\x14\x6c\x59\xf5\
\x09\x20\x75\x0f\x8a\xe8\x55\x47\xa9\x2b\x26\xc3\x00\xd0\x0e\x6d\
\xfa\x91\x5a\x95\x32\xb7\x29\x75\xcd\x00\x34\xcf\x5f\xac\xdc\x57\
\xdd\x7f\x22\x7b\xd5\x13\xd5\x35\x93\x61\x00\x68\x07\x5f\xa7\x93\
\xd5\xf5\x8f\x89\x37\x81\x7b\xaa\x6b\x06\xa0\x79\x7e\xf6\x4b\x75\
\xff\x89\xc8\x96\xb5\x6b\xed\xd6\xea\x9a\xc9\x30\x00\xb4\xc3\x30\
\xd8\x65\xea\xfa\xd7\xbe\xfc\x73\xfb\x0d\x0f\x00\x02\xfa\xa9\x55\
\x5f\x57\x1e\xec\xbb\xea\x7a\x49\x31\x00\xa4\x2f\xcb\x6c\x1f\x75\
\xed\x23\x07\x80\x53\xd5\x35\x03\xa0\xe1\x97\xea\x0f\xd5\x3d\x28\
\x22\xef\x51\xd7\x4b\x8a\x01\x20\x7d\x65\x6e\xcf\x53\xd7\x3e\x32\
\x7f\xa7\xae\x19\x80\xe6\xad\x59\x63\x7b\x26\xd0\x7f\x6a\x27\xcf\
\x2d\x53\xd7\x4c\x8a\x01\x20\x7d\xfe\x6f\x7f\x9b\xba\xf6\x31\xa9\
\x3e\xb1\xa0\xae\x19\x80\xe6\x55\xdf\xa8\xa7\xee\x3f\x31\xe9\xfd\
\x97\x95\x31\x00\xa4\xaf\x08\xf6\x0d\x75\xed\x23\xb2\x99\x07\x00\
\x01\xfd\xe4\xbd\xea\x4d\x09\xf4\xa0\x5a\xe1\xbd\x4a\x5b\x31\x00\
\xa4\x6e\x6a\xca\xb6\x1f\xb6\xe8\x99\xda\xbe\x9f\xbe\xa5\xae\x19\
\x00\x8d\x61\xb0\xaf\xab\x7b\x50\xed\x5e\x15\xec\x5f\xd4\xf5\x92\
\x63\x00\x48\x5b\x9e\xdb\x81\xea\xba\x47\xe6\x5d\xea\x9a\x01\x68\
\xde\xdc\x9c\x6d\xe7\x97\xea\xc6\x04\x7a\x50\xdd\xbc\x42\x5d\x33\
\x39\x06\x80\xb4\x95\xb9\xbd\x58\x5d\xf7\x98\x14\x99\x1d\xae\xae\
\x19\x80\xe6\x95\x99\x1d\xa4\xee\x3f\x51\xc9\x6c\x85\xba\x66\x72\
\x0c\x00\x69\x6b\xd3\xfa\x54\x99\x99\xb6\x7b\xa8\x6b\x06\xa0\x79\
\xfe\xea\xff\x08\x75\xff\xa9\x1b\xff\xbb\x6e\x5a\xb5\xca\x76\x52\
\xd7\x4c\xae\x4d\x17\x8c\xba\x56\x0a\xfe\xef\xfe\x99\xba\xee\xb5\
\x0f\x15\x6f\xaa\x01\x7a\xab\xfa\x9d\xba\xba\x07\x45\xf4\xaa\x73\
\xd4\xf5\x4a\x02\x03\x40\xba\x42\xb0\xdb\xab\x6b\x1e\x95\x60\xa7\
\xa8\x6b\x06\x40\xc1\x96\x79\x0f\xf8\x95\xbc\x07\xd5\x1d\x00\x82\
\xbd\x55\x5d\xb1\x24\x30\x00\xa4\xcb\x2f\xd4\x67\xaa\x6b\x1e\x79\
\xa8\x5e\xa9\xae\x19\x80\xe6\x95\xa5\xed\xab\xee\x3f\x51\x09\xf6\
\x1c\x75\xcd\x92\xc0\x00\x90\x2e\xff\x37\xbf\x51\x5d\xf3\x98\x94\
\xc1\x1e\xad\xae\x19\x80\xe6\x15\x99\xe5\xea\xfe\x13\xd5\xab\x4a\
\xbb\xb3\xba\x66\x49\x60\x00\x48\x97\x4f\xa9\x5f\x51\xd7\x3c\x22\
\x9b\x67\x67\x6d\x67\x75\xcd\x00\x34\xcf\xef\x91\xf7\x25\xd0\x83\
\xea\xe6\x52\x75\xbd\x92\xc1\x00\x90\x26\x9f\x50\xb7\x29\x82\xfd\
\x5e\x5d\xf3\xda\x09\xf6\x4d\x75\xcd\x00\x68\x78\x0f\xb8\x40\xde\
\x83\xea\xe7\xe3\xea\x7a\x25\x83\x01\x20\x4d\x65\xb0\x87\xa8\xeb\
\x1d\x13\x1f\x56\xde\xa9\xae\x19\x80\xe6\xf9\x8b\x95\xdb\x78\x0f\
\xd8\xa2\xee\x41\xb5\x7b\x55\x66\x2f\x52\xd7\x2c\x19\x0c\x00\x69\
\xf2\x7f\xef\xf3\xd5\xf5\x8e\x4a\xb0\xd5\xea\x9a\x01\x68\x9e\x9f\
\xfd\xa7\xc9\xfb\x4f\x44\xf2\xdc\xf6\x57\xd7\x2c\x19\x0c\x00\x69\
\xf2\x43\xf5\x21\x75\xbd\x23\x0f\xd5\xdd\xd5\x35\x03\xd0\xbc\x22\
\xd8\x1b\xd4\xfd\x27\x22\xd7\x0d\x06\xb6\xad\xba\x66\xc9\x60\x00\
\x48\x93\x0f\x00\x3f\x54\xd7\xbb\x6e\xbc\x01\xfc\x9a\x07\x00\x01\
\xfd\xe4\xbd\xea\x2c\x75\x0f\xaa\x9d\x60\x5f\x51\xd7\x2b\x29\x0c\
\x00\xe9\x59\xb7\xda\x76\x1f\xb6\xe9\x77\x6a\x7c\xab\x16\xd0\x4b\
\xd5\x17\x00\x79\x0f\xb8\x4e\xdd\x83\x22\x72\x8c\xba\x66\x49\x61\
\x00\x48\x4f\x51\xd8\x53\xd4\xb5\x8e\x0c\xdf\xaa\x05\xf4\xd0\x70\
\x68\x8f\x48\xa0\xff\xd4\x8e\xf7\xd6\xa7\xab\x6b\x96\x14\x06\x80\
\xf4\xf8\xbf\xf5\xb5\xea\x5a\xc7\x24\xcf\xed\x51\xea\x9a\x01\x68\
\xde\x30\xd8\x4b\xd4\xfd\x27\xb2\x57\xdd\x56\x5d\xb3\xa4\x30\x00\
\xa4\xc7\xd7\xe4\x0c\x75\xad\x23\xc2\x03\x80\x80\x9e\xf2\x5e\xf5\
\xe9\x04\x7a\x50\xad\xf8\xdf\xf5\x07\xea\x7a\x25\x87\x01\x20\x2d\
\xf3\xf3\x76\x8b\x22\xd8\x95\xea\x5a\x47\xe4\x7c\x75\xcd\x00\x68\
\xf8\xfd\xf1\x8b\x04\x7a\x50\xbd\x01\x20\xd8\x09\xea\x7a\x25\x87\
\x01\x20\x2d\x21\xd8\xfd\xd4\x75\x8e\x3a\x54\xb9\xfd\x83\xba\x66\
\x00\x9a\x37\x33\x6d\xf7\x50\xf7\x9f\xc8\xcc\xa8\x6b\x96\x1c\x06\
\x80\xb4\x94\xb9\x15\xea\x3a\xc7\x24\xcf\x6d\x95\xba\x66\x00\x9a\
\xe7\xaf\xa8\xa7\xd5\xfd\x27\x26\xe5\xb4\xdd\x5f\x5d\xb3\xe4\x30\
\x00\xa4\xc5\xff\x9d\xef\x55\xd7\x39\xea\x50\x95\x76\x37\x75\xcd\
\x00\x34\xcf\x07\x80\xe3\xd5\xfd\xa7\x6e\xfc\x9e\xbb\x6a\x30\xb0\
\xe5\xea\x9a\x25\x87\x01\x20\x2d\xc3\x60\xdf\x55\xd7\xb9\xf6\xa1\
\xe2\x01\x40\x40\x6f\xf9\xdd\xf1\x3d\x75\x0f\x8a\x18\x00\x3e\xa7\
\xae\x57\x92\x18\x00\xd2\x31\xb7\xd2\x76\xf5\x4b\xf5\x3b\x93\x08\
\x6b\x00\x00\x0c\x10\x49\x44\x41\x54\x46\x75\x9d\x23\x0e\xd5\xc9\
\xea\x9a\x01\x68\xde\xda\xb5\x76\xeb\x36\xf5\x2a\xcf\x06\x75\xcd\
\x92\xc4\x00\x90\x8e\x3c\xb7\xc7\xa9\x6b\x1c\x19\x1e\x00\x04\xf4\
\x50\x19\xec\xd0\x04\xfa\x4f\xed\xf8\xdf\xf7\xf1\xea\x9a\x25\x89\
\x01\x20\x1d\x65\x6e\xaf\x56\xd7\x38\x26\x3c\x00\x08\xe8\x27\x7f\
\xf5\x7f\xb4\xba\xff\xd4\x4d\xf5\x93\x8a\xb2\xb4\x5b\xaa\x6b\x96\
\x24\x06\x80\x74\xf8\x5a\x9c\xaa\xae\x71\x44\x78\x00\x10\xd0\x53\
\xde\xab\xbe\x9c\x40\x0f\xaa\x97\x60\xff\xae\xae\x57\xb2\x18\x00\
\x52\x61\xcb\xaa\x37\xd5\xa9\x6b\x1c\x11\x1e\x00\x04\xf4\x90\xbf\
\x9a\xde\xc6\x7b\xd5\xef\x13\xe8\x41\x75\xf3\x2e\x75\xcd\x92\xc5\
\x00\x90\x86\xb6\x3d\x54\x83\x07\x00\x01\xfd\x54\x66\xf6\x30\x75\
\xff\x89\xea\x55\x99\x1d\xae\xae\x59\xb2\x18\x00\xd2\x30\x0c\xb6\
\x5a\x5d\xdf\x98\xf0\x00\x20\xa0\x9f\xfc\xd5\xff\xdf\xaa\xfb\x4f\
\x64\xaf\xba\xbb\xba\x66\xc9\x62\x00\x48\x83\x0f\x00\xef\x50\xd7\
\x37\x26\x3c\x00\x08\xe8\x27\xbf\x33\x3e\xa9\xee\x3f\x75\xc3\xb3\
\x4a\x6e\x06\x03\x40\x1a\x7c\x00\x38\x57\x5d\xdf\x88\x43\xf5\x4b\
\x75\xbd\x00\x68\xf8\xf9\xff\xb9\xba\x07\xd5\x4e\xb0\x7f\x56\xd7\
\x2b\x69\x0c\x00\x7a\xeb\x07\xb6\x83\x1f\xaa\x1b\xd4\xf5\xad\x3d\
\x00\xf0\x00\x20\xa0\x97\xb2\xcc\xf6\x51\xf7\x9f\xa8\x5e\x15\xec\
\x08\x75\xcd\x92\xc6\x00\xa0\x57\x06\x3b\x58\x5d\xdb\x98\x94\xb9\
\xbd\x5c\x5d\x33\x00\xcd\x6b\xdb\x7b\x95\x8a\xc2\x1e\xa9\xae\x59\
\xd2\x18\x00\xf4\xfc\xdf\xf6\x32\x75\x6d\xa3\x92\xd9\x0a\x75\xcd\
\x00\x34\xcf\x5f\x51\xbf\x5b\xde\x7f\xea\x5e\xfe\xc1\x6e\x28\x4b\
\xdb\x51\x5d\xb3\xa4\x31\x00\xe8\xf9\x54\xfd\x29\x75\x6d\x23\x0e\
\xd5\x26\x1e\x00\x04\xf4\x93\xf7\x80\xef\xa8\x7b\x50\xed\x5e\x95\
\xdb\xbf\xa9\xeb\x95\x3c\x06\x00\x3d\x5f\x83\x4b\xd4\xb5\x8d\x38\
\x54\xe7\xa9\xeb\x05\xa0\x79\xad\xfb\xb2\xb2\x60\x7f\xaf\xae\x59\
\xf2\x18\x00\xb4\xca\xd2\xee\xac\xae\x6b\x54\x82\xbd\x43\x5d\x33\
\x00\xcd\x2b\x73\x7b\xa2\xbc\xff\x44\xc4\xff\xbe\x03\x75\xcd\x92\
\xc7\x00\xa0\x55\x64\x76\x98\xba\xae\x31\xf1\xa9\x7a\xa5\xba\x66\
\x00\x9a\xe7\xe7\xff\xb5\xea\xfe\x13\xd5\xab\x0a\xbb\xa3\xba\x66\
\xc9\x63\x00\xd0\xf2\x7f\xd7\x9b\xd5\x75\x8d\x49\xf5\x31\x20\x75\
\xcd\x00\x34\xcf\xef\x8a\x2f\xaa\xfb\x4f\xed\xcb\x3f\xd8\x45\xea\
\x7a\xb5\x02\x03\x80\x96\x6f\xd4\xaf\xa9\xeb\x1a\x71\xa8\x78\x00\
\x10\xd0\x43\xf3\xf3\xb6\xb5\x9f\xff\xab\xd5\x3d\xa8\x76\xaf\xca\
\xed\x63\xea\x9a\xb5\x02\x03\x80\xce\xc2\xb7\x6a\xe5\x76\xad\xba\
\xae\xb5\xc3\x53\xb5\x80\x5e\x2a\x83\x3d\x44\xde\x7f\x22\x52\xe6\
\xf6\x02\x75\xcd\x5a\x81\x01\x40\x27\xcf\x6d\x7f\x75\x4d\x63\xc2\
\x53\xb5\x80\x7e\xf2\xe1\xff\x85\xea\xfe\x13\x35\x00\xf8\xc0\xa2\
\xae\x59\x2b\x30\x00\xe8\x54\x53\xaa\xba\xa6\x91\x87\xea\x60\x75\
\xcd\x00\x34\xcf\xcf\xff\xc7\xd5\xfd\xa7\x6e\xaa\x9f\xaa\x56\x3f\
\x5d\x55\xd7\xac\x15\x18\x00\x74\x7c\xaa\xfe\xa8\xba\xa6\xb5\x0f\
\x55\xb0\x4d\xab\x56\xd9\x4e\xea\x9a\x01\x68\x9e\xf7\xaa\x8b\xd5\
\x3d\xa8\x76\x82\x7d\x49\x5d\xaf\xd6\x60\x00\xd0\xf1\x8d\xfa\x63\
\x75\x4d\x23\x0e\xd5\xb9\xea\x7a\x01\x68\x5e\x08\xb6\xb7\xbc\xff\
\xc4\xe5\xf5\xea\x9a\xb5\x06\x03\x80\xc6\x9a\x35\xb6\xa7\xba\x9e\
\x31\x29\x82\xbd\x5d\x5d\x33\x00\xcd\x2b\x73\x7b\x9e\xba\xff\x44\
\xf5\xaa\xc2\x9e\xa2\xae\x59\x6b\x30\x00\x68\xf8\x26\x7d\xba\xba\
\x9e\x31\xa9\x9a\x80\xba\x66\x00\x9a\xe7\x77\xc4\x3f\xa8\xfb\x4f\
\x44\xb6\x64\x99\xed\xa1\xae\x59\x6b\x54\x9f\x97\x4c\x60\xd1\x6a\
\x65\x30\xb0\x6d\xd5\xf5\x1a\x17\x7f\x45\x7d\xb4\xba\x9e\x31\xf1\
\x81\xe5\xae\xea\x9a\x01\x68\x9e\xdf\x11\xdf\x52\xf7\x9f\x88\x5c\
\xa0\xae\x57\xab\x78\xc1\x3e\x98\xc0\xa2\xd5\x4a\x9e\xdb\x6e\xea\
\x7a\x8d\x4b\xcb\x9e\xaa\xc5\x03\x80\x80\x1e\xaa\xbe\x00\xc8\x7b\
\xc0\x66\x75\x0f\xaa\x9d\x60\xef\x57\xd7\xac\x55\xbc\x68\xef\x91\
\x2f\x5a\xcd\x94\xa5\xed\xab\xae\xd7\x38\x0c\x06\xb6\xdc\xff\x3d\
\xbf\x53\xd7\x33\xe2\x50\xf1\x00\x20\xa0\x87\xfc\x45\xd7\xe3\xe4\
\xfd\x27\x22\x45\x61\xa5\xba\x66\xad\xe2\xaf\xee\xde\xaa\x5e\xb4\
\x88\x8b\xe8\x69\xea\x7a\x8d\x83\x1f\xaa\xfd\xe4\xb5\x8c\x39\x54\
\x3c\x00\x08\xe8\x25\x3f\xfb\xf3\xea\xfe\x13\x93\x10\xec\x7e\xea\
\x9a\xb5\x8a\x17\xed\x48\xf5\xa2\x45\x5c\x44\xaf\x52\xd7\x6b\x1c\
\xfc\xdf\x32\xa3\xae\x65\x4c\x78\x00\x10\xd0\x4f\x45\x6e\x67\xa8\
\xfb\x4f\x44\xae\x98\x9f\xb7\x5b\xa8\x6b\xd6\x2a\x45\x61\xeb\x12\
\x58\xb8\x7a\x03\x40\x6e\xff\x47\x5d\xaf\x71\x68\xd3\x27\x2f\x7c\
\xe8\xba\xa1\x2c\x6d\x47\x75\xcd\x00\x34\x6b\x6a\xca\xb6\xf7\xf3\
\xff\x7b\x75\x0f\x8a\xb8\x1f\x3e\xa3\xae\x59\xeb\xb4\xec\xfb\xe8\
\xaf\x0b\xc1\x76\x51\xd7\x6c\x14\xd5\x27\x19\xfc\x50\x5d\x9e\x40\
\x2d\xeb\x85\x07\x00\x01\xbd\x34\xcc\xec\x49\xf2\xfe\x13\x97\x23\
\xd5\x35\x6b\x9d\xa2\xb0\x87\x27\xb0\x70\xb5\xe3\x97\xe7\xb4\xba\
\x66\xa3\x28\x83\x3d\x43\x5d\xc3\xc8\xbc\x4d\x5d\x33\x00\xcd\xf3\
\xb3\xff\xe1\x04\xfa\x4f\xed\x78\x6f\x7d\xac\xba\x66\xad\x33\x3b\
\x65\x7b\xa9\x17\x2e\x26\x3e\x00\x7c\x4d\x5d\xb3\x51\x14\xb9\x9d\
\xaa\xae\x61\xd4\xa1\xe2\x01\x40\x40\xef\x94\xa5\xdd\xa6\x4d\x3f\
\xfe\xf7\x6c\xae\x3e\xb2\xa8\xae\x5b\x0b\xd9\xb2\x96\x2d\xb4\x0d\
\x33\x5b\xa1\xae\xda\x52\x2c\xbe\xfb\x7f\x8b\xbc\x7e\x11\xc9\x32\
\xdb\x47\x5d\x37\x00\xcd\xf2\x3b\xe1\x28\x75\xef\x89\x49\xf5\xb0\
\x22\x75\xcd\x5a\xab\xfa\x3d\xaf\x7a\x01\xa3\x12\xec\xac\x6a\x70\
\x51\xd7\x2d\x96\xff\xbd\x4f\x93\xd7\x2e\xae\xce\x97\xa9\x6b\x06\
\xa0\x59\xd5\x4f\x85\xfd\x42\xbd\x4a\xde\x7f\x22\xe2\x03\xcb\x3b\
\xd5\x75\x6b\xad\xea\xe9\x49\xea\x05\x8c\x8d\xbf\x9a\xce\xd4\x75\
\x8b\xe1\x7f\xdf\xa7\xaa\x6b\x16\x7d\xa8\x72\xfb\xb4\xba\x6e\x00\
\x9a\xe5\xe7\xfe\x44\x75\xef\x89\x4e\xb0\xd5\xea\xba\xb5\x96\x17\
\x70\xbd\x7c\x01\xe3\x73\x45\x5b\x9e\x4f\xbf\xf0\xcd\x7f\xfe\x6a\
\x3a\x81\x9a\xc5\xe6\x65\xea\xda\x01\x68\x8e\xf7\xa9\x67\x26\xd0\
\x77\xa2\x53\x96\x76\x37\x75\xed\x5a\xcb\x5f\x9d\x1e\xa8\x5e\xc0\
\xa5\xc4\x27\xd5\x73\x52\xff\x8c\xba\xff\xfd\xb6\xf1\x43\xf5\x25\
\x75\xad\x96\x74\xa8\x78\x00\x10\xd0\x1b\x7e\x0f\xdc\xbb\x08\x76\
\xa5\xba\xef\x44\x87\x5f\x55\x8e\x66\xf1\x81\x0f\x1b\xe5\x0b\xb9\
\xb4\xc5\x3f\x65\x7e\xde\xb6\x56\xd7\xf0\xa6\x54\x4f\xa5\xf2\xba\
\x9e\x20\xaf\xd1\x12\x52\xed\x87\x6a\x5f\xa8\x6b\x08\x60\xf2\x42\
\xb0\xdb\xfb\x99\xff\x91\xba\xef\x2c\xf1\x0e\xf8\x47\x75\xfd\x5a\
\xaf\xfa\x78\x9d\x7c\x21\x97\xbe\x01\x3e\x95\xda\x65\x55\x7d\xe1\
\x4f\x91\xdb\xfb\xe4\xb5\x59\x7a\x4d\xbf\xa2\xae\x21\x80\xc9\x2b\
\x0a\xbb\xa3\x9f\xf7\xff\x90\xf7\x9c\x25\xa6\xc8\x2c\x57\xd7\xb0\
\xf5\xbc\x90\xaf\x55\x2f\xe4\x48\x9b\x20\xb7\x2f\xe7\xb9\xdd\x56\
\x5d\xc7\xca\xc2\x57\x68\xb6\xed\x1d\xff\xff\x33\xaf\x55\xd7\x11\
\xc0\x64\x95\xd3\xf6\x20\x3f\xeb\x97\x26\xd0\x6f\x96\x9c\x10\x6c\
\x6f\x75\x1d\x5b\xaf\xad\xef\x03\xf8\xc3\x14\xc1\x7e\x3e\xcc\xec\
\x10\x65\x1d\xcb\x60\x07\xf8\xdf\xe5\x42\x75\x2d\x46\x0d\x4f\xd5\
\x02\xba\xab\xfa\xf5\xa4\x9f\xf3\xf5\xad\xfd\xd5\xef\x7f\x27\xd8\
\x7f\xa8\x6b\xd9\x09\xd5\xef\xd1\x5b\xf5\x8c\xfa\xbf\x10\xff\x77\
\x7c\xa4\xfa\xb1\x56\x93\xf5\x5b\x7c\xa7\xff\x71\xfe\xff\xfb\x46\
\xf5\xbf\x7f\xe4\xfa\xe5\x76\x49\xf5\x2b\x8c\x26\xeb\x07\xa0\x19\
\x65\x66\x0f\xf3\x5e\x75\xb6\xba\xcf\x8c\x25\xc1\xde\xa1\xae\x67\
\x67\xb4\xf2\xf3\x9f\x7f\x3e\xd7\x57\x17\xf2\xa4\xbf\x1f\xda\x07\
\x8d\x7b\x7a\xdd\xde\xd2\xba\xa7\x29\xfe\xe5\xbc\x7e\x92\x35\x03\
\xd0\xac\xea\x15\x7f\x19\xec\xf1\xde\x13\x4f\x4f\xa0\xbf\x8c\x2f\
\x99\x3d\x49\x5d\xdb\xce\xf0\xcb\xec\x29\xf2\x05\x9d\x4c\xce\xf7\
\x0b\x7a\xde\xff\x7d\x8f\x1c\xf5\x63\x83\xd5\x9b\x0d\x17\x26\xe8\
\xdc\x5e\xb1\xf8\xc6\xc9\x56\x3d\xda\xb7\x46\xb6\xf0\x99\x5a\xa0\
\xfd\xaa\xe7\xf9\xe7\xb9\x3d\xd9\xfb\xd4\x5b\x3d\x17\x25\xd0\x5b\
\xc6\x9b\x60\x97\xa5\xfa\x09\xb0\x56\x6a\xdd\x57\xd5\x2e\xf1\x82\
\xf3\xfc\xb4\x7a\x97\x7b\xf5\xfd\xd1\x9e\x4f\xdc\x5c\xfc\xff\xfe\
\xa4\xea\x4d\x86\x9e\x1f\x78\x7d\x6e\x48\xe0\xdf\x30\xb1\x54\x3f\
\xc9\xa8\x53\x13\x42\x48\x7a\xa9\x3e\x16\xed\xf9\xfa\xb0\xe5\x6f\
\xec\xab\xd5\xab\x72\x7b\x8b\xfa\xce\xec\x1c\x2f\xec\xbb\xd4\x0b\
\x4b\x08\x21\x84\xfc\xa5\x14\x85\x3d\x58\x7d\x5f\x76\xce\x4c\x66\
\x0f\x50\x2f\x2c\x21\x84\x10\xf2\x67\x13\xec\xfb\xea\xbb\xb2\xb3\
\x8a\xdc\xce\x93\x2f\x30\x21\x84\x10\x72\x13\x29\x82\xbd\x54\x7d\
\x4f\x76\x96\x17\x77\x5a\xbd\xc0\x84\x10\x42\xc8\x9f\xc6\x5f\xa0\
\x5e\x35\x35\x65\xb7\x52\xdf\x93\x9d\xb5\xf8\x05\x36\x17\xab\x17\
\x9a\x10\x42\x08\xf9\x93\x1c\xa3\xbe\x23\x3b\xaf\xcc\xed\xe5\x09\
\x2c\x34\x21\x84\x10\xb2\x90\xea\xc9\x85\xd5\x17\x17\xa9\xef\xc7\
\xce\x9b\x9d\xb5\x9d\xbd\xd8\xbf\x54\x2f\x38\x21\x84\x10\x52\xc5\
\xef\xa4\xe3\xd5\x77\x63\x6f\x78\xc1\x5f\xa6\x5e\x70\x42\x08\x21\
\xa4\x7a\x06\xcb\xcc\xb4\xdd\x43\x7d\x2f\xf6\x46\xf5\xd4\xbc\x85\
\x2f\xd8\x49\x60\xf1\x09\x21\x84\xf4\x3a\xc7\xaa\xef\xc4\xde\x29\
\x73\x9b\x4a\x60\xe1\x09\x21\x84\xf4\x35\xc1\x7e\xbb\x6e\xb5\xed\
\xae\xbe\x0f\x7b\xc8\x96\x75\xe6\x9b\xa3\x08\x21\x84\xb4\x2e\x45\
\x61\xeb\xd4\x37\x61\x6f\xe5\xb9\xed\xef\x8b\xb0\x59\xbd\x09\x08\
\x21\x84\xf4\x2b\x45\x6e\xdf\xe3\x4b\x7f\xc4\x7c\x21\x8e\x55\x6f\
\x04\x42\x08\x21\xfd\x49\x11\xec\xc6\x61\x66\x2b\xd4\xf7\x5f\xef\
\xad\x5a\x65\x3b\xf9\x24\xf6\x13\xf5\x86\x20\x84\x10\xd2\x8f\xf8\
\x00\xf0\x06\xf5\xdd\x87\x45\x65\x66\x07\x0d\xf9\x55\x00\x21\x84\
\x90\x09\xa7\xfa\xd1\xff\xd4\x94\x6d\xaf\xbe\xf7\xf0\x07\x7c\x22\
\x7b\x9d\x7a\x63\x10\x42\x08\xe9\x74\xae\xaf\xbe\x99\x56\x7d\xdf\
\xe1\x4f\x2c\x7e\x4f\xc0\x59\x09\x6c\x10\x42\x08\x21\x1d\x4c\x99\
\xdb\x8b\xd5\x77\x1d\xfe\x8c\xd9\x29\xdb\xcb\x17\xe9\x52\xf5\x26\
\x21\x84\x10\xd2\xb1\x04\xfb\x90\xfa\x8e\xc3\xcd\x58\x7c\x3f\xc0\
\xf5\xf2\xcd\x42\x08\x21\xa4\x13\x29\x82\x7d\x63\xfd\xc0\x76\x50\
\xdf\x6f\xa8\xa1\x0c\xf6\x8c\x21\x6f\x0a\x24\x84\x10\x32\x62\x8a\
\xdc\x7e\x51\x14\x76\x47\xf5\xbd\x86\x08\xbe\x70\xcf\x57\x6f\x1c\
\x42\x08\x21\xad\xce\x35\x65\x66\x0f\x53\xdf\x67\x58\x02\x3e\x19\
\x40\x08\x21\x64\x29\xf1\x57\xfe\xd7\xfa\x2b\xff\xc7\xa8\xef\x31\
\x8c\xc0\x87\x80\xb7\xab\x37\x12\x21\x84\x90\x56\xe5\xfa\x32\xd8\
\xa1\xea\xfb\x0b\x23\x1a\x0c\x6c\xb9\x2f\xe6\x07\x13\xd8\x50\x84\
\x10\x42\x12\x8f\xbf\x68\xbc\xc1\x5f\xf9\x3f\x5d\x7d\x77\x61\x6c\
\x6c\x59\x91\xdb\xff\x56\x6f\x2c\x42\x08\x21\x49\xe7\xba\x22\xb3\
\xbf\x56\xdf\x58\x98\x80\x61\xb0\x17\x2e\x7c\x89\x83\x7e\x93\x11\
\x42\x08\x49\x29\xc1\x7e\xeb\xaf\xfc\x1f\xa9\xbe\xa7\x30\x41\x79\
\x6e\xab\xaa\x1f\xf1\xc8\x37\x1b\x21\x84\x90\x34\x12\xec\xc7\x65\
\x69\xfb\xaa\xef\x27\x34\xc0\xa7\xbc\x27\x14\xb9\xfd\x46\xbe\xe9\
\x08\x21\x84\x48\xe3\x77\xc1\xbf\xad\x59\x63\x7b\xaa\xef\x25\x34\
\xa8\x7a\xb0\x83\x2f\xfc\x57\xd5\x9b\x8f\x10\x42\x88\x28\xc1\x8e\
\x9b\x9b\xb3\xed\xd4\xf7\x11\x04\xe6\xe7\x6d\x6b\xdf\x04\x1b\x78\
\x5f\x00\x21\x84\xf4\x27\xde\xf3\xaf\x2c\x73\x1b\xa8\xef\x20\x24\
\x60\x98\xd9\x21\x3e\x09\x5e\xa6\xde\x94\x84\x10\x42\x26\x9b\xea\
\x47\xfe\x45\x61\x77\x55\xdf\x3b\x48\x48\x59\xda\xed\x7c\x2a\xfc\
\x88\x7a\x73\x12\x42\x08\x19\x7f\xfc\xe2\xbf\xca\x5f\xf5\xbf\xa0\
\x7a\x36\x8c\xfa\xbe\x41\xa2\x86\x99\xad\x18\x06\xfb\xae\x7a\xb3\
\x12\x42\x08\x19\x53\x82\x9d\x32\x3d\x6d\x77\x52\xdf\x2f\x68\x81\
\xb2\xb4\x6d\x8a\x60\x47\xf8\xc6\xb9\x46\xbe\x71\x09\x21\x84\x2c\
\x29\xde\xc7\x7f\x94\xe7\xf6\x64\xf5\x9d\x82\x16\xaa\x26\x46\xdf\
\x40\xef\xf6\x6c\x54\x6f\x64\x42\x08\x21\xb5\xf3\x53\xef\xdb\xc3\
\xea\xc5\x9c\xfa\x1e\x41\xcb\xf9\x04\x79\x5b\xdf\x50\xc7\xf8\x86\
\xfa\x7d\x02\x1b\x9b\x10\x42\xc8\x4d\x25\xd8\xc5\xd5\x13\x5f\xa7\
\xa6\x6c\x7b\xf5\xbd\x81\x8e\xc9\x32\xdb\xc3\x87\x80\xa3\xab\x37\
\x93\xc8\x37\x3a\x21\x84\x90\x85\x78\x4f\x3e\xa7\xc8\x2c\xe7\xe2\
\xc7\xc4\xad\x1f\xd8\x0e\xd5\x67\x48\x7d\xd3\x9d\xa1\xde\xf8\x84\
\x10\xd2\xd3\x5c\xe7\x3d\xf8\x13\x79\x6e\x07\xaa\xef\x04\xf4\x54\
\x51\xd8\x7d\x8b\x60\xaf\xf1\xcd\x78\x41\x02\x07\x82\x10\x42\x3a\
\x1b\xbf\xf0\xaf\xf5\x9c\x3c\x0c\x16\xfc\xd5\xfe\xad\xd4\xfd\x1f\
\xf8\x7f\x42\xb0\xfb\xf9\x30\xf0\x52\xdf\x9c\x5f\xf0\xcd\x7a\xbd\
\xfa\xb0\x10\x42\x48\xeb\x13\xec\x32\xef\xab\x27\x54\x5f\xd3\x5b\
\x96\xb6\xa3\xba\xcf\x03\x37\xab\xfa\x35\xc1\xc2\x33\x05\x72\xfb\
\xbb\xea\x33\xa8\xbe\x81\x2f\x92\x1f\x24\x42\x08\x49\x38\xde\x27\
\x37\x79\xbf\x3c\xd7\xff\x7c\xbb\x67\x65\x96\xd9\x3e\xea\x5e\x0e\
\x8c\x45\xf5\x23\xab\x32\xb3\x83\x7c\x92\x3d\xdc\x37\xf7\xfc\xc2\
\x54\x1b\xec\xb3\x9e\x6f\x54\x5f\x47\xe9\x7f\x5e\xbe\x18\xbe\x9b\
\x80\x10\xd2\xa5\xfc\x6e\xf1\x71\xeb\x17\x16\xb9\x9d\xb7\xf8\x45\
\x6c\x27\x79\xaf\x7b\x53\x51\xd8\x3a\x7f\xb1\xf4\xa4\x10\xec\x5e\
\x7c\x31\x0f\x00\x00\x00\x00\x00\x00\x00\x00\x00\x00\x00\x00\x00\
\x00\x00\x00\x00\x00\x00\x00\x00\x00\x00\x00\x00\x00\x00\x00\x00\
\x00\x00\x00\x00\x00\x00\x00\x00\x00\x00\x00\x00\x00\x00\x00\x00\
\x00\x00\x00\x00\x00\x00\x00\x00\x00\x00\x00\x00\x00\x00\x00\x00\
\x00\x00\x00\x00\x00\x00\x00\x00\x00\x00\x00\x00\x00\x00\x00\x00\
\x00\x00\x00\x00\x00\x00\x00\x00\x00\x00\x00\x00\x00\x00\x00\x00\
\x00\x00\x00\x00\x00\x00\x00\x00\x00\x00\x00\x00\x00\x00\x00\x00\
\x00\x00\x00\x00\x00\x00\x00\x00\x00\x00\x00\x00\x00\x00\x00\x00\
\x00\x00\x00\x00\x00\x00\x00\x00\x00\x00\x00\x00\x00\x00\x00\x00\
\x00\x00\x00\x00\x00\x00\x00\x00\x00\x00\x00\x00\x00\x00\x00\x00\
\x00\x00\x00\x00\x00\x00\x00\x00\x00\x00\x00\x00\x00\x00\x00\x00\
\x00\x00\x00\x00\x00\x00\x00\x00\x00\x00\x00\x00\x00\x00\x00\x00\
\x00\xf4\xd7\x7f\x02\x42\x80\xd2\xf4\xb5\x9f\xa7\x94\x00\x00\x00\
\x00\x49\x45\x4e\x44\xae\x42\x60\x82\
\x00\x00\x14\xd2\
\x89\
\x50\x4e\x47\x0d\x0a\x1a\x0a\x00\x00\x00\x0d\x49\x48\x44\x52\x00\
\x00\x02\x00\x00\x00\x02\x00\x08\x06\x00\x00\x00\xf4\x78\xd4\xfa\
\x00\x00\x00\x09\x70\x48\x59\x73\x00\x00\x0b\x13\x00\x00\x0b\x13\
\x01\x00\x9a\x9c\x18\x00\x00\x14\x84\x49\x44\x41\x54\x78\x9c\xed\
\xdd\x6b\xcc\x65\x55\x79\x07\xf0\x19\xc4\xaa\x15\xa1\x05\x5a\x0b\
\xa2\x51\x34\x51\x40\x50\xf0\xde\x68\x25\xd6\xb4\x6a\x50\xaa\x66\
\x5a\xed\x80\x33\x67\xef\x73\xf6\xe0\x90\x51\xa9\xd5\x68\xfd\x30\
\x1f\x1a\x4d\x35\xd5\x68\x24\xf6\x83\x89\xb6\x26\xc6\x5e\x92\xa6\
\x37\x6d\x4d\xe3\x3d\xb6\x69\x62\x44\xd3\x4a\x05\xaa\xa0\x46\xb9\
\xaa\xa8\xa0\x72\x9b\xa7\xeb\x0c\x03\x1d\xc0\xc1\x99\xce\x7b\xf6\
\x73\xd6\x5e\xbf\x5f\xb2\x32\x99\x80\xf2\xee\xff\x7a\xb3\x9f\xe7\
\x59\xe7\x9c\x7d\x36\x6d\x02\x00\x00\x00\x00\x00\x00\x00\x00\x00\
\x00\x00\x00\x00\x00\x00\x00\x00\x00\x00\x00\x00\x00\x00\x00\x00\
\x00\x00\x00\x00\x00\x00\x00\x00\x00\x00\x00\x00\x00\x00\x00\x00\
\x00\x00\x00\x00\x00\x00\x00\x00\x00\x00\x00\x00\x00\x00\x00\x00\
\x00\x00\x00\x00\x00\x00\x00\x00\x00\x00\x00\x00\x00\x00\x00\x00\
\x00\x00\x00\x00\x00\x00\x00\x00\x00\x00\x00\x00\x00\x00\x00\x00\
\x00\x00\x00\x00\x00\x00\x00\x00\x00\x00\x00\x00\x00\x00\x00\x00\
\x00\x00\x00\x00\x00\x00\x00\x00\x00\x00\x00\x00\x00\x00\x00\x00\
\x00\x00\x00\x00\x00\x00\x00\x00\x00\x00\x00\x00\x00\x00\x00\x00\
\x00\x00\x00\x00\x00\x00\x00\x00\x00\x00\x00\x00\x00\x00\x00\x00\
\x00\x00\x00\x00\x00\x00\x00\x00\x00\x00\x00\x00\x00\x00\x00\x00\
\x00\x00\x00\x00\x00\x00\x00\x00\x00\x00\x00\x00\x00\x00\x00\x00\
\x00\x00\x00\x00\x00\x00\x00\x00\x00\x00\x00\x00\x00\x00\x00\x00\
\x00\x00\x00\x00\x00\x00\x00\x00\x00\x00\x00\x00\x00\x00\x00\x00\
\x00\x00\x00\x00\x00\x00\x00\x00\x00\x00\x00\x00\x00\x00\x00\x00\
\x00\x00\x00\x00\x00\x00\x00\x00\x00\x00\x00\x00\x00\x00\x00\x00\
\x00\x00\x00\x00\x00\x00\x00\x00\x00\x00\x00\x00\x00\x00\x00\x00\
\x00\x00\x00\x00\x00\x00\x00\x00\x00\x00\x00\x00\x00\x00\x00\x00\
\x00\x00\x00\x00\x00\x00\x00\x00\x00\x00\x00\x00\x00\x00\x00\x00\
\x00\x00\x00\x00\x00\x00\x00\x00\x00\x00\x00\x00\x00\x00\x00\x00\
\x00\x00\x00\x00\x00\x00\x00\x00\x00\x00\x00\x00\x00\x00\x00\x00\
\x00\x00\x00\x00\x00\x00\x00\x00\x60\x8d\x0d\x43\x9c\xd0\xf7\x71\
\xf6\x7c\x16\xaf\x1a\xfa\x78\xf5\xa2\x8b\x3f\x9c\xcf\x63\x28\x7f\
\xff\xdd\x61\x7b\x9c\xb5\x73\x67\x1c\x95\xfd\x33\x72\xe8\x96\xfb\
\xd6\x75\x71\x66\xd9\xc7\x97\x96\xfd\x9d\x2d\xf7\x74\xef\x9f\xe5\
\xef\xcb\x7d\x2d\xff\xec\x61\xd9\x3f\x23\x00\x23\xda\xb5\x2b\x1e\
\xb4\x2c\x02\xf3\x3e\x3e\xb4\xe8\xe3\x9b\x65\xc5\xcf\x59\xb7\x97\
\xa6\xe0\x0b\xf3\x2e\xde\xbe\x2c\x28\xd9\x3f\x3f\x07\x12\x9b\x17\
\x8b\xf8\xf5\xb2\x4f\xef\x2a\xfb\x75\x49\xf9\xf3\x8e\xfb\xdb\xd7\
\xbd\xff\xbc\x8b\x2f\x97\xdf\x83\x77\x0f\xb3\x78\xf6\xf2\x7f\x9f\
\x7d\x05\x00\xac\xc0\x05\x17\xc4\xaf\x96\x9b\xfe\xdb\xca\x4d\xff\
\xbb\x07\x51\xf4\x0f\xbc\x4a\xd1\x28\x93\xe4\x79\xbb\x77\xc7\x91\
\xd9\xd7\xc4\xde\x13\x9c\x5f\x2c\xd3\xfd\x85\x65\x5f\xae\x38\xcc\
\x7d\xfd\xfa\xd0\xc7\x6b\xce\x3b\x2f\x1e\x9a\x7d\x4d\x00\x6c\x80\
\xe5\xc4\x5f\x6e\xf0\x6f\x29\xc5\xff\xe6\xc3\x2a\x10\xf7\x2d\x18\
\x97\x0d\x5d\xfc\x56\xf6\xf5\xb5\x2b\x36\x97\x3d\xdd\x5a\xf6\xe2\
\xdb\x1b\xbc\xaf\xd7\x94\x46\x60\x9b\x13\x01\x80\x8a\x0d\xdb\xe3\
\xf4\x72\x43\xbf\x74\x43\x0b\xc4\x7d\x8f\x92\xff\xdc\xd4\x38\xae\
\xbe\x8f\x87\x97\x7d\xfd\x97\x55\xee\x6b\xf9\xff\xff\x44\xd7\xc5\
\x89\xd9\xd7\x0a\xc0\x21\x2a\x53\xdc\xef\xcf\xfb\xf8\xf1\x4a\x8b\
\xc4\xff\x15\x8b\x4b\x67\xb3\x38\x39\xfb\x9a\x5b\x30\xcc\xe2\x19\
\x65\x5f\xaf\x1e\x65\x5f\xfb\xb8\x6e\x3e\x8f\xe7\x64\x5f\x33\x00\
\x07\xa9\x14\xe4\xd7\x96\x9b\xf7\x9e\x91\x8a\xc4\x9d\x27\x01\xa5\
\x28\xed\x98\xc5\x93\xb2\xaf\x7d\xca\x4a\x53\xf7\x82\x92\xf5\x4d\
\x23\xef\xeb\x8f\x4b\x13\x70\x6e\xf6\xb5\x03\xf0\x73\x94\x22\xf1\
\xfa\x31\x0b\xc4\x3d\x8a\x45\x17\xd7\x0f\x43\x3c\x21\x3b\x83\x29\
\x5a\xcc\xe2\x85\x25\xe3\x9f\x24\xed\xeb\xad\xcb\xe6\x23\x3b\x03\
\x00\x0e\xa0\xdc\xac\xdf\x98\x55\xfc\xf7\x5b\x57\x95\x26\xe0\xf8\
\xec\x2c\xa6\xa4\x4c\xe0\xe7\x94\x5c\x6f\xc9\xdc\xd7\xd2\x04\xfc\
\xa8\xef\xe3\x8c\xec\x2c\x00\xb8\x97\xcc\xc9\xff\x3e\xc5\xa2\x8f\
\x8f\x79\x17\xf9\xc6\xc8\x9c\xfc\x7f\xc6\xbe\x5e\xee\x01\x42\x00\
\x6b\x64\xb1\x1e\x93\xff\x3d\x8b\xc5\x3c\x86\xec\x5c\x6a\xb7\x0e\
\x93\xff\x7d\xf6\xb5\x8b\xf7\x66\xe7\x02\xc0\xa6\xf5\x2c\xfe\xfb\
\xa6\xc5\x1b\x2e\x3c\x3f\x8e\xcb\xce\xa7\x56\xeb\x58\xfc\xf7\xad\
\xdb\xbd\x14\x00\x90\x6c\x9d\x8e\xfd\x0f\x30\x2d\xbe\x2d\x3b\xa3\
\x1a\xad\xd3\xb1\xff\x01\xf6\xf5\x1f\xb2\x33\x02\x68\xd6\x62\x4d\
\x27\xff\x7b\x14\x8a\x3e\x7e\x30\x0c\x71\x4c\x76\x56\x35\x59\xe3\
\xc9\x7f\xff\xb5\xa7\xfc\x9c\xa7\x65\x67\x05\xd0\x9c\x75\x9f\xfc\
\xef\x35\x2d\x2e\xb2\xf3\xaa\xc5\xba\x4f\xfe\xf7\x6a\xee\xde\x9d\
\x9d\x17\x40\x53\x16\x15\x4c\xfe\xf7\x2a\x14\x9f\xce\xce\xac\x06\
\x95\x4c\xfe\xfb\x37\x76\xdf\xd9\xb2\x25\x1e\x90\x9d\x1b\x40\x13\
\x6a\x9a\xfc\xf7\x2b\x14\xb7\xed\xda\x1a\x47\x67\x67\xb7\xce\x6a\
\x9a\xfc\xf7\x5f\xc3\xf6\x38\x2b\x3b\x3b\x80\xc9\x5b\x54\x36\xf9\
\xef\xbf\xfa\x3e\x5e\x94\x9d\xdf\xba\xaa\x6d\xf2\xbf\xd7\xba\x28\
\x3b\x3f\x80\x49\xab\x71\xf2\xdf\x7f\x95\x9f\xff\x4d\xd9\x19\xae\
\xa3\x5a\x27\xff\xbb\xd6\xf2\x9b\x20\xb3\x33\x04\x98\xac\x45\xc5\
\x93\xff\x7e\xeb\x83\xd9\x39\xae\x9b\xca\x27\xff\xbb\x1a\x80\xcf\
\x67\xe7\x08\x30\x49\xb5\x4f\xfe\x77\xaf\x2e\x3e\x9a\x9d\xe5\x3a\
\xa9\x7d\xf2\xdf\xaf\x01\xf8\x9f\xec\x2c\x01\x26\x67\x32\xc5\xff\
\xce\x06\xe0\xb3\xd9\x79\xae\x8b\xa9\x14\xff\x7d\x0d\xc0\xb5\xd9\
\x79\x02\x4c\xca\xa4\x8a\xbf\x06\xe0\x6e\x53\x2a\xfe\xfb\xf6\xf5\
\x9a\xec\x4c\x01\x26\x63\x72\xc5\xff\xce\x42\xd1\xfc\x4b\x00\x93\
\x2b\xfe\xbd\x97\x00\x00\x36\xcc\x62\x1a\x6f\xf8\xfb\x59\x0d\xc0\
\x07\xb2\xb3\xcd\x34\x85\x37\xfc\x1d\xa0\x01\xf0\x26\x40\x80\xc3\
\x35\xc9\xc9\x7f\xdf\x6a\xf9\x63\x80\x53\x9c\xfc\xf7\x5b\x3e\xdd\
\x01\x70\x38\x16\x53\x9d\xfc\xef\x5a\xa5\x08\x66\x67\x9c\x61\xaa\
\x93\xff\x5d\x6b\x3e\x8b\xd7\x65\x67\x0c\x50\xad\x29\x4f\xfe\x7b\
\x8b\x44\xa3\x8f\x02\x9e\xf8\xe4\xbf\x77\x75\x5d\x9c\x99\x9d\x33\
\x40\x95\x16\x53\x9f\xfc\x97\xab\x8b\x4f\x65\xe7\x3c\xb6\xa9\x4f\
\xfe\xfb\xd6\xb7\x77\xef\x8e\x23\xb2\xb3\x06\xa8\xce\xd4\x27\xff\
\xbb\x56\xb9\xce\x79\x76\xd6\x63\x6a\x61\xf2\x5f\xae\x79\x17\xef\
\xca\xce\x1a\xa0\x3a\x8b\x16\x26\xff\x3b\x8b\xc4\x8d\xc3\x10\xc7\
\x64\xe7\x3d\x96\x46\x26\xff\xe5\xda\xb3\x63\x16\xa7\x66\xe7\x0d\
\x50\x95\x56\x8a\xff\xbe\xf5\xd6\xec\xbc\xc7\xd2\x50\xf1\x8f\x79\
\x1f\x7f\x9f\x9d\x37\x40\x55\x5a\x2a\xfe\x65\xfa\xbf\xbe\xef\xe3\
\xd8\xec\xcc\xc7\xd0\x54\xf1\xef\xe2\xb6\x61\x7b\x9c\x9e\x9d\x39\
\x40\x35\x5a\x2a\xfe\xfb\x0a\xc5\x22\x3b\xf3\x31\xb4\x54\xfc\xf7\
\xed\xeb\x7b\xb2\x33\x07\xa8\x46\x2b\x6f\xf8\xbb\x7b\xed\x7d\xf4\
\x6f\x6c\xce\xce\x7d\xd5\x5a\x79\xc3\xdf\x7e\xfb\x7a\xd9\xce\x9d\
\x71\x54\x76\xee\x00\x55\x58\x34\x36\xf9\x97\x22\xf1\xf5\x0b\xcf\
\x8f\xe3\xb2\x73\x5f\xb5\xd6\x26\xff\xb2\x7e\xe8\xe8\x1f\xe0\x20\
\xb5\x36\xf9\x2f\x5f\xf7\xef\xba\x78\x7c\x76\xee\xab\xd6\xda\xe4\
\x5f\xf6\xf5\xd6\xd2\xf0\xfc\x76\x76\xee\x00\x55\x58\xb4\x37\xf9\
\x7f\xb7\x4c\x88\x67\x65\xe7\xbe\x6a\xad\x4d\xfe\xcb\xe2\x5f\xf6\
\xf6\xe5\xd9\xb9\x03\x54\xa1\xb5\xc9\xbf\xac\xef\x2f\x16\xf1\xb4\
\xec\xdc\x57\xad\xb5\xc9\xbf\xac\x5b\xe6\xb3\x78\x69\x76\xee\x00\
\x55\x68\xb1\xf8\x0f\x5d\x3c\x35\x3b\xf7\x55\x6b\xb2\xf8\xcf\xe3\
\xdc\xec\xdc\x01\xaa\xd0\x5a\xf1\x9f\x77\xf1\x3d\xc5\x7f\x7a\xab\
\xec\xeb\x4f\xfb\x3e\x5e\x9c\x9d\x3b\x40\x15\x14\xff\x69\x6a\xb0\
\xf8\xdf\x5c\xae\xf9\xf9\xd9\xb9\x03\x54\xa1\xc5\xe2\x3f\x9f\xc7\
\x53\xb2\x73\x5f\xb5\xd6\x8a\x7f\x59\x37\x95\x7d\x7d\x5e\x76\xee\
\x00\x55\x68\xad\xf8\x97\x75\x5d\xdf\xc7\x19\xd9\xb9\xaf\x5a\x8b\
\xc5\xbf\xec\xeb\xd9\xd9\xb9\x03\x54\xa1\xc5\xe2\xdf\xc2\xc3\x60\
\x5a\x2b\xfe\xcb\x6f\x6d\x2c\x93\xff\x33\xb3\x73\x07\xa8\x82\xe2\
\x3f\x4d\xad\x15\xff\xb2\xbe\x5f\x26\xff\xa7\x67\xe7\x0e\x50\x05\
\xc5\x7f\x9a\x5a\x2b\xfe\xad\xbc\x91\x13\x60\x43\xb4\x56\xfc\x4b\
\x91\xb8\x56\xf1\x9f\xde\x5a\xee\x6b\x0b\xef\xe5\x00\xd8\x10\x2d\
\x16\xff\xae\x8b\x27\x66\xe7\xbe\x6a\xad\x15\xff\x45\x17\xd7\xb4\
\xb0\xaf\x00\x1b\x42\xf1\x9f\xa6\xd6\x8a\xff\xbc\x8f\xab\x77\xcc\
\xe2\xd4\xec\xdc\x01\xaa\xa0\xf8\x4f\x53\x6b\xc5\xbf\xac\x6f\xf6\
\x7d\x3c\x2e\x3b\x77\x80\x2a\xb4\x56\xfc\x97\xc7\xc3\xf3\x79\x9c\
\x96\x9d\xfb\xaa\xb5\x56\xfc\x4b\x53\xf7\x8d\x61\x88\xc7\x66\xe7\
\x0e\x50\x05\xc5\x7f\x9a\x9a\x2b\xfe\x7d\x5c\x59\xf6\xf5\x31\xd9\
\xb9\x03\x54\xa1\xc5\xe2\xdf\xc2\x6b\xc3\xad\x15\xff\xb2\xaf\x97\
\x95\xe2\x7f\x52\x76\xee\x00\x55\x50\xfc\xa7\xa9\xb9\xe2\xdf\xc7\
\x57\xbb\x2e\x4e\xcc\xce\x1d\xa0\x0a\x8a\xff\x34\x35\x57\xfc\xbb\
\xb8\x74\x18\xe2\x84\xec\xdc\x01\xaa\xd0\x5a\xf1\x6f\xe5\x23\x61\
\x0d\x16\xff\x4b\x4a\xf1\x3f\x3e\x3b\x77\x80\x2a\xb4\x58\xfc\xfb\
\x3e\x4e\xc9\xce\x7d\xd5\x9a\x2b\xfe\x7d\x7c\xf1\xc2\xf3\xe3\xb8\
\xec\xdc\x01\xaa\xd0\x5a\xf1\x2f\x13\xe2\xb7\x5a\xf8\x3c\x78\x73\
\xc5\xbf\x8b\x2f\x94\x7d\x3d\x36\x3b\x77\x80\x2a\x28\xfe\xd3\xd4\
\x5a\xf1\x9f\x77\xf1\xf9\x5d\x5b\xe3\xe8\xec\xdc\x01\xaa\xd0\x5c\
\xf1\x6f\xe4\x49\x70\xcd\x15\xff\x3e\x3e\xd7\x75\xf1\xb0\xec\xdc\
\x01\xaa\xd0\x62\xf1\x6f\xe1\x49\x70\x0d\x16\xff\xcf\xec\xdc\x19\
\x47\x65\xe7\x0e\x50\x05\xc5\x7f\x9a\x1a\x2c\xfe\x1f\xbf\x68\x4b\
\x3c\x24\x3b\x77\x80\x2a\x28\xfe\xd3\xd4\x60\xf1\xff\xd8\xb6\x6d\
\xf1\xe0\xec\xdc\x01\xaa\xd0\x5a\xf1\x6f\xe5\x0b\x60\x1a\x2c\xfe\
\xff\xa4\xf8\x03\x1c\xa4\x16\x8b\xff\x6c\x16\x27\x67\xe7\xbe\x6a\
\xad\x15\xff\x45\x17\x7f\x53\x9a\xba\x07\x66\xe7\x0e\x50\x05\xc5\
\x7f\x9a\x9a\x2b\xfe\x7d\xfc\x95\xe2\x0f\x70\x90\x5a\x2c\xfe\x2d\
\x7c\xf5\x6b\x6b\xc5\x7f\xde\xc7\x47\x76\xef\x8e\x23\xb3\x73\x07\
\xa8\x42\x6b\xc5\xbf\xac\xab\x14\xff\xe9\xad\xd2\xd4\x7d\x78\xcb\
\x96\x78\x40\x76\xee\x00\x55\x50\xfc\xa7\xa9\xc1\xe2\xff\xfe\x32\
\xf9\x1f\x91\x9d\x3b\x40\x15\xca\x4d\xf3\x0d\xd9\x37\xee\x91\xd7\
\xd7\x86\x21\x1e\x95\x9d\xfb\xaa\x95\x06\xe7\x9c\x72\xad\xb7\xac\
\x41\xde\xe3\xac\x2e\x2e\xde\xb4\x29\x36\x67\xe7\x0e\x50\x85\x52\
\xfc\x2f\x48\xbf\x71\x8f\xbb\xae\xda\xb1\x2d\x1e\x9d\x9d\xfb\xaa\
\xf5\x7d\x9c\xbd\x68\x6b\xf2\x7f\x9f\xe2\x0f\x70\x90\xca\xc4\xf4\
\x92\x72\xe3\xbc\x23\xfb\xe6\x3d\xda\xea\xe2\x8a\xed\xdb\xe3\x91\
\xd9\xb9\xaf\xda\x8e\x59\x9c\x3a\xef\xe3\x07\xe9\x79\x8f\xb7\xde\
\x91\x9d\x39\x40\x35\x96\x85\xb0\x14\x89\x1b\xd6\xe0\xe6\x3d\xca\
\x2a\xd7\x7a\x65\x0b\x93\xff\xf2\x81\x37\xe5\x5a\xbf\x94\x9d\xf7\
\x88\xeb\x4f\xb2\x33\x07\xa8\x4a\x99\x86\x3f\xb1\x06\x37\xef\xb1\
\x8a\xff\xe5\xf3\x79\x9c\x94\x9d\xf9\x18\xca\xf5\xbe\x33\x3b\xef\
\xd1\xf6\xb5\x8b\xdd\xd9\x79\x03\x54\xa5\x14\xc3\x57\x66\xdf\xbc\
\xc7\x2c\xfe\x3b\x5e\x15\x8f\xc8\xce\x7c\x0c\xc3\xf6\x38\xbd\x14\
\xc5\xdb\xb2\x33\x1f\x69\xbd\x39\x3b\x6f\x80\xaa\x2c\x3f\x1f\xbd\
\x2c\x8a\x6b\x70\x03\x57\xfc\x37\xd8\xa2\x8b\xbf\xcb\xce\x7c\xa4\
\xf5\x96\xec\xac\x01\xaa\x53\x8a\xc4\x2b\xd6\xe0\x06\xbe\xfa\xd5\
\xc5\x65\x5d\x17\x27\x66\xe7\x3d\x96\xbe\x8f\x53\x1a\x78\x43\xe7\
\x9e\xb2\xaf\xaf\xcd\xce\x1a\xa0\x4a\x65\x2a\xfe\xe4\x1a\xdc\xc8\
\x15\xff\x0d\x56\x8a\xff\xbb\xd2\x73\x5f\x71\xf1\x2f\xd7\xb8\x2b\
\x3b\x67\x80\x2a\x2d\xdf\x08\x37\xf5\x29\xb1\x5c\xdf\x7f\x0f\x43\
\x9c\x90\x9d\xf5\x98\xf6\xbd\xac\x73\x75\x76\xf6\x2b\xdc\xd3\x3b\
\xca\x5a\x64\xe7\x0c\x50\xad\xf9\x2c\xfa\xec\x9b\xf9\x8a\xd7\x57\
\x5b\x9b\xfc\x97\x4a\x63\xf7\x94\x35\xc8\x7e\x55\xeb\xf6\xbe\x8f\
\x59\x76\xc6\x00\x55\x2b\x53\xe2\x87\xd6\xe0\x86\xbe\x9a\xd5\xc5\
\xa5\x3b\xb7\xc5\xaf\x65\x67\x9c\xa1\x4c\xc7\x7f\x90\x9e\xff\x8a\
\x8a\x7f\xb9\xb6\xad\xd9\xf9\x02\x54\xaf\x14\xc9\x2f\xaf\xc1\x4d\
\x7d\x15\xab\xc9\xc9\xff\x2e\xe5\xfa\xff\x62\x0d\xf6\x60\xc3\x8b\
\x7f\x99\xfc\xcf\xcb\xce\x16\x60\x02\x62\x73\x99\xa6\x6e\x5e\x83\
\x1b\xfb\x86\xae\x79\x1f\x5f\x29\x85\xe2\xe1\xd9\xe9\x66\x2a\x8d\
\xdd\xbf\x67\xef\xc3\x06\xaf\x5b\xca\x9e\xbe\x2c\x3b\x57\x80\x49\
\xd8\xb5\x35\x8e\x5e\x83\x1b\xfb\xc6\x16\xff\x06\xdf\xf0\xf7\xb3\
\x94\x2c\xbe\x96\xbd\x17\x1b\x59\xfc\x87\x2e\x7e\x27\x3b\x53\x80\
\xc9\x58\x1e\x91\xaf\xc1\xcd\x5d\xf1\x5f\x81\x92\xc5\xb5\xd9\xfb\
\xb1\x41\x7b\xfa\xd3\xe5\x17\x54\x65\xe7\x09\x30\x29\x1a\x80\xe9\
\x9a\x4a\x03\x50\xd6\x2d\x1a\x00\x80\x0d\xe6\x25\x80\xe9\x5a\x78\
\x09\x00\x80\x03\xf3\x26\xc0\xa9\x2a\x19\xfc\x5b\xf6\x3e\x6c\x74\
\x13\xe0\x4d\x80\x00\x1b\xc8\xc7\x00\xa7\x69\xe1\x63\x80\x00\xdc\
\x1f\x0f\x02\x9a\x26\x0f\x02\x02\xe0\x7e\x95\x22\xd9\xad\xc1\x4d\
\x7d\x95\x4d\x40\x73\x5f\x02\xb4\x34\x6c\x8f\xb3\xd2\xb3\x5f\xd1\
\x5a\x7e\x0f\x80\x47\x01\x03\x1c\xa6\x1d\xaf\x8a\x47\xf8\x32\xa0\
\xe9\xd9\xbd\x3b\x8e\x28\xd7\xfd\x9d\xec\xec\x57\xd9\x04\xf8\x32\
\x20\x80\xc3\x54\xa6\xe4\x4f\x64\xdf\xd0\x57\xbe\xba\xb8\x6c\xd9\
\xec\x64\x67\x3d\xa6\x72\xdd\xef\x4c\xcf\x7d\xb5\x6b\xcf\xd0\xc7\
\x6b\xb2\x73\x06\xa8\x56\xdf\xc7\xef\xad\xc1\xcd\x7c\x94\x26\xa0\
\xa5\x97\x03\xca\xbe\x9e\x32\xf5\xd3\x9d\x65\x13\x50\xf6\xf5\xb5\
\xd9\x59\x03\x54\x69\xdf\x77\xc7\x5f\xbe\x06\x37\xf3\x95\xaf\xe5\
\x75\xb6\x74\x12\x50\xae\xf9\x6f\xb3\x33\x1f\x69\xbd\x25\x3b\x6b\
\x80\x2a\x35\x73\x0a\xd0\x58\x13\x30\x9f\xc7\x69\xf3\x2e\x6e\xcd\
\xce\x7c\xa4\xf5\xe6\xec\xbc\x01\xaa\x54\x0a\xe3\xbf\xae\xc1\x4d\
\x7c\xb4\x26\xa0\x14\xc7\x93\xb2\x33\x1f\x43\x69\x00\xfe\x34\x3b\
\xef\xd1\xf6\xb5\x8b\xdd\xd9\x79\x03\x54\x67\xfb\xf6\x78\x64\x29\
\x8c\x37\x64\xdf\xc4\x47\x6c\x02\xae\xdc\xb1\x2d\x1e\x9d\x9d\xfb\
\xaa\x6d\xdb\x16\x0f\x5e\x74\x71\x49\x76\xde\x23\x36\x01\x6f\xcf\
\xce\x1c\xa0\x3a\x65\x2a\x3e\xa7\xdc\x44\x6f\xcf\xbe\x89\x8f\xb6\
\xba\xb8\x62\xd9\xf8\x64\xe7\xbe\x6a\xc3\x10\x4f\x28\x85\xf1\xc6\
\xf4\xbc\xc7\x5b\xef\xc8\xce\x1c\xa0\x3a\xa5\x09\x18\xd6\xe0\x06\
\x3e\xe6\xba\xaa\x5c\xf3\x63\xb2\x73\x5f\xb5\xc5\x2c\x9e\x5b\xae\
\xf5\x27\x6b\x90\xf7\x58\xeb\xcf\x96\xdf\x77\x91\x9d\x3b\x40\x55\
\xca\xb4\xf8\x86\x35\xb8\x81\x8f\xb9\xbe\x56\xa6\xe4\x47\x65\xe7\
\xbe\x6a\xfb\x4e\x78\x6e\x59\x83\xbc\xc7\x59\x5d\x5c\xac\x09\x00\
\x38\x44\x13\x7e\x9e\xfc\x81\x56\x13\x27\x01\x43\x1f\x2f\x58\x34\
\x74\x12\x50\x7e\x8f\xdf\xbf\x7c\x32\x62\x76\xee\x00\x55\x69\xad\
\x09\x28\xd7\xfb\x0d\x4d\xc0\xf4\x56\xd9\xd7\x0f\x97\x26\xe0\xc8\
\xec\xdc\x01\xaa\xd2\x62\x13\x30\x9b\xc5\xc9\xd9\xb9\xaf\x5a\x73\
\x4d\x40\x1f\x1f\xd1\x04\x00\x1c\x22\x4d\xc0\x34\x35\xd8\x04\xfc\
\xf5\x30\xc4\x03\xb3\x73\x07\xa8\x4a\x8b\x4d\x40\x29\x16\x8f\xcd\
\xce\x7d\xd5\x5a\x6b\x02\x16\x5d\xfc\xe3\xae\x5d\xf1\xa0\xec\xdc\
\x01\xaa\xd2\x5a\x13\x50\xd6\x37\x35\x01\x13\x5c\x5d\x7c\x74\xf9\
\x80\xa4\xec\xdc\x01\xaa\xa2\x09\x98\xa6\xd6\x9a\x80\xf2\x7b\xfc\
\xcf\x17\x6d\x89\x87\x64\xe7\x0e\x50\x15\x4d\xc0\x34\xb5\xd6\x04\
\x2c\xba\xf8\xd4\xce\x9d\x71\x54\x76\xee\x00\x55\x69\xb1\x09\xe8\
\xfb\x78\x5c\x76\xee\xab\xd6\x5a\x13\x30\xef\xe3\x33\x9a\x00\x80\
\x43\xd4\x5c\x13\xd0\xc5\xb7\x34\x01\xd3\x5b\xa5\x09\xf8\x5c\xd7\
\xc5\xc3\xb2\x73\x07\xa8\x8a\x26\x60\x9a\x9a\x6b\x02\xba\xf8\xfc\
\xae\xad\x71\x74\x76\xee\x00\x55\x69\xad\x09\x28\x13\xe3\xd5\xa5\
\x09\x38\x25\x3b\xf7\x55\x6b\xad\x09\x28\xcd\xdd\x17\xca\xbe\x1e\
\x9b\x9d\x3b\x40\x55\x5a\x6c\x02\x76\xcc\xe2\xd4\xec\xdc\x57\xad\
\xb9\x26\xa0\x8f\x2f\x0e\x43\x1c\x9f\x9d\x3b\x40\x55\x5a\x6b\x02\
\xca\xc4\x78\x8d\x26\x60\x7a\xab\x34\x77\x5f\x9a\xcd\xe2\x57\xb2\
\x73\x07\xa8\x8a\x26\x60\x9a\x5a\x6b\x02\xca\xbe\x5e\x3a\x0c\x71\
\x42\x76\xee\x00\x55\xd1\x04\x4c\x53\x73\x4d\x40\x1f\x5f\xed\xba\
\x38\x31\x3b\x77\x80\xaa\xb4\xd8\x04\xcc\xe7\x71\x5a\x76\xee\xab\
\xd6\x5c\x13\xd0\xc5\x65\x65\x5f\x4f\xca\xce\x1d\xa0\x2a\x9a\x80\
\x69\x6a\xad\x09\x98\xf7\x71\x65\xd9\xd7\xc7\x64\xe7\x0e\x50\x95\
\xd6\x9a\x80\x72\xbd\xd7\x6a\x02\xa6\xb7\x5a\xf9\x76\x48\x80\x0d\
\xd5\x62\x13\xd0\x75\xf1\xc4\xec\xdc\x57\xad\xb5\x26\x60\xd1\xc8\
\xe3\xa0\x01\x36\x94\x26\x60\x9a\x5a\x6b\x02\x96\xcf\x7f\x68\xe1\
\x84\x07\x60\x43\xb5\xd8\x04\x0c\xdb\xe3\xf4\xec\xdc\x57\xad\xb5\
\x26\x60\xf9\x5e\x8f\x16\x9a\x3b\x80\x0d\xd5\x5a\x13\x50\xd6\x75\
\x9a\x80\xe9\xad\x65\x73\xd7\xf7\x71\x46\x76\xee\x00\x55\xd1\x04\
\x4c\x53\x83\x4d\xc0\xf7\x16\x8b\x78\x5a\x76\xee\x00\x55\xd1\x04\
\x4c\x53\x6b\x4d\x40\x59\xdf\x1f\x66\xf1\x8c\xec\xdc\x01\xaa\xd2\
\x62\x13\xd0\xc2\xb1\x71\x6b\x4d\x40\xf9\x3d\xbe\x71\xe8\xe2\x59\
\xd9\xb9\x03\x54\xa5\xb5\x26\x60\x79\x6c\x3c\x9f\xc7\x53\xb2\x73\
\x5f\xb5\xd6\x9a\x80\xb2\x6e\x2a\xcd\xdd\xd9\xd9\xb9\x03\x54\xa5\
\xc5\x26\xa0\x4c\x8c\x4f\xcd\xce\x7d\xd5\x5a\x6c\x02\x4a\x73\xf7\
\xbc\xec\xdc\x01\xaa\xa2\x09\x98\xa6\xd6\x9a\x80\xb2\xaf\x37\x2f\
\x66\xf1\xfc\xec\xdc\x01\xaa\xd2\x5a\x13\xb0\x58\xbe\x81\x4c\x13\
\x30\xb9\x55\x7e\x8f\x7f\xda\xf7\xf1\xe2\xec\xdc\x01\xaa\xd2\x62\
\x13\xd0\xc2\x47\xc9\x5a\x6b\x02\xca\xba\x65\x3e\x8f\x73\xb3\x73\
\x07\xa8\x8a\x26\x60\x9a\x9a\x6c\x02\x66\xf1\xd2\xec\xdc\x01\xaa\
\x52\x6e\x9e\x6f\x5c\x83\x1b\xf8\x78\xab\x8b\xef\x0e\xdb\xe3\xac\
\xec\xdc\x57\xad\x4c\xc5\xe7\x2c\x0b\x63\x7a\xde\x23\xad\xd2\xcc\
\xde\x5a\xf6\xf6\xe5\xd9\xb9\x03\x54\xa5\xb5\x93\x80\x72\xbd\xd7\
\x0f\x43\x3c\x21\x3b\xf7\x55\x6b\xed\x24\x60\x6f\x13\x30\x8b\x17\
\x66\xe7\x0e\x50\x95\x45\x6b\x27\x01\x7d\x5c\x55\x9a\x80\xe3\xb3\
\x73\x5f\xb5\xd6\x4e\x02\x16\x77\x7e\x44\xf0\xc9\xd9\xb9\x03\x54\
\xa5\xb9\x93\x80\x3e\x3e\xb6\x69\x53\x6c\xce\xce\x7d\xd5\x5a\x3b\
\x09\x58\x74\x71\xc5\xae\xad\x71\x74\x76\xee\x00\x55\x59\x34\x76\
\x12\x50\xa6\xc5\x21\x3b\xf3\x31\xb4\x76\x12\x50\x9a\xd9\xf7\x65\
\x67\x0e\x50\x9d\x96\x9a\x80\x79\x1f\x37\x5c\x78\x7e\x1c\x97\x9d\
\xf9\x18\x1a\x6b\x02\x6e\x6f\xe1\x51\xd0\x00\x1b\xae\xa5\x97\x03\
\xca\xb5\xbe\x2d\x3b\xef\xb1\xb4\xf4\x72\xc0\x9d\x2f\xf1\x00\x70\
\xc8\x16\x8d\x9c\x04\x94\x42\xf1\x83\x61\x88\x63\xb2\xf3\x1e\x4b\
\x43\x27\x01\x7b\xba\x2e\xce\xcc\xce\x1b\xa0\x4a\xad\x9c\x04\x94\
\xeb\x5c\x64\x67\x3d\xa6\x66\x4e\x02\xba\xb8\x38\x3b\x6b\x80\x6a\
\x2d\x1a\x38\x09\x98\xf7\xf1\xe9\xec\x9c\xc7\xd6\xc2\x49\xc0\xbe\
\x67\x3e\x3c\x30\x3b\x6b\x80\x6a\x4d\xfd\x24\xa0\x5c\xdf\x6d\x2d\
\x7e\x74\xac\x85\x93\x80\xa1\x8b\x67\x65\xe7\x0c\x50\xb5\xc5\xc4\
\x4f\x02\xfa\x3e\x5e\x94\x9d\x71\x86\xa9\x9f\x04\x94\xe6\xee\x8f\
\xb2\x33\x06\xa8\xde\x94\x4f\x02\xca\x34\xfc\xa6\xec\x7c\xb3\x4c\
\xfa\x24\xa0\x8b\xbf\xcc\xce\x17\x60\x12\x16\xd3\x3d\x09\xf8\x60\
\x76\xb6\x99\x26\x7b\x12\xd0\xc5\x25\xd9\xd9\x02\x4c\xc6\x24\x4f\
\x02\xba\xf8\x68\x76\xae\xd9\x26\x7a\x12\xf0\xed\xec\x5c\x01\x26\
\x65\x72\x4d\x40\x17\x9f\xcd\xce\x74\x1d\x4c\xb0\x09\xf8\x61\x76\
\xa6\x00\x93\x33\xa9\x26\x40\x03\x70\xb7\x89\x35\x01\x1a\x00\x80\
\x55\x98\x4c\x13\xe0\x25\x80\x7b\x98\x50\x13\xe0\x25\x00\x80\x55\
\x59\x4c\xe1\x8d\x81\x5d\x7c\x20\x3b\xc7\x75\x33\x91\x37\x06\x7e\
\x31\x3b\x47\x80\x49\xab\xfd\x24\xa0\xe5\x8f\x01\xde\x9f\xea\x4f\
\x02\x7c\x0c\x10\x60\xf5\x16\x35\x9f\x04\xcc\xe2\x85\xd9\xf9\xad\
\xab\xca\x4f\x02\xde\x9c\x9d\x1f\x40\x13\x6a\x3c\x09\x68\xf5\x51\
\xc0\x87\xa2\xd6\x93\x80\xd2\xbc\x3c\x33\x3b\x3b\x80\x66\x2c\x6a\
\x3b\x09\xe8\xe2\x53\xd9\x99\xd5\xa0\xc2\x93\x80\xeb\x76\xef\x8e\
\x23\xb3\x73\x03\x68\x4a\x4d\x27\x01\x65\xba\x9d\x67\xe7\x55\x8b\
\xaa\x4e\x02\x7c\x1d\x30\x40\x8e\x45\x05\x27\x01\xa5\x51\xb9\x71\
\x18\xe2\x98\xec\xac\x6a\x52\xc9\x49\xc0\x9e\xf2\x73\x3e\x39\x3b\
\x2b\x80\x66\x55\x70\x12\xf0\xd6\xec\x8c\x6a\xb4\xf6\x27\x01\x9e\
\xeb\x00\x90\x6f\xb1\xa6\x27\x01\xa5\x39\xb9\xbe\xef\xe3\xd8\xec\
\x7c\x6a\xb5\xc6\x27\x01\xb7\x77\x5d\x9c\x99\x9d\x0f\x00\x9b\xd6\
\xb3\x09\x28\x0d\xc0\x22\x3b\x97\xda\xad\x65\x13\xe0\xb5\x7f\x80\
\xf5\xb2\x56\x2f\x07\xec\x3d\x22\x8e\xcd\xd9\x99\x4c\xc1\x3a\xbd\
\x1c\x30\xef\xe3\x72\x1f\xe9\x04\x58\x43\x8b\x75\x38\x09\xe8\xe2\
\xeb\x17\x9e\x1f\xc7\x65\x67\x31\x25\xeb\x70\x12\x50\x1a\xcc\x1f\
\xf5\x7d\x9c\x91\x9d\x05\x00\x07\x90\x79\x12\xb0\x7c\xdd\xbf\xeb\
\xe2\xf1\xd9\x19\x4c\x51\xe6\x49\x40\xd9\xd7\x5b\x97\xff\xfd\xec\
\x0c\x00\xf8\x39\xca\xcd\xfa\x35\xe5\xa6\x7d\xc7\xa8\x45\xa2\x8f\
\xab\x77\xcc\xe2\x49\xd9\xd7\x3e\x65\xfb\x9a\x80\x9b\x46\x6e\x00\
\x7e\x32\x9f\xc7\xb9\xd9\xd7\x0e\xc0\x41\x2a\x37\xed\x57\x96\x26\
\xe0\xe6\x91\x8a\xff\x57\x66\xb3\x38\x39\xfb\x9a\x5b\xb0\x7c\xfc\
\x6e\xd9\xd7\xef\x8c\x34\xf9\x5f\x5b\xfe\x7b\xcf\xc9\xbe\x66\x00\
\x0e\x51\xd7\xc5\x13\x17\x5d\xfc\xd7\x4a\x0b\x45\x17\x1f\x38\xef\
\xbc\x78\x68\xf6\xb5\xb6\xa4\xef\xe3\xe1\xa5\xe9\xfa\xf8\x8a\x9b\
\xba\x4f\x96\xdf\x9f\x13\xb3\xaf\x15\x80\xff\xa7\x2d\x5b\xe2\x17\
\x96\x5f\xc7\xbb\xe1\x47\xc7\x5d\x5c\x3a\x74\xf1\x9b\xd9\xd7\xd7\
\xae\xd8\x5c\x26\xf4\xad\x1b\x7e\x1a\xd0\xc5\x35\xe5\xf7\x65\x9b\
\x4f\x71\x00\x4c\xc4\x30\xc4\xf1\xe5\x06\xff\xc7\x65\xb2\xbb\xe1\
\x30\x0b\xc4\x25\xcb\x97\x17\x4a\x63\xf1\x80\xec\x6b\x62\xd3\xa6\
\x8b\xb6\xc4\x43\x4a\x13\xb0\x6b\xf9\xe9\x8b\xc3\x2c\xfe\x57\xcd\
\x67\xf1\x3a\xa7\x39\x00\x13\xb5\x3c\x11\x28\xc5\xe2\x25\xcb\xa3\
\xfb\xd2\x0c\x5c\x79\x10\x85\xe1\xf6\xf2\xef\xfe\x47\xf9\xf3\xad\
\x3e\x06\xb6\xce\x62\xf3\x30\x8b\x67\x97\x66\xe0\x3d\x65\xaf\xfe\
\xb3\xac\x3d\x07\x71\xcc\xff\x95\xf2\xef\xbf\x77\x31\x8b\xe7\xee\
\xde\x1d\x47\x64\x5f\x01\x00\x23\x5a\xbe\x9e\x3c\x74\xf1\x1b\xe5\
\xcf\xf3\x4a\x31\xb8\x60\xe8\xe3\xf5\x65\xc2\x1f\xca\xdf\x5f\xb6\
\x7c\xe4\xab\x89\xb0\x4e\xdb\xb6\xc5\x2f\x95\x3d\x7c\x7a\x69\xde\
\x5e\xb1\xdc\xcf\x52\xf0\xdf\xb8\xfc\x73\x79\x7a\x53\x1a\x85\x67\
\xbc\xfa\xd5\xf1\xcb\xd9\x3f\x23\x00\x00\x00\x00\x00\x00\x00\x00\
\x00\x00\x00\x00\x00\x00\x00\x00\x00\x00\x00\x00\x00\x00\x00\x00\
\x00\x00\x00\x00\x00\x00\x00\x00\x00\x00\x00\x00\x00\x00\x00\x00\
\x00\x00\x00\x00\x00\x00\x00\x00\x00\x00\x00\x00\x00\x00\x00\x00\
\x00\x00\x00\x00\x00\x00\x00\x00\x00\x00\x00\x00\x00\x00\x00\x00\
\x00\x00\x00\x00\x00\x00\x00\x00\x00\x00\x00\x00\x00\x00\x00\x00\
\x00\x00\x00\x00\x00\x00\x00\x00\x00\x00\x00\x00\x00\x00\x00\x00\
\x00\x00\x00\x00\x00\x00\x00\x00\x00\x00\x00\x00\x00\x00\x00\x00\
\x00\x00\x00\x00\x00\x00\x00\x00\x00\x00\x00\x00\x00\x00\x00\x00\
\x00\x00\x00\x00\x00\x00\x00\x00\x00\x00\x00\x00\x00\x00\x00\x00\
\x00\x00\x00\x00\x00\x00\x00\x00\x00\x00\x00\x00\x00\x00\x00\x00\
\x00\x00\x00\x00\x00\x00\x00\x00\x00\x00\x00\x00\x00\x00\x00\x00\
\x00\x00\x00\x00\x00\x00\x00\x00\x00\x00\x00\x00\x00\x00\x00\x00\
\x00\x00\x00\x00\x00\x00\x00\x00\x00\x00\x00\x00\x00\x00\x00\x00\
\x00\x00\x00\x00\x00\x00\x00\x00\x00\x00\x00\x00\x00\x00\x00\x00\
\x00\x00\x00\x00\x00\x00\x00\x00\x00\x00\x00\x00\x00\x00\x00\x00\
\x00\x00\x00\x00\x00\x00\x00\x00\x00\x00\x00\x00\x00\x00\x00\x00\
\x00\x00\x00\x00\x00\x00\x00\x00\x00\x00\x00\x00\x00\x00\x00\x00\
\x00\x00\x00\x00\x00\x00\x00\x00\x00\x00\x00\x00\x00\x00\x00\x00\
\x00\x00\x00\x00\x00\x00\x00\x00\x00\x00\x00\x00\x00\x00\x00\x00\
\x00\x00\x00\x00\x00\x00\x00\x00\x00\x00\x00\x00\x00\x00\x00\x00\
\x00\x00\x00\x00\x00\x00\x00\x00\x00\xc0\x81\xfd\x2f\xd5\x7a\x4a\
\xf2\x05\x30\xb8\x8c\x00\x00\x00\x00\x49\x45\x4e\x44\xae\x42\x60\
\x82\
\x00\x00\x72\x81\
\x89\
\x50\x4e\x47\x0d\x0a\x1a\x0a\x00\x00\x00\x0d\x49\x48\x44\x52\x00\
\x00\x02\x00\x00\x00\x02\x00\x08\x06\x00\x00\x00\xf4\x78\xd4\xfa\
\x00\x00\x00\x09\x70\x48\x59\x73\x00\x00\x76\x1c\x00\x00\x76\x1c\
\x01\xa7\xc2\x78\xea\x00\x00\x00\x19\x74\x45\x58\x74\x53\x6f\x66\
\x74\x77\x61\x72\x65\x00\x77\x77\x77\x2e\x69\x6e\x6b\x73\x63\x61\
\x70\x65\x2e\x6f\x72\x67\x9b\xee\x3c\x1a\x00\x00\x20\x00\x49\x44\
\x41\x54\x78\x9c\xec\xdd\x77\x7c\x54\x55\xfa\x06\xf0\xe7\xbd\x33\
\x93\xd0\x4b\x28\xba\x2a\x76\x94\xa2\xd8\x00\x69\x2a\x28\xba\x76\
\xd7\x42\xe8\x90\xa0\x8b\xee\x5a\xd6\xb2\xea\xba\xbf\x5d\x9d\xd5\
\x5d\x95\xb5\x2f\xea\x8a\x4b\x0d\x3d\xb6\x55\xd6\x5e\x40\x51\x51\
\x44\x05\x05\x04\x41\x41\x9a\x14\xe9\x09\x24\x99\x99\xf3\xfe\xfe\
\xa0\x43\x42\x92\x39\x67\xfa\xf3\xfd\x7c\x44\x09\x73\xdf\xfb\x44\
\x32\x33\xef\x9c\x7b\xee\x39\x00\x11\x11\x11\x11\x11\x11\x11\x11\
\x11\x11\x11\x11\x11\x11\x11\x11\x11\x11\x11\x11\x11\x11\x11\x11\
\x11\x11\x11\x11\x11\x11\x11\x11\x11\x11\x11\x11\x11\x11\x11\x11\
\x11\x11\x11\x11\x11\x11\x11\x11\x11\x11\x11\x11\x11\x11\x11\x11\
\x11\x11\x11\x11\x11\x11\x11\x11\x11\x11\x11\x11\x11\x11\x11\x11\
\x11\x11\x11\x11\x11\x11\x11\x11\x11\x11\x11\x11\x11\x11\x11\x11\
\x11\x11\x11\x11\x11\x11\x11\x11\x11\x11\x11\x11\x11\x11\x11\x11\
\x11\x11\x11\x11\x11\x11\x11\x11\x11\x11\x11\x11\x11\x11\x11\x11\
\x11\x11\x11\x11\x11\x11\x51\xe5\x24\xd1\x01\x28\x0d\xa9\xca\xbd\
\x9b\x0a\xbb\x1a\xd1\xbe\x50\xaf\xa5\x8a\x1e\x0b\x45\x6d\x05\xea\
\x02\x5a\xac\xc0\x26\x28\x56\x18\xc1\x5c\x00\x73\x60\xcc\x07\x43\
\x72\x7a\xcf\x87\x88\x26\x3a\x3a\x51\xac\xb5\x99\x53\x50\x7b\x5b\
\x31\xba\x00\xa6\x13\x04\xad\x55\xd1\x02\x8a\x86\x3b\x9f\x1f\x61\
\x05\x42\x02\xac\x30\xaa\x8b\x01\x99\x9a\x0d\x33\x7e\x61\x97\x6b\
\xb7\x26\x3a\x37\xa5\x1f\x36\x00\xe4\xd4\x5f\x36\x4e\xba\x4a\x20\
\x0f\xa8\xa0\xd5\xae\xaf\xe9\xce\xb7\x75\xdd\xf9\xab\xee\xfc\xcd\
\xde\xef\xf6\x0a\xac\x84\x4a\xa1\x31\x3a\xee\x91\x26\xbd\xbe\x8a\
\x5f\x62\xa2\xd8\x6b\x3d\xb5\xb0\x4e\x28\x7b\xdb\x55\x46\xd0\x4b\
\x14\xdd\x15\x08\xec\xfa\xb3\x7d\x9f\x0f\xba\xfb\x79\xa1\x7b\x9e\
\x20\x5b\x55\xf4\x79\x29\x93\xbf\x2f\xed\x96\xbf\x29\x8e\xb1\x29\
\xcd\xb1\x01\x20\x27\x82\x1b\x0a\x8f\x34\x3e\x7d\x5e\x15\xbf\x06\
\xf6\x7b\x73\xaf\x5a\x03\xb0\xf7\x8b\xe0\x0c\x85\x3c\x51\x3b\x67\
\xc1\x4b\x41\x09\x9a\x58\x67\x27\x8a\x95\xe3\x66\x8e\x6c\xe6\x8b\
\x78\x7f\x80\xe0\x5a\x28\x1a\x54\xe1\x67\xbf\xbc\x06\x60\xd7\xd7\
\xd6\x02\x72\xfb\x4f\x5d\xf2\xc6\xc7\x3c\x38\x65\x04\x36\x00\x64\
\x2d\xb8\x71\x62\x57\xe3\x79\x85\x00\x9a\xec\xfb\x66\xbf\xf3\xbf\
\xab\xdd\x00\xec\xfe\xfd\xb7\xaa\xf2\x7f\x8f\x36\xe9\x39\x25\x66\
\xe1\x89\x62\xe0\xf8\x8f\x46\x36\xf1\x65\xc9\xff\x41\xe4\x06\x18\
\x64\xef\xf7\x73\x1d\x6d\x03\xb0\xe3\x6b\x8a\xe7\xb2\x8a\xb6\xde\
\xba\xf8\xe2\x5b\x4a\x63\xf7\x1d\x50\x26\x60\x03\x40\x56\xee\xdd\
\x34\xa9\x87\x88\x4c\x50\xc0\x0f\xec\xff\x66\xbf\xf3\xbf\xa3\x6f\
\x00\x76\xfd\xf7\x94\x08\xbc\xdf\x3d\xd1\x38\x77\x65\x2c\xbe\x07\
\x22\x97\x5a\x7e\x3e\x7a\x80\x2a\x1e\x57\xa0\x11\x80\x72\x7f\xae\
\xad\x1a\x00\x00\x06\x78\x1f\xbe\xda\x97\xad\xe8\x94\xbb\x3d\x16\
\xdf\x03\x65\x06\x36\x00\x14\xb5\xe0\x96\xc2\xcb\xa1\xfa\xa2\x02\
\x81\xfd\x5f\xa0\x1c\x37\x00\x00\xb0\x19\x2a\x77\x3e\xda\x38\x77\
\x38\x27\x0b\x52\x32\x6a\x31\x63\xd4\xd1\x9e\xe0\x39\x03\xd9\xf7\
\x32\x58\x0c\x1a\x80\x9d\xff\x7a\xd7\x17\xc6\xe5\x4b\xbb\xe5\x97\
\x38\xfc\x36\x28\x83\xb0\x01\xa0\xa8\xdc\x5f\x34\xe9\x14\x13\x96\
\x19\x2a\xa8\x09\x54\xf8\x02\x55\xce\xd7\xa2\x6e\x00\x76\x7e\x4d\
\x3e\xf0\xc1\xf4\xff\x67\x93\xde\xab\x5c\x7d\x2f\x44\xb6\x5a\x7f\
\x36\x7a\xb0\x11\x3c\xbe\xf3\x6e\x17\x00\x71\x69\x00\xa0\xc0\x88\
\x15\x67\xe5\x5f\xe7\xe8\xdb\xa0\x0c\xc3\x06\x80\xaa\xed\xe1\x0d\
\x85\xf5\x4b\xfc\x3a\x0b\x8a\xe3\xf7\x7f\xb1\x8b\x7d\x03\x00\x28\
\xb0\xca\x13\xbd\xea\xd1\xc6\xbd\x3f\x77\xf2\x0d\x11\x45\xa9\xf5\
\xbc\xc2\x2c\x2d\xde\x36\x14\x8a\xc1\xe5\xfe\x0c\x97\xf7\x35\xb7\
\x0d\x00\xa0\x18\xbc\xe2\xec\xfc\xff\x38\xf8\x76\x28\xc3\x78\x89\
\x0e\x40\xa9\xa7\xc4\xaf\x8f\x03\x38\x3e\x81\x11\x0e\x33\x2a\x1f\
\xde\xbe\x76\x62\x5e\x02\x33\x50\x86\x3b\x61\xd6\x84\xc6\x28\xde\
\xf6\x36\x14\x83\x13\x1c\xe5\xc9\x23\xa7\x8f\x3c\x36\xc1\x19\x28\
\x05\xb1\x01\xa0\x6a\xb9\x7f\xcb\xc4\xb3\x00\xe4\x27\x3a\x07\x80\
\x6c\x15\x19\x75\xdb\xba\x49\x8f\x06\x35\xc8\x9f\x63\x8a\xab\xd6\
\x33\x47\x9d\x1a\x88\x94\x7d\x05\x45\xd7\x44\x67\x01\x50\xcb\x18\
\x3c\x9d\xe8\x10\x94\x7a\xf8\xc2\x49\x55\x16\xd4\xa0\xa7\xf0\x86\
\x22\xb9\x2e\x1d\xdd\xb1\x69\x5d\x8b\x11\x3d\xb4\xd0\x97\xe8\x20\
\x94\x19\x5a\x7f\x31\xa6\x3d\x44\x3e\x00\xd0\x2c\xd1\x59\x76\x13\
\xb9\xe8\xf0\x8f\x46\x5f\x92\xe8\x18\x94\x5a\xd8\x00\x50\x95\x49\
\x51\x8b\xab\x01\x9c\x92\xe8\x1c\xfb\x13\x20\xef\xf0\x75\x66\x7c\
\x50\xa7\xfa\x13\x9d\x85\xd2\x5b\xeb\x2f\x46\x77\x16\xc5\xbb\x50\
\x34\x4c\x74\x96\x03\xe9\xfd\x50\x4d\xa6\xe6\x9c\x92\x1c\x1b\x00\
\xaa\x12\x55\x15\xa8\xdc\x9b\xe8\x1c\x07\xd1\x73\xe3\xba\x9f\xc7\
\xb2\x09\xa0\x58\x39\xe9\x8b\x51\x5d\xc5\xc8\x5b\x00\xea\x25\x3a\
\x4b\x05\x4e\x3f\x6c\xfa\xa8\xcb\x13\x1d\x82\x52\x07\x1b\x00\xaa\
\x92\xfb\x8b\x27\x9d\x0b\xe0\xa4\x44\xe7\x38\x18\x81\xf4\xda\xb4\
\x6e\xf5\x78\xce\x09\x20\xd7\x76\x7c\xf2\xf7\x5e\x87\xa0\x4e\xa2\
\xb3\x1c\x8c\x40\x6e\x49\x74\x06\x4a\x1d\x7c\xa1\xa4\x2a\x11\xf5\
\x6e\x48\x74\x86\xaa\x50\x20\x77\xe3\xda\x13\x1f\x4d\x74\x0e\x4a\
\x1f\x27\xcd\x1a\x7d\x9c\xa7\xf2\x0a\x80\x5a\x89\xce\x52\x05\xe7\
\x1e\xf1\xe1\xa8\x93\x13\x1d\x82\x52\x03\x1b\x00\xaa\xd4\x83\x5b\
\x0b\x9b\x00\xb8\xc2\xbe\x92\x2e\x52\x60\x1a\x04\xab\xed\x6b\x1d\
\x84\xe0\xb6\x9b\xd7\x4e\xe4\x27\x21\xb2\xd6\x66\x4e\x41\x53\x4f\
\xbd\x77\x00\x34\x89\xe1\x69\x54\x80\x05\x10\x7c\x09\xa0\xcc\xb6\
\x98\x81\x0e\x74\x90\x89\x32\x00\x1b\x00\xaa\x54\x04\xe6\x2a\xec\
\xb5\x7d\x69\x94\xc6\x3c\xd8\xa0\xe7\x89\x0f\x35\xec\xd5\x2d\xbb\
\xfe\x82\xc3\x45\xcd\x05\x00\x5e\x75\x10\xaf\x5c\xa2\x78\xfc\xd6\
\x35\x13\x7e\x13\xab\xfa\x94\xfe\xce\x98\x35\xac\x96\x96\xe1\x7f\
\x80\xc6\xea\x1e\xfb\x88\x08\x26\x99\x48\xe4\xb4\xc5\x9d\xf3\x5a\
\xfe\xd8\x29\xaf\xad\x8a\x77\x16\x80\x90\x5d\x59\xc9\xe5\x64\x40\
\xaa\x0a\x36\x00\x54\x29\x85\xd7\xc3\xb2\xc4\x2f\x01\x4f\x6e\xdf\
\xb5\x86\x7f\x50\x82\xe6\xc1\x46\x7d\xde\x7d\x38\xa7\xd7\x6f\x54\
\xe5\x42\x08\xbe\x77\x10\x73\x7f\x3e\x03\x19\x7f\xcb\xba\xf1\x67\
\xc4\xa0\x36\xa5\x3b\x55\x09\x6b\xcd\x02\x81\xb6\x8b\xd1\x19\x66\
\xc1\x33\x6d\x16\x75\xcc\xeb\xbd\xe4\xac\x6b\xe7\xec\xfa\xe2\x92\
\x4e\x03\x67\x0a\xf4\x09\xcb\xda\xcd\x0e\x9b\x3e\xa6\x93\x65\x0d\
\xca\x00\x6c\x00\xe8\xa0\x82\x9b\x0b\x73\x00\xed\x6a\x55\x44\x74\
\x78\xb0\x7e\xee\x86\xf2\xfe\x68\x48\xa3\x9e\x6f\x87\x4b\xcb\x4e\
\x17\x20\x16\x7b\x9c\xd7\x52\xe3\xbd\xf0\xbb\x4d\xe3\x93\xf0\x96\
\x2d\x4a\x66\xa7\x7c\x39\xf6\x76\x40\xaf\x8e\x41\xe9\x90\x8a\x04\
\x8f\x28\x3d\xaa\xe3\xe2\x0e\x83\xe6\x97\xf7\x00\x13\x90\x27\x00\
\x44\xac\xce\xa2\x7a\xa9\xd5\xf1\x94\x11\xd8\x00\xd0\x41\xf9\x3c\
\xd3\x15\x80\xd5\x22\x3b\xaa\xde\xe4\x83\xfd\xf9\xa3\x87\x0e\x28\
\x7e\x38\xa7\x57\x3f\xa8\xde\x04\xeb\xe1\xcf\x03\x1c\xe3\x2f\xf5\
\x46\x71\x48\x94\xaa\xea\x94\x59\x05\x5d\xa0\xfa\x50\x0c\x4a\xaf\
\x51\x23\xe7\x2c\xee\x38\xf0\x6f\xd3\xba\x75\x0b\x57\xf4\xa0\xa5\
\xed\xf3\x57\x03\xf8\xc0\xee\x54\xfa\x6b\xbb\xe3\x29\x13\xb0\x01\
\xa0\xca\x74\xb7\x3c\xfe\x87\x07\x1b\xe6\xce\xae\xca\x03\x87\x34\
\xee\xfd\x8c\x88\x5e\x09\x60\x9b\xe5\x39\xf7\x77\xc5\x2d\x6b\x27\
\xdf\xe6\xb8\x26\xa5\xa1\x36\x73\x0a\x9a\x02\x3a\x09\xf6\x73\x5e\
\xf6\x37\xdf\x83\x76\x58\xdc\x79\xe0\x8c\xaa\x3c\x58\xa0\xaf\xd8\
\x9d\x4e\x4e\x6d\xfa\xde\x7f\x0e\xb1\xab\x41\xe9\x8e\x0d\x00\x55\
\x42\xba\xda\x1d\x8e\x8f\xab\xf3\xf0\x21\x39\xbd\x5f\x57\x91\x0b\
\x00\x6c\xb4\x3a\xef\x7e\x14\xfa\xf0\x8d\x6b\x26\x74\x74\x59\x93\
\xd2\x8c\x06\x3d\x2f\xac\xe3\xa1\x38\xdc\x65\x59\x01\xde\x2b\x2b\
\xd1\xce\x0b\x3a\xe6\x2f\xad\xfa\x41\x52\xad\xe7\x4d\x79\x15\xfc\
\x7e\x7f\x7b\xcb\x1a\x94\xe6\xd8\x00\x50\x85\x82\x1b\x5f\x69\x00\
\xe0\x44\xab\x22\xaa\x55\xfa\xc4\xb3\xb7\x47\x72\x7a\x7e\x62\x8c\
\x77\x3e\x80\xcd\x56\xe7\xde\x57\x40\x54\xc6\x0e\x5e\x35\x25\x15\
\xee\xe5\xa6\x04\x38\xed\xcb\x63\x6e\x84\x5a\x8f\x78\xed\x43\x21\
\x2f\xd7\x0e\x94\x5e\xbc\xb4\x5b\xfe\xa6\xea\x1c\xf7\x63\xc7\x9f\
\xe6\x01\xa8\xd6\x31\x07\x10\x70\x02\x2c\x1d\x14\x1b\x00\xaa\x90\
\x2f\x50\xd6\x16\x96\x3f\x23\xa2\xf8\x2c\x9a\xe3\x1e\x6b\x92\xfb\
\xa5\xe7\x79\x97\x02\x28\xb6\x39\xff\x7e\x8e\xcb\xf2\xb6\x3e\xe8\
\xb0\x1e\xa5\x89\x33\x66\x8d\x3e\x4e\x01\xc7\xd7\xfd\xf5\xd5\xba\
\xfe\x92\x5e\x5f\xb6\xbd\xbe\xfa\xf3\x5a\x24\x68\x00\xcc\xb4\x39\
\xbb\x01\x4e\xb7\x39\x9e\xd2\x1f\x1b\x00\xaa\x90\x18\x69\x6b\x59\
\x22\xb2\xa9\x41\xbd\x05\xd1\x1e\x3c\x24\x27\xf7\x63\x11\x73\x25\
\x1c\x2c\x8e\xb2\x87\xdc\x7c\xd3\x9a\xc9\x9d\xdd\xd5\xa3\x94\xa7\
\x41\xcf\xa8\x8c\x04\x50\xdb\x5d\x4d\xfc\xcf\x5f\xb7\x76\x6e\x54\
\x6f\xfe\x7b\x94\x7b\x97\x40\x55\x09\x1b\x00\xaa\x04\x1b\x00\xaa\
\x90\x42\x5b\xdb\x1d\x8f\x25\x43\xe5\xe2\x52\x9b\x1a\xff\x6c\xd4\
\xe7\x5d\x85\x0c\xb6\xa9\xb1\x1f\x4f\x8d\x19\x79\xdb\xf2\xc2\x9a\
\x0e\x6b\x52\x0a\x3b\xf5\xcb\x63\x6e\x86\xe0\x6c\x67\x05\x05\x6f\
\x85\x37\x6e\xb9\x66\x5e\xeb\x5c\xab\xc6\x55\x54\xbe\xb3\x4c\x72\
\x78\x93\xa9\xa3\x0e\xb5\xac\x41\x69\x8c\x0d\x00\x55\x4c\xd0\xca\
\xea\x70\x95\xa8\x3f\xfd\xef\xed\xb1\xc6\x3d\xc7\x08\xc4\xdd\xd0\
\xbd\xe0\x84\xb2\xac\xc8\x7d\xce\xea\x51\xca\x6a\x37\x73\x64\x33\
\x01\xfe\xe1\xb0\xe4\x6c\xdf\xb6\x5a\x3d\x16\x5f\x7c\x8b\x55\xe3\
\x0b\x00\x10\xb5\x6d\x00\xe0\xf3\x38\x0a\x40\x15\x63\x03\x40\xe5\
\xd2\x1d\xf7\xcd\xb7\xb0\x2a\x22\xba\xd0\x4d\x1a\xe0\x91\x46\xb9\
\x7f\x11\xe0\x85\x8a\x1f\xa1\xd5\x2b\xa8\xb8\xed\xfa\xb5\xe3\x9b\
\xdb\xa5\xa2\x54\x17\xf1\x79\xff\x84\xbb\xa1\xff\xd5\x3e\xcf\x5c\
\x3e\xaf\x5b\x6e\x91\x8b\x62\x1a\xc2\x22\xdb\x1a\x22\x6a\x37\x89\
\x97\xd2\x1a\x1b\x00\x2a\xd7\xdf\x8a\x5e\x69\x02\xcb\xdd\xcf\x54\
\xb0\xcc\x51\x1c\x40\x44\x11\x2e\xcb\x87\xe5\x75\xd1\xbd\x64\xf9\
\x22\xbe\xc7\x1c\xd5\xa2\x14\x74\xc6\xac\x82\x2e\x80\xf4\x74\x54\
\xae\x04\xaa\x57\xce\x6d\x3f\x68\xb9\xa3\x7a\x58\xda\x35\x6f\x0d\
\x00\xbb\x91\x04\xe3\x35\x73\x93\x86\xd2\x11\x1b\x00\x2a\x97\xe7\
\x95\xda\xdf\x0b\xad\x58\xe9\x20\xca\x6e\x8f\x1e\x3a\xa0\x58\x81\
\x2b\x01\x6c\x71\x53\x51\x2f\xfb\xfd\xaa\x09\x17\xba\xa9\x45\xa9\
\xa4\x47\x61\xa1\x4f\x45\x9f\x06\xe0\x62\x85\x48\x85\xe0\xba\xef\
\x3a\xe4\x47\x75\xc7\x4b\x85\x76\xec\x9d\x61\xfb\x1c\x62\x03\x40\
\x15\x62\x03\x40\xe5\xf2\x85\x7d\x87\xd9\xd6\xf0\x3c\x59\xe5\x22\
\xcb\xde\x1e\x6f\xd2\xeb\x7b\x81\xdc\xe0\xac\xa0\xc8\xe3\x83\x75\
\x98\xeb\x55\xdf\x28\xc9\xfd\x78\xec\xf6\xeb\x01\x9c\xe2\xa2\x96\
\x02\x4f\xce\x6f\x9f\x17\x8b\xbd\x2c\x00\x81\xd5\x88\x82\x88\xb2\
\x01\xa0\x0a\xb1\x01\xa0\x72\x19\x51\xeb\x06\xc0\x17\x76\x3b\x02\
\xb0\xcb\x63\x4d\x7a\x4e\x84\xe8\x48\x47\xe5\x5a\x06\x56\xd7\xbf\
\xce\x51\x2d\x4a\x01\x67\xcc\x1a\x56\x4b\x05\x7f\x75\x54\xee\x9b\
\x50\xce\x96\x7b\x1c\xd5\x3a\x80\x28\x56\xd8\x1c\x6f\x38\x02\x40\
\x07\xc1\x06\x80\xca\x27\xf6\xcb\xa1\xae\x6f\x58\x67\x8d\x8b\x28\
\xe5\x09\x49\xe4\x36\x00\x4b\x5c\xd4\x52\xe8\x3d\x37\x2f\x7a\x23\
\xdb\x45\x2d\x4a\x7e\x2a\x35\x6e\x04\xe0\xe2\xf6\xb8\x12\xe3\x79\
\x7d\x17\x37\x77\x30\xe3\xbf\x02\x2a\xf8\xc5\xe6\x78\x01\x0e\xc5\
\x2c\x8e\x70\x51\xf9\xd8\x00\x50\x45\x6c\x47\x00\x8a\x6d\xd7\x00\
\x38\x98\xa1\x8d\xfa\x6d\x31\x2a\x79\x00\x8c\x83\x72\xcd\xc2\x75\
\x36\x73\x14\x20\x03\x74\xfe\x78\x44\x5d\x01\xee\x72\x51\x4b\x04\
\x77\x7f\xd7\x6e\xc0\x5c\x17\xb5\x2a\x3c\x87\x51\xab\x06\x00\x80\
\x77\x58\x49\xcd\x5f\x39\x09\x43\x69\x87\x0d\x00\x95\x4f\xc4\xf6\
\x45\xc3\xe9\x66\x3e\xe5\x79\xaa\x69\xcf\x8f\x00\x3c\xe1\xa4\x98\
\xe0\x9e\xbc\x25\xa3\x6a\x38\xa9\x45\x49\xab\xb4\x66\xe0\x16\x00\
\x8d\x1d\x94\x7a\x6b\x6e\xbb\x81\x43\x1d\xd4\x39\x28\xf5\xb0\xde\
\xb6\x46\x24\x12\xa9\xef\x22\x0b\xa5\x1f\x36\x00\x54\x3e\x45\x1d\
\xcb\x0a\x31\x6f\x00\x00\xc0\x17\x29\xbb\x0f\x82\x9f\xac\x0b\x29\
\x0e\xaf\x59\x33\xfb\xb7\x0e\x22\x51\x92\x6a\x3d\xaf\xb0\x8e\x42\
\xef\x70\x50\x6a\xab\xcf\xf8\x7f\xbb\x73\x96\x7e\x4c\x89\x11\xdb\
\x11\x00\xf8\xd5\xb3\x7d\x2e\x53\x9a\x62\x03\x40\xe5\x13\xd8\x2e\
\x95\xbb\xc1\x49\x8e\x4a\x3c\x7a\xe8\x80\x62\x01\x6e\x72\x52\x4c\
\xe5\x8e\x1e\x5a\xe8\x73\x52\x8b\x92\x4e\xcd\x92\xed\x79\x00\x1a\
\xda\xd6\x51\xd1\xfb\xbe\xe9\xd0\xcf\x6a\x72\x5e\x95\x89\xe5\x8e\
\x80\x00\x14\x86\x0d\x00\x95\x8b\x0d\x00\x95\x4f\x2d\x1b\x00\x95\
\xad\x8e\x92\x54\xea\xf1\x26\xbd\xfe\x27\x90\x97\x1c\x94\x3a\xaa\
\xd1\xcf\x91\xcb\x1d\xd4\xa1\x64\xa3\x41\x0f\x82\x3f\x58\xd7\x11\
\x7c\xd3\xa4\xe8\xa8\x98\x0f\xfd\xef\x62\xc4\xb3\x5e\x55\x50\xc1\
\x11\x00\x2a\x1f\x1b\x00\xaa\x80\xb1\x6a\x00\x44\xb0\xdd\x55\x92\
\xaa\x30\x7e\xef\x76\xc0\xc9\x39\x6f\x71\x50\x83\x92\x4c\xdb\xaf\
\x8f\xbe\x14\xc0\xf1\xf6\x95\xbc\x3f\x4e\xeb\xd6\x2d\x6c\x5f\xa7\
\x6a\x7c\x62\x1c\x2c\x2b\xcc\x11\x00\x2a\x1f\x1b\x00\xaa\x80\x58\
\x35\x00\x2a\x1a\xd7\x06\xe0\xa9\x9c\xdc\x65\x0a\x7d\xca\x41\xa9\
\xae\xbf\x5b\x3e\xa1\x8d\x83\x3a\x94\x54\xbc\xdb\x6c\x2b\x28\xf0\
\xf6\xdc\x76\xfd\xdf\x75\x91\xa6\xaa\x22\x21\x9f\x7d\x03\xe0\x39\
\xdc\xe6\x98\xd2\x0a\x1b\x00\xaa\x88\x5d\x03\xa0\xd8\xe6\x2a\x48\
\x55\xd5\xf0\xfb\x1f\x06\xec\xee\x9b\x06\x00\xf5\x89\x9b\x39\x05\
\x94\x14\xda\xce\x19\x7b\x22\xa0\x5d\x2d\xcb\xa8\xc2\xfc\xc9\x45\
\x9e\xea\xf0\xfb\x51\x6c\x5b\x43\x55\xd8\x00\x50\xb9\xd8\x00\x50\
\x45\x52\xea\x12\x00\x00\x0c\xc9\xc9\xdd\x0c\xe0\x01\x07\xa5\x72\
\x79\x4b\x60\x1a\x31\x91\xfe\x0e\xaa\xbc\x35\xaf\x7d\xfe\x6c\x07\
\x75\xaa\x45\xb3\xb7\x5b\xaf\xa5\x21\xaa\x31\xbf\x5b\x81\x52\x13\
\x1b\x00\xaa\x88\xdd\x02\x3b\x8a\x32\x47\x39\xaa\xc5\x6c\xae\x3f\
\x0c\x80\xed\x1e\x04\xf5\xb3\x6a\xd4\xbc\xcc\x45\x1e\x4a\x30\x0d\
\x7a\x9e\x4a\x3f\xeb\x32\x62\xfe\xe9\x22\x4e\x75\x79\xe1\xda\xf6\
\x6f\xde\x9e\x93\xc5\xb2\x28\x0d\xb1\x01\xa0\x8a\x58\x4e\x74\xd2\
\xb8\x4d\x94\xda\xdb\xd0\xe6\x17\x97\xaa\xda\x2f\x0e\x24\x8a\x3e\
\x2e\xf2\x50\x62\x9d\x39\xe7\x98\x73\x14\x38\xca\xa6\x86\x42\xbe\
\x98\xdb\x2e\x7f\x9a\xa3\x48\x71\x27\x06\x91\x44\x67\xa0\xe4\xc4\
\x06\x80\x2a\x12\xb2\x39\x58\x34\xf6\x8b\xa4\x54\x24\x2c\xbe\xe7\
\x00\xdb\x15\xd4\xf4\xe2\x6b\x97\x17\xe6\x38\x09\x44\x09\x63\x22\
\xe8\x6d\x5b\x43\xa0\x09\xf9\xf4\x0f\x00\xbe\x70\xa9\xf5\xf3\xc8\
\x88\x70\x04\x80\xca\xc5\x06\x80\x2a\x62\xd5\x00\x00\x9a\xb0\x17\
\x9d\x67\x9b\xe6\x16\x01\x78\xda\xb2\x4c\x56\xc0\xcf\x35\x01\x52\
\x9a\xaa\x40\x70\x89\x65\x95\xf5\x91\x5a\x35\x5f\x73\x92\x27\x0a\
\xfe\x50\x89\x75\x03\x20\xa2\x1c\x01\xa0\x72\xb1\x01\xa0\x8a\x58\
\x0d\xe1\x1b\xcf\x4b\xe8\x8b\x8e\xfa\x23\xc3\x01\xbb\xa1\x4f\x03\
\xfd\xb5\xa3\x38\x94\x00\x6d\xe7\x14\x9c\x0a\xdb\x4d\xad\x04\x93\
\xe7\xb5\xce\x4d\xc8\x7c\x16\x67\x78\x09\x80\x2a\xe0\x4f\x74\x00\
\x4a\x5a\x96\x23\x00\x89\x35\xb4\x51\xbf\x15\xb7\xac\x9d\xf8\x26\
\x14\x97\x46\x5b\x43\x54\xce\x0f\x6a\xd0\x0b\x4a\x30\x6e\xa3\x19\
\x3d\x96\x17\xd6\x0c\x98\xd0\xaf\x04\xfa\x2b\x63\xbc\x26\x46\xb5\
\x1e\x80\x7a\x80\xd4\x87\xa2\x1e\x44\x1b\xec\x7a\xac\xea\x8e\x65\
\x6d\xf7\x0e\xa7\x7b\xfd\x6a\x80\xfa\xaa\x07\x36\xf9\xba\xf3\x0f\
\x77\x7d\xb4\x34\x7b\x0e\xa9\xf0\x31\xbb\x44\x44\x8b\x44\x25\x04\
\x00\x2a\xba\x59\x14\xc6\x18\x40\x65\xc7\xde\x0f\xa2\x28\x51\x0f\
\x5b\xa0\xd8\x02\xd5\xcd\x46\x64\x93\x51\xdd\xe2\x33\xd8\x22\x81\
\xc0\xe6\x50\xc4\xb7\x65\x5a\xeb\x5c\x07\x8b\xdb\x54\xce\x53\x5c\
\x64\xfb\xf1\xd9\x53\x9d\xe0\x24\x4c\x94\x7e\x29\xab\xab\x35\x03\
\x76\xef\xdf\x22\x6c\x00\xa8\x7c\x6c\x00\xa8\x5c\x0a\x0d\x09\x24\
\xea\xe3\xc5\x68\xe2\x7f\xb6\x8c\x0c\x87\x68\xd4\x0d\x00\x80\x46\
\xab\x57\x37\x6f\x0b\x60\xa6\xab\x48\xfd\x57\x17\xd4\xf6\x6d\xf7\
\x35\x0f\x8b\x1c\x07\xe0\x58\x15\x3d\x56\x0d\x8e\x13\x41\x33\x00\
\x87\x69\x24\x54\x0f\x00\x8c\x0a\x00\x85\xec\xfc\x2b\x50\x55\xec\
\xfa\xeb\xd8\xf5\xa6\x56\xee\x9b\x9b\xee\xf9\x97\xec\xf5\xb5\x83\
\xbd\x11\xca\x9e\x87\x95\xff\x07\xd8\xd3\x58\xec\x98\xd9\xb1\xe7\
\x24\xba\xf3\x71\xb2\xf3\xab\x3b\x63\x43\x77\xfd\x81\x02\x1e\x04\
\x46\x00\x84\xc3\x10\x84\xd1\x6d\xee\xd8\x10\x80\x9f\x55\xb1\x5c\
\x81\x95\xaa\xba\x4a\xa0\xcb\x8d\x27\xab\x7c\x61\xac\x80\x46\x56\
\xac\xcb\xaa\xbd\xca\xc1\x27\xef\x8b\x2c\x8f\x5f\x32\xbb\xed\xc0\
\x4f\x81\x3c\xcb\x32\x89\x65\x20\x71\x69\xb8\x28\xf5\x24\xfe\x45\
\x9a\x92\x92\xa8\x57\x04\x9b\x79\x7c\x82\x2c\x77\x69\xa2\x93\x73\
\xc8\x21\xaf\xaf\x5f\xbb\x7a\x3d\x80\x46\xd1\xd6\x88\xa8\x9c\x87\
\x68\x1a\x00\x55\x19\xb4\x6a\xdc\x09\xe1\x88\xff\x54\x0f\x68\x03\
\xa0\xb5\x81\x9e\x84\x52\x1c\x13\xf1\xe0\xed\x78\x9f\xd4\x1d\xef\
\xb1\xd1\xf7\x59\xa9\x2a\x00\xe0\x48\x00\x47\xee\xf9\xfe\x05\xa2\
\x80\xf1\x00\x85\x0f\x39\x91\x92\xf0\x59\xdf\x8e\x59\x02\xc5\x77\
\x6a\x64\x81\xf1\x64\x81\xe7\xe1\x2b\xff\xba\x23\xe6\x55\x65\x29\
\xde\xae\x53\xa7\xfa\xb7\xe9\xb2\x33\xec\x62\xca\x7f\xe3\xb1\xe3\
\xdf\xc1\xf8\x1a\x6d\x57\x94\xd8\x3d\x95\x44\xcc\x66\x47\x71\x28\
\xcd\xb0\x01\xa0\xf2\x89\xdd\x6e\x7e\x22\x1a\x70\x15\x25\x5a\x41\
\xe9\x16\xbe\x65\xcd\xc4\x37\x15\xb0\xb8\x0f\x5c\x4e\xaf\xca\xa3\
\x06\xaf\x9a\xd0\x38\xa2\xe8\x68\x54\xdb\xab\xa2\x3d\x56\x4c\x6c\
\x6f\xd4\xd7\x40\xa0\x07\xfd\xf4\x4d\x15\xf2\x43\xa5\xb9\x02\xcd\
\x21\xb8\x5c\x54\xa1\x11\xa0\x2c\x67\x79\x49\xc7\xd9\x05\x73\x3c\
\x60\x96\x0a\x3e\x0e\xf9\x23\xd3\xbe\x68\x9d\xbf\x7a\xff\x83\xb7\
\xd7\x5b\xd6\x0a\xd6\x8b\x59\x99\xf7\x6d\x8e\x77\xc1\x2b\x6b\xa8\
\xb0\x5c\x0c\xd0\x44\x84\x0d\x00\x95\x8b\x0d\x00\x55\xc0\x6c\xb4\
\xf9\x68\x6a\x4c\xe2\x47\x00\x00\x00\xa2\x53\x60\xb1\x10\x8c\x08\
\x4e\x2d\xef\xeb\xd7\x2e\x2f\xcc\x81\x2f\x7c\xb6\xaa\x76\x83\x4a\
\xd7\xb0\xc1\x49\x50\x78\x80\xec\x1e\x0e\xa7\x98\xa8\x21\xc0\x99\
\x0a\x9c\xa9\x8a\x1b\xfd\x21\x1f\x3a\xcc\x2e\x58\x00\x60\x9a\x2a\
\xa6\xd4\xdc\x14\xf9\x60\x5a\xb7\xfc\x12\xe3\xc9\xe9\x62\xb7\x00\
\x5e\x68\x7b\x49\xe4\x23\x47\x99\xa3\x0f\xb1\xb5\xc4\xf3\x5b\x2e\
\xe4\x2b\x3e\xdd\xe2\x26\x0d\xa5\x1b\x36\x00\x54\x2e\x81\x6c\xb4\
\x79\xf9\x14\x91\x84\x8f\x00\x00\x40\x89\xdf\xff\x76\x76\x28\x12\
\xc2\x8e\x61\xe7\xea\x53\x1c\x3b\x68\xdd\x88\xba\x23\x1b\x0f\x2a\
\x1a\xfc\xf3\xe4\xd3\x60\x22\x97\x18\x4f\x2e\x85\x09\xb7\x55\x03\
\x4f\x20\x7c\xb3\x4f\xbc\x16\x50\xb4\x00\x70\xc3\xf6\x06\xbe\xa2\
\xf6\x5f\x8f\x7d\x0b\xaa\xb6\x6b\x38\xcc\x5c\xd8\xe5\xda\xb8\x6d\
\x69\x5d\x91\xba\x35\xc3\xb5\xc2\x96\xd7\x88\xfc\x21\x1f\x47\x00\
\xa8\x5c\xbc\x0d\x90\xca\x65\x60\x77\x09\x00\x9a\x1c\x3b\x90\x3d\
\x9f\x93\xbb\x59\x21\xf3\x2c\x4a\x78\x81\xb2\x5a\x13\x06\xaf\x9a\
\xb8\x42\xd5\x7c\xa9\x22\xf7\x43\xd1\x1e\x7c\xee\x24\xab\x3a\x80\
\x5e\x03\xc1\xb9\x56\x55\x54\xa6\x3a\xca\x63\x25\xe2\x33\xb5\x6c\
\x6b\x94\x7a\x45\x6c\x00\xa8\x5c\x7c\x11\xa3\x72\x79\x3b\x6f\xeb\
\x8a\x96\x78\x52\xd7\x55\x16\x5b\x02\xb5\xda\xc4\x45\xa1\x97\xc2\
\xf6\x7e\x72\x4a\x29\x2a\x3a\x27\xd1\x19\x00\x20\x12\xf1\x6c\x2f\
\x00\x84\xd7\x75\xfd\xbd\xf5\x8e\x82\x94\x9e\xd8\x00\x50\xb9\xd4\
\x88\x55\x03\xa0\xaa\x49\xd3\x00\xa8\x4a\xdc\x77\x71\xa3\xd4\xa6\
\x62\xe6\x26\x3a\x03\x00\xf8\x3d\xb5\x1d\x01\x58\x9d\xe8\x3b\x19\
\x28\x79\xb1\x01\xa0\x72\x09\x74\xad\x65\x89\xa4\x69\x00\xe0\xe1\
\xfb\x44\x47\xa0\x94\x52\xda\x68\xeb\xd1\x8b\x13\x1d\x02\x00\x8c\
\x11\xdb\x4b\x69\x07\xdc\x21\x41\xb4\x0b\x1b\x00\x2a\x97\xf1\x99\
\x15\x36\xc7\x0b\x92\x67\x04\xc0\x07\x93\xf0\xc9\x5c\x94\x3a\x04\
\x58\x58\x95\xb5\x06\xe2\x41\x3d\x89\x7a\x0d\x8b\x1d\x05\xd4\xea\
\x79\x4c\xe9\x8d\x0d\x00\x95\xcb\x6f\x7c\x56\x2f\x1c\x0a\x69\xe8\
\x2a\x8b\x2d\xa3\x1e\x1b\x00\xaa\x32\x05\x8e\x3c\x65\x66\xc1\xbd\
\xa7\x7d\x35\xb2\x49\xa2\xb3\xc0\xf6\x79\x24\x1c\x01\xa0\x8a\xb1\
\x01\xa0\x72\xdd\x53\xa7\xc7\x2f\x00\x4a\x2c\x4a\x34\x0e\x6a\x30\
\xe1\x3f\x5f\xb7\x2d\x2f\xac\x29\x62\x2e\x4e\x74\x0e\x4a\x29\x0d\
\x20\xfa\x37\x13\xf1\xfd\x74\xf2\x17\x63\x9e\x6b\xf3\xc5\xd8\x13\
\x13\x15\x44\x24\xfa\x55\x2c\x01\x40\x05\xab\x5c\x65\xa1\xf4\x93\
\xf0\x17\x68\x4a\x4e\xb2\x63\xe2\xd0\x4a\x8b\x12\xbe\xd2\xa2\x56\
\x76\xc3\x97\x16\x6e\x5e\x3f\xae\xde\xcd\x6b\x27\xde\x1d\xce\x8a\
\x2c\x51\x95\x07\x13\x95\x83\x52\x5a\x4d\x01\xae\x07\xcc\xfc\x93\
\x66\x16\xbc\xd8\xfa\xf3\xb1\xa7\xc4\x3d\x81\x31\x56\xcf\x21\x4f\
\x85\x0d\x00\x55\x88\x0b\x01\xd1\xc1\xac\x00\x70\x5c\xb4\x07\xfb\
\xcb\xc2\x4d\x01\xac\x73\x17\xa7\x72\x77\x6f\x28\xac\x5f\x12\x0a\
\xdf\xae\x61\xef\x16\x40\x1b\x70\xfa\x33\x39\xe0\x09\xf4\x6a\x11\
\xbd\xaa\xf5\xe7\x63\x5e\xf3\x54\x1f\xf8\xb6\x43\xde\x97\x71\x3a\
\x73\x63\x9b\x95\xa6\x0c\x1b\x00\x3a\x08\x36\x00\x54\x31\xc5\x72\
\x9b\x45\xc8\xd4\x93\xb8\x5d\x43\x1d\xbc\x6a\x4a\xad\x9a\xfe\xa2\
\x9b\x4b\x42\x91\xbb\x20\x92\x03\xbb\x65\x60\x89\xca\x23\x22\xb8\
\x42\x45\x2e\x3f\xe9\x8b\xd1\xaf\x22\xec\xfd\x79\x6e\xc7\x01\xdf\
\xc5\xf4\x8c\x06\x87\xdb\x3c\x07\x7d\x3e\xfc\xe0\x2e\x0c\xa5\x1b\
\x36\x00\x54\x31\xd1\x9f\x6c\xf6\x03\x10\xcf\x17\xf3\xc5\x73\x82\
\x3a\xd5\xbf\x79\xed\x9a\xc1\x2a\xdb\xfe\x02\xe0\x57\x9a\xfa\x3b\
\xeb\x29\x80\xd5\x80\xac\x05\x74\x83\x2a\x36\x40\xf4\x17\x11\x6f\
\x03\xa0\x9b\x55\x65\x9b\x8a\x96\xee\x78\xa4\x16\xa9\x48\x68\xef\
\x83\xc5\x00\x80\xc0\xec\x57\x74\xef\xff\x2d\x66\xbf\x2f\xc8\xce\
\x2f\xee\x7f\xcc\xde\x0f\x33\xbb\x7e\xdd\xff\x38\x00\x66\xe7\x81\
\xea\x79\x0d\x3c\xa8\xa8\x81\x88\xa2\x81\x0a\x6a\x0a\xd0\xc8\x40\
\x73\x14\x92\x23\xd0\x1c\xc0\x6b\x0a\xe8\x61\x40\x92\xec\x15\x11\
\x1d\x51\xc5\x6f\xe0\x99\xcb\x5a\x7f\x3e\x7a\x74\x28\x22\xf7\x7d\
\xdf\x69\xa0\xcd\xe5\xb2\x83\x9c\x09\xcd\x2c\x8e\x8e\x34\xc8\xa9\
\xb9\x34\x36\xc1\x28\x1d\xb0\x01\xa0\x0a\x89\x78\x0b\xd5\xe2\x93\
\xb4\x51\x3d\xda\x5d\x9a\x03\xdd\xb6\x76\xc2\x85\x9b\x7f\x59\xf3\
\x18\x04\xad\x52\x6c\xfb\x9d\x32\x28\x16\x00\x98\x0f\xc1\x02\x55\
\xfc\xe4\x13\x59\xa6\xbe\xc8\xb2\x0d\x25\x8d\x96\xbf\xd9\xfc\xe2\
\xd2\x44\x07\x8c\x29\x55\x39\x7f\xe1\xa4\x5f\x95\x95\x95\x1d\x25\
\xe2\x3b\x12\x30\x47\x42\xe4\x78\xa8\xb4\x06\xb4\x15\x80\xa4\xb9\
\x83\xa4\x12\x3e\x00\xd7\x06\x7c\xda\xa7\xf5\xe7\xa3\x1f\xf7\xd5\
\xf0\x1e\xfa\xe6\x94\x01\xae\x57\xdd\xb3\x69\x00\x96\xcd\x6b\x9d\
\x5b\xe6\x2c\x09\xa5\x1d\x36\x00\x54\xb1\x08\x16\xda\x4c\x13\x15\
\xe0\x68\x67\x59\xf6\x72\xeb\x2f\x93\x5a\x7a\x2a\x8f\x2b\xf4\xc2\
\x58\xd4\x77\x6c\xa3\x00\x33\x55\xf1\x39\x20\xdf\x7a\x46\xe7\x2e\
\x3d\xfa\x57\x8b\xa7\x49\x72\xdc\x67\x9e\x10\x22\xfa\x2e\xb0\x0a\
\x3b\xfe\x99\xb1\xff\x1f\x77\x9c\x3d\xe6\xf0\x2c\x9f\xd7\x2a\xa2\
\xe6\x64\x00\x6d\x01\xe9\x00\xe0\x98\x78\xc7\xac\x2a\xdd\xb1\xed\
\xf0\xff\x95\x95\x98\x81\x2d\x3e\x1f\x7d\xd7\x82\xf6\x03\x27\xb9\
\x58\x7d\xef\xe8\xa9\xa3\x1a\xc0\x6e\x41\xad\xa4\x58\xcc\x88\x92\
\x17\x1b\x00\xaa\x90\x3f\x82\x85\x21\x8b\x06\x40\x1d\x37\x00\xc1\
\x55\x53\x6a\x6d\xf5\x17\xff\x55\x15\x77\x00\x9a\x14\xbb\x0d\x96\
\x63\x01\x44\xa6\x2a\xcc\x67\x12\x96\x99\x63\x8e\xee\xbd\x90\x4b\
\xb1\x56\xcf\x8c\x53\x07\xae\xc4\x8e\x3b\x50\xde\xdd\xf5\xb5\x4e\
\x73\x0a\x9a\x7a\x3b\xb7\x01\x86\xca\x59\x10\xed\x88\x68\x77\x78\
\x8c\x11\x01\x8e\x80\x62\xc2\x89\x9f\x8f\xf9\x1d\x3e\x1b\x73\xd3\
\xc2\x0e\x03\xbf\xb1\xa9\xa7\xd9\xde\x31\x62\xca\xbb\x30\x53\xc5\
\x3c\x22\x6c\x00\xe8\xa0\xd8\x00\x50\x85\xfe\x94\x93\xbb\xf9\x81\
\xad\x93\x57\x03\x38\x34\x9a\xe3\x05\xee\x2e\x01\xfc\x71\xdd\xc4\
\x4b\xb6\xa2\x78\x28\x92\xed\x93\xe0\x8e\x85\x56\xde\x87\xea\x7b\
\x9e\xe8\x7b\xc3\x8f\xe8\xb7\xdf\x02\x4a\x7d\x12\x12\x2b\xdd\x7c\
\x7a\xca\x80\xb5\x00\xa6\xec\xfc\x07\x5d\xe7\x15\xd6\x09\x95\x95\
\x9c\x6d\x04\xdd\x01\x74\x07\x70\x12\x6c\x26\xac\x38\x24\xc0\x59\
\x80\xce\x6a\xf1\xd9\x98\xc7\x8a\x4c\xcd\xfb\x57\x74\xca\xdd\x1e\
\x55\x21\xa3\xad\x6c\x72\xa8\x51\x36\x00\x74\x50\x6c\x00\xa8\x32\
\x0b\x11\x65\x03\x00\xc8\xd1\x37\xeb\x1b\xd9\x43\x25\xfa\x6b\xda\
\x7f\x5c\x5d\xd0\x14\xfe\xac\xa7\x01\xf4\x00\x90\x14\x97\xfa\x05\
\x98\xaf\xc0\x2b\xe2\xe9\x2b\xc3\x7f\xd5\xe7\x2b\x7e\xc2\x8f\xbf\
\x69\xad\x73\x8b\x00\xbc\xb1\xf3\x1f\x74\x9c\x3d\xe6\x70\x55\x5c\
\x01\xc8\x95\x00\xba\x22\xf1\xaf\x6d\x01\x85\xfe\xa9\x96\xb7\xed\
\x9a\x13\x66\x8c\xf9\xdd\xf7\x1d\x07\xbe\x57\xdd\x02\x9e\x9a\x96\
\x2a\xd1\xf7\x34\xc6\xa7\xdc\x03\x83\x0e\x2a\xd1\x4f\x12\x4a\x7e\
\x0b\x00\x9c\x13\xe5\xb1\x81\xba\x9b\x8a\x5a\x02\x88\x6a\x37\xbe\
\x3f\xae\x9b\xd4\x4b\x80\xa1\x0a\x34\x8e\xf2\xfc\x0e\xe9\x57\x22\
\xf2\x42\x58\x23\xaf\x8c\x3c\xbc\xff\xc2\x3d\x5f\xef\x9b\xb8\x48\
\xb4\xdb\xce\xcb\x06\xcf\x02\x78\xb6\xe3\xbc\xe1\x39\x91\xb2\xc0\
\x65\x0a\x5c\x05\xe0\x42\x24\xf0\x8e\x03\x01\x8e\x07\xf4\x9d\x13\
\x66\x8c\x1e\x21\x91\xc8\xed\x0b\xbb\x5c\x5b\xe5\x65\xa9\x55\xa4\
\xa5\xcd\xb9\x7d\xe2\xb7\xba\x04\x41\xe9\x8f\x0d\x00\x55\x42\xe7\
\xd9\xdd\x0a\x88\x93\x51\xcd\x06\xe0\xcf\x6b\x26\x1c\x52\xe6\xf7\
\x9e\x15\xc5\x55\x51\x9f\xd8\x8d\x9f\x45\x31\x5e\x7c\xde\x98\xe7\
\x0e\xed\x95\x14\xdb\xc3\x52\xe5\x66\xb4\xbe\x6e\x03\x80\x31\x00\
\xc6\x9c\x31\x6b\x42\x63\x9f\x17\xea\xad\xc0\x00\x00\x6d\x13\x14\
\x49\x00\x5c\xa7\x3e\xdf\x79\xcd\x3f\x19\x9d\xb7\xa8\x73\xde\x47\
\x55\x3c\xee\x24\x8b\x73\x6e\x5c\xd5\x65\xc0\x32\x8b\xe3\x29\x03\
\xb0\x01\xa0\x83\x52\x95\xaf\x6c\xae\xac\x7a\xaa\x6d\xaa\xf3\xf8\
\x3b\xd7\x4f\xb8\x30\x0c\x6f\xb4\x00\x87\x44\x7f\x56\x2b\x61\x00\
\xff\x85\x98\x51\x1b\x0e\x0d\xbc\xfd\x82\xe4\x46\x12\x94\x83\x1c\
\xf8\xb2\x6d\x9f\x5f\x00\x0c\x05\x30\xb4\xdd\xec\xd1\xad\x35\x22\
\x79\x00\xf2\x90\x98\x51\xa5\x63\xe0\x61\xea\xf1\x33\x46\x3f\x81\
\x8d\x5b\xfe\x6f\xf1\xc5\xb7\x54\x78\x69\xec\x84\xa9\xc3\x1a\x97\
\x01\xcd\xa3\x3d\x91\x00\xfc\xf4\x4f\x95\x62\x03\x40\x07\x65\x4a\
\x64\x8e\x57\x53\x0d\xa2\xdc\x37\x42\x81\xd3\xab\xf2\xb8\x9b\xf5\
\x8d\xec\x5a\x1b\xb6\x3e\xa4\xd0\x5b\x91\x80\xc9\x5c\x02\xac\x51\
\xc1\x7f\x10\xf6\x3d\xf7\x5c\xb3\x5c\xae\x9d\x92\x86\xbe\x38\x35\
\x6f\x1e\x80\x3b\xbb\x4e\x1d\xf5\xd7\x2d\xf5\xa4\x37\x80\x9b\x00\
\xa9\xd2\xcf\xa7\x43\x9e\x28\xee\xd0\x06\xf5\xba\x1d\xfb\xd9\xa8\
\x5e\x3f\x76\xc8\x5f\x54\xde\x83\x42\x81\xec\x4e\x40\xf4\xcb\x5a\
\x29\x74\x4e\xf4\x11\x29\x53\x24\xc5\xac\x59\x4a\x6e\xf7\x6f\x9d\
\xbc\x00\xc0\x89\xbb\xd6\x04\xda\x3d\xe3\x4d\xf7\xfc\xf7\xee\x7f\
\xef\xff\x18\x60\x9b\xbf\xbe\x34\x0c\x4a\xc5\x0b\x92\xdc\xb9\x79\
\x7c\x73\x2f\xe2\x2b\x84\xe2\xd4\x7d\xea\xed\x57\x6b\xd7\xd7\xf6\
\x3f\xe7\x9e\xaf\xe9\xc1\x72\x1c\xf0\xb5\x9d\xbf\x9f\xa5\xaa\x4f\
\xf9\x8b\x1b\xbc\x30\x34\xdd\x17\xe0\xa1\x03\x9c\xfa\xf5\xd8\x4e\
\x62\x22\x37\x43\xe5\x1a\xdd\xf9\x81\x68\xef\xb5\xaf\x2a\xfa\x79\
\xd2\xbd\x7e\x10\xab\xfe\xf3\x79\xc0\x63\xb6\x0a\xf4\x86\x45\x9d\
\xf2\x27\xec\x9f\xeb\xd8\x4f\x46\x0e\x31\x2a\x77\x55\x9e\x03\x07\
\xe6\x50\x00\x90\xeb\x56\x9d\x93\x37\xa2\xe2\xef\x9c\x88\x23\x00\
\x54\x05\x02\x7c\xa5\x40\xb4\x5b\xa2\xd6\x2a\xdd\x18\x39\x13\xc0\
\xf4\xf2\xfe\xf0\x9e\x8d\x93\x7f\xa3\x11\x1d\xad\x40\xfd\xe8\x13\
\x46\x41\xf4\x23\x18\xef\x1f\xcf\x1e\xd6\xeb\x9d\xb8\x9e\x97\x92\
\xca\xec\xd3\xfa\x7f\x0a\xe0\xd3\x33\x66\x8d\xfe\x4b\x04\x72\x37\
\x80\x81\x88\xdf\xa4\xc1\xba\x0a\x19\x7f\xec\xa7\xa3\xcf\x35\xa5\
\x7a\xd3\xd2\x6e\xf9\xbb\xb7\xdf\x56\x91\xf3\x6c\xee\x78\x51\x2f\
\xba\x89\xb7\x94\x59\xb8\x1d\x30\x55\x4e\xe5\x6b\x9b\xc3\x3d\xf1\
\x0e\xb8\x8b\xa0\x87\x16\xfa\xfe\xb4\x7e\x62\x50\x55\x5f\x42\x7c\
\xdf\xfc\x3f\x01\xd0\xfd\x99\x43\xfa\x9c\xc3\x37\x7f\xda\xe5\xcb\
\xb6\x79\x3f\xcc\x6e\x3b\x70\x70\x38\x1c\x38\x12\xc0\x10\x00\xdb\
\xe2\x75\x6e\x01\xae\xf5\x65\xc9\xa7\x47\xcf\x18\x75\x34\x00\x1c\
\xf5\x61\xc1\x31\xd0\xaa\x5d\x3a\xab\xc0\xf6\xc3\x6a\x96\x72\x0e\
\x00\x55\x8a\x97\x00\xa8\x52\x7f\xdb\x3a\xb9\x9b\x00\x1f\x44\x79\
\x09\x00\x0a\x7c\xf6\x8f\x06\x3d\x3b\xee\xfa\xfd\x3d\x5b\x5e\x6e\
\x84\x50\xa8\x50\x45\xcf\xc5\xde\xc7\x97\x33\x54\xba\x4f\xed\x0a\
\xce\x59\x95\x4b\x00\x0a\xfd\x48\xd4\xbb\x7b\xe8\xa1\xbd\x3e\xab\
\xd2\x37\x4d\x19\xad\xf5\xcc\x51\x87\x06\xe0\xbb\xd7\x88\x5e\x07\
\x20\x10\xa3\x4b\x00\xfb\x7f\x6d\xad\x67\xb4\x67\xd8\x93\xf6\x02\
\x1d\x52\xb5\x4b\x11\x38\x30\x87\xe2\xa3\x55\xe7\xe4\x47\x7b\xeb\
\x2e\x65\x10\x36\x00\x54\xa9\xa0\x4e\xa9\xe5\x15\x6d\xdb\xa4\xba\
\x63\xe9\xd5\x6a\x37\x00\x0a\x88\xe7\x3b\xe1\xef\xf5\xaf\x59\x74\
\xcf\x2f\x13\x5a\xc0\xe7\x4d\x81\xe2\xf8\x0a\x5e\x04\xf7\xf9\xfd\
\x3e\xb5\x2b\x38\x67\x25\x0d\xc0\x5c\xa3\x72\xcf\x33\x87\xf6\xfa\
\x5f\x35\xbf\x6d\x22\x9c\xf2\xf9\x98\x13\xd4\xc3\x3f\x54\x71\x35\
\x00\xd9\xf3\xb3\x17\x93\x06\x00\x00\xc2\x0a\xdd\x00\xa0\xa9\x45\
\x03\x30\x64\xd5\x39\xf9\x7f\xaa\xde\x77\x4a\x99\x88\x0d\x00\x55\
\xc9\xdf\xb6\x4e\x9e\x01\x45\x07\x20\xca\x06\x00\x78\x20\x2c\xfa\
\xb1\xa7\x98\xac\x40\x83\x4a\x5e\x04\x5d\x34\x00\x3f\xab\xe0\xcf\
\xab\x9b\xf8\xc6\xf2\x56\x3e\xb2\x75\xca\x17\x63\xda\x47\x0c\x1e\
\x83\xa0\x0b\x10\xcb\x06\xe0\xc0\x26\x76\x9f\x73\x54\xa5\x01\x80\
\xfe\x66\xd5\xd9\x83\x5e\xad\xe6\xb7\x48\x19\x88\x73\x00\xa8\x4a\
\x44\x50\xd5\xc5\x4b\xca\xa5\xc0\x4d\x9e\xca\xeb\x00\x1a\x38\x8a\
\x54\x91\x30\x14\x4f\xa8\x3f\xd2\x62\x68\xd3\xde\xa3\xf9\xe6\x4f\
\x2e\xcc\x69\x37\x70\xe6\xdc\xf6\x03\xce\x56\xd5\x81\x80\xae\x49\
\x74\x9e\x83\x89\xf8\xfc\x07\xec\xb0\x48\x54\x1e\x36\x00\x54\x25\
\x62\xb4\xdc\x59\xfc\xd5\xd0\x10\xb1\xbf\xeb\x64\xba\x67\x22\xa7\
\x3f\x75\x48\xef\xdb\x87\x36\xea\xb7\x25\xc6\xe7\xa2\x4c\x23\xa2\
\xf3\xce\xcc\x2b\xf0\x07\xb4\x05\x14\x4f\x03\x48\xc6\xe6\x72\xe1\
\x9a\xce\x03\xd6\x26\x3a\x04\xa5\x06\xde\x06\x48\x55\xe2\x37\x91\
\x4f\xca\x3c\x7f\xd4\x0b\x02\xc5\xd8\x46\x40\x6f\x7f\xb2\x49\xaf\
\x31\xdc\x98\x87\x62\x6d\xf6\x69\xf9\x9b\x00\xdc\xdc\xea\x8b\x31\
\x23\xc5\xe8\x08\x00\xa7\x25\x3a\xd3\x2e\x0a\xf0\xce\x16\xaa\xb2\
\x64\x7c\x31\xa7\x24\x74\x4f\x83\xbe\x1b\x21\xc9\x78\x6f\xb1\xbc\
\x1e\x10\x3d\xe9\xc9\xa6\xbd\x47\xf3\xcd\x9f\xe2\x69\x7e\xbb\x81\
\x5f\xd7\xf0\x95\x9e\x29\x8a\xfb\x00\x84\x12\x9d\x07\x00\x44\x94\
\x0d\x00\x55\x19\x47\x00\xa8\xea\x0c\x5e\x87\x58\xdd\x9f\xec\xd2\
\x66\x00\x77\x3d\xd1\xa4\xe7\xf3\x89\x0e\x42\x99\xeb\xcb\xb6\xd7\
\x87\x00\xdc\xdf\xf2\x8b\x82\x97\x61\xcc\x68\x00\x67\x24\x30\x4e\
\x59\x59\x78\xfb\xb4\x04\x9e\x9f\x52\x0c\x47\x00\xa8\xca\x04\xe6\
\xf5\x44\x67\x00\x00\x85\x7c\xa0\xe2\xb5\x7e\xa2\x49\x2f\xbe\xf9\
\x53\x52\xf8\xae\xdd\x80\xb9\xb5\x7c\xa5\x1d\x05\x78\x08\x80\x49\
\x50\x8c\x4f\xd7\x75\xbb\xb1\x28\x41\xe7\xa6\x14\xc4\x06\x80\xaa\
\xcc\xd4\x5b\xf8\x05\x80\x44\x4e\x30\x8a\x28\xf4\xde\xfa\x8d\xbf\
\x3b\xff\x89\xc6\xdc\xb0\x87\x92\xcb\x97\x6d\xaf\x0f\xcd\xef\x90\
\xf7\x67\x51\xf9\x35\x80\xd5\xf1\x3e\xbf\x42\xde\x8c\xf7\x39\x29\
\xb5\x71\x1d\x00\xaa\x96\xbf\x6d\x99\x3c\x5a\x77\xac\x97\x5e\xad\
\x75\x00\xf6\x7c\x4d\xab\xb2\x18\x4a\x39\xf7\x37\xcb\x0a\x35\xe8\
\xfb\x58\xd3\x9e\x56\xb7\x23\x12\xc5\xc3\xf1\x1f\x8d\x6c\xe2\xcb\
\xf2\xc6\x00\xb8\x28\x4e\xeb\x00\x68\x38\x82\x63\x57\x77\xcb\x5f\
\xea\xf0\xdb\xa0\x34\xc7\x11\x00\xaa\x16\x15\x7d\x2d\x01\xa7\x7d\
\x47\xb3\x22\xa7\xf1\xcd\x9f\x52\xc5\xe2\xb3\x07\xad\x5b\x78\xe6\
\xd2\x4b\xa1\xf8\x2b\xe2\x73\x49\xe0\x0b\xbe\xf9\x53\x75\xb1\x01\
\xa0\xea\xa9\xe3\xfd\x0f\xc0\xfa\xb8\x9d\x4f\xf0\x7c\x9d\x46\x87\
\x5c\xf2\x58\xbd\x3e\xbf\xc4\xed\x9c\x44\x2e\x48\xd0\x2c\xec\x98\
\xf7\x77\x85\x5c\x0a\xc1\xa6\x98\x9e\x4a\x30\x39\x96\xf5\x29\x3d\
\xb1\x01\xa0\x6a\x09\x4a\x6e\x19\x80\x17\xe3\x70\xaa\x12\x81\x0e\
\x78\xa4\x51\xaf\xeb\x83\xd2\x2d\x1c\x87\xf3\x11\xc5\xc4\xf7\x1d\
\x07\xbe\xa9\xea\x75\x52\x60\x51\xac\xce\x11\x31\xca\x4d\xae\xa8\
\xda\xd8\x00\x50\x14\x4c\x41\x8c\x4f\xb0\xca\x28\xce\xfe\x67\xe3\
\xde\x63\x63\x7c\x1e\xa2\xb8\x58\xd4\x71\xc0\x77\x35\xc2\x81\x33\
\xa1\xb1\x59\xa8\xc7\x13\x19\x79\xf8\x7b\x63\x1a\xc5\xa2\x36\xa5\
\x2f\x36\x00\x54\x6d\xf7\xd5\xed\x35\x03\xb1\xbb\x1b\xe0\xbb\x88\
\x17\xe9\xf4\x58\xe3\x5e\x5f\xc4\xa8\x3e\x51\x42\x7c\x7b\x56\xdf\
\x8d\xf5\xb2\x4a\x2f\x85\x62\x74\x0c\xca\x9f\x88\x2c\xf3\xea\x11\
\x9f\x16\xd6\x8c\x41\x6d\x4a\x53\x6c\x00\xa8\xda\xee\xdf\x5a\x78\
\x17\x80\xa6\x31\x28\xfd\x79\x24\x60\xce\x7e\xac\x61\xdf\x9f\x62\
\x50\x9b\x28\xe1\xbe\x6c\x7b\x7d\x68\x51\xa7\x81\x83\xa0\xfa\xb7\
\x18\x94\xef\xac\xa1\xe2\xc9\x28\x2c\xf4\xc5\xa0\x36\xa5\x21\x36\
\x00\x54\x2d\x7f\xdb\x52\x78\xa5\x02\x0f\xba\xae\x2b\x90\xd7\x6a\
\x96\xd6\x3e\x97\x93\xfd\x28\xed\x89\xe8\xe2\xce\xf9\x41\xa8\xdc\
\x08\xd7\x1b\x0a\x09\x2e\x3b\xec\x90\xa2\xc7\x9d\xd6\xa4\xb4\xc5\
\x75\x00\xa8\xca\x82\x9b\x26\x9d\x2e\x9e\x7c\xa4\x40\x6d\x00\x2e\
\xd7\x01\x28\xf8\xa1\xa1\x37\x88\x5b\xf7\x52\xa6\x39\x7e\xc6\xe8\
\x5c\x55\x8c\x83\x22\x60\xb9\x0e\xc0\x7e\x8f\x91\xeb\x56\x9d\x93\
\x37\x22\x46\xb1\x29\x4d\x70\x04\x80\xaa\x24\x58\x3c\xf1\x30\xf1\
\xe4\x35\xec\x7a\xf3\x77\x45\x74\x64\x8d\x86\x0b\xf2\xf9\xe6\x4f\
\x99\x68\x71\xc7\xbc\x42\x15\xed\x05\xe7\x9b\x09\xe9\x33\x87\x4f\
\x1b\xd3\xd1\x6d\x4d\x4a\x37\x6c\x00\xa8\x52\x41\x9d\xea\xf7\x8c\
\x6f\x12\x80\xc3\x9d\x16\x16\x0c\xaf\xd1\x60\xe1\x6f\x83\x12\x4c\
\xd4\xda\xe9\x44\x09\xf7\x63\xc7\xfc\x97\x55\xf5\x37\x00\x4a\x1c\
\x96\xcd\x36\x62\x5e\x3e\xe2\xfd\x31\x6e\x9f\xb3\x94\x56\xd8\x00\
\x50\xa5\xbc\xad\x6b\x86\x00\x7a\x96\xcb\x9a\x02\x3c\xfb\x70\x83\
\x9e\x83\xf9\xe6\x4f\x04\xfc\xd8\x25\xff\x0d\x88\xf4\x00\x50\xea\
\xb0\xec\xa1\x61\x7f\xe4\x85\xe3\xdf\xf8\x57\xb6\xc3\x9a\x94\x46\
\xd8\x00\xd0\x41\x3d\xb0\xa5\xf0\x72\x88\xdc\xe6\xb2\xa6\x42\xc7\
\x3d\xd8\xb0\xe7\x4d\x10\xd1\xca\x1f\x4d\x94\x19\x7e\xec\x34\xf0\
\x7f\x1e\xb4\x27\x20\xce\x16\xbe\x12\x48\xc7\xe2\xda\x75\x87\xb8\
\xaa\x47\xe9\x85\x0d\x00\x55\xe8\x81\xcd\x2f\x36\x87\x68\x01\xdc\
\x4e\x16\x7d\xb5\x46\x83\x43\xf3\xf9\xe6\x4f\x74\xa0\xc5\x9d\x07\
\xbd\x0a\x35\xbf\xc3\xbe\xf3\x68\x6d\xdd\x72\xc8\xb4\x51\x97\x39\
\xac\x47\x69\x82\x0d\x00\x95\x2b\xa8\x53\xfd\xf0\x45\xc6\x01\xa8\
\xef\xaa\xa6\x42\xa6\x65\x6d\xda\xde\x8b\x4b\xfb\x12\x55\x6c\x49\
\x97\x41\xc3\x15\xb8\xc7\x61\x49\x11\xe8\x98\xc3\x3e\x2e\x38\xd2\
\x61\x4d\x4a\x03\x6c\x00\xa8\x5c\x5e\xd1\xda\xfb\xa0\x68\xef\xae\
\xa2\x7c\x9d\x6d\xca\xae\x08\x1e\x93\xef\x72\xa2\x13\x51\x5a\x5a\
\xda\x39\x7f\x88\x42\x1e\x75\x58\xb2\xa1\x09\x87\x47\x43\x83\x7c\
\xcd\xa7\xdd\xf8\xc3\x40\x07\xf8\xfb\x96\x17\x3a\x89\xc3\x4f\x20\
\x0a\xac\x42\x04\x97\x05\x1b\xf5\xdb\xe2\xaa\x26\x51\xba\xfb\xa9\
\xf3\xd2\xbb\x01\xbc\xec\xb0\x64\xb7\x43\xa6\x35\xbb\xcb\x61\x3d\
\x4a\x71\x5c\x08\x88\xf6\xf1\x88\x16\xd4\x2e\x2d\xae\xf1\xb5\xaa\
\x36\xdf\xf5\xb5\x0a\x17\xf9\xa9\xda\x42\x40\xdb\x55\xa4\xeb\x3f\
\xea\xe7\xce\x8c\x51\x64\xa2\xb4\x75\xc4\xa7\x85\x35\xfd\xa6\xf8\
\x43\x05\xda\x01\xd5\x59\x08\x68\xff\xc5\xb8\x76\x2d\x33\x84\x52\
\xa8\x69\xbb\xa6\xdb\x75\x73\x63\x99\x9b\x52\x03\x47\x00\x68\x1f\
\xa5\x45\x35\x1f\x05\xd0\xbc\xd2\x07\x56\x8d\x02\x32\x80\x6f\xfe\
\x44\xd1\x59\xd1\x29\x77\xbb\xdf\x1f\xbe\x0a\xc0\xcf\x8e\x4a\x66\
\x43\x7c\x23\xb8\x5f\x00\x01\x6c\x00\x68\x2f\x7f\xdf\x52\xd8\x05\
\xa2\x83\x9d\x15\x14\xdc\xf7\xf7\x06\xb9\x2f\x3a\xab\x47\x94\x81\
\x16\x77\xf8\xed\x0a\x23\xb8\x02\xce\x16\x0a\xd2\xf6\x4d\x9b\x16\
\xdd\xe1\xa6\x16\xa5\x32\x5e\x02\x20\x00\x40\x50\x0b\xb3\x02\xc5\
\xf8\x5a\x81\x56\xc0\x9e\x21\x43\x20\xba\x4b\x00\x50\xbc\xfe\x40\
\x83\xdc\xcb\x78\xbb\x1f\x91\x1b\x47\x7e\x32\xea\xb7\x30\x78\x1e\
\xb0\xba\x04\xb0\xeb\xdf\x25\x11\x95\xd3\xd6\x77\xcb\x5f\x10\xc3\
\xc8\x94\xe4\x38\x02\x40\x00\x80\xac\x6d\xf8\x13\x76\xbe\xf9\x3b\
\xb0\xdc\xe7\x8b\xe4\xf1\xcd\x9f\xc8\x9d\x65\x9d\xf3\xff\x03\x68\
\x81\xa3\x72\x35\x7c\xd0\xe7\xa1\xca\x0f\x81\x19\x8c\x0d\x00\xe1\
\xc1\x2d\x93\x4e\x50\xc5\x9f\x1d\x95\x0b\x19\xd1\xdc\x20\xb7\xf5\
\x25\x72\xae\x74\x9b\xff\xf7\x00\xe6\x3b\x2a\x77\x56\x93\x69\xa3\
\x72\x1d\xd5\xa2\x14\xc4\x06\x80\x00\xcf\x7b\x02\x80\x93\xf5\xc2\
\x55\x71\xf7\x3f\xea\xf7\xfa\xcc\x45\x2d\x22\xda\xd7\x9a\x5f\x0f\
\x28\x86\x6a\x0f\x00\xc5\x8e\x4a\x3e\xda\x64\xea\x33\x75\x1c\xd5\
\xa2\x14\x5a\xa3\x95\x0e\x00\x00\x20\x00\x49\x44\x41\x54\xc3\x06\
\x20\xc3\x3d\x54\x34\xb9\x3b\x80\x8b\x5d\xd4\x52\xe0\xbd\xbf\x37\
\xc8\x7d\xd2\x45\x2d\x22\x2a\xdf\xb2\xb3\x07\xcd\x07\xe0\xea\x7e\
\xfe\x23\x80\x9a\x7f\x71\x54\x8b\x52\x0c\x1b\x80\x0c\x36\x4c\x87\
\x05\x8c\xc8\xbf\x1c\x95\xdb\xe4\x0b\xfb\xb9\xc6\x3f\x51\x1c\x2c\
\xef\x92\xf7\x6f\x00\xef\xba\xa8\x25\x82\xdb\x1a\xbf\x37\xe6\x04\
\x17\xb5\x28\xb5\xb0\x01\xc8\x60\x1b\xb7\x37\xfc\xbd\x00\x2d\xdd\
\x54\xd3\x9b\x82\x8d\xae\x5e\xe1\xa6\x16\x11\x1d\x94\x88\xaa\xcf\
\xcb\x07\xb0\xd1\xb6\x94\x2a\xb2\xc4\x17\xf9\x87\x83\x54\x94\x62\
\x38\x03\x34\x43\x3d\xbc\xa1\xb0\xbe\xc9\xc6\x8f\x00\x72\xca\xbf\
\x9d\xaf\xea\xb7\x01\x8a\xe0\xa5\x60\xbd\x9e\xd7\xc4\x3a\x33\x11\
\xed\xeb\xf0\xe9\xa3\xfa\x8b\xa2\x00\xa8\xf6\x6d\x80\xfb\xdc\xc6\
\x0b\x40\x8d\x31\x1d\xd6\x9f\x77\x1d\x17\xed\xca\x20\x1c\x01\xc8\
\x50\x9a\xad\xb7\x09\x90\x63\x5b\x47\x80\x8d\x90\xc0\xef\x5d\x64\
\x22\xa2\xea\x59\x79\x56\xfe\x58\x00\x6f\x38\x28\x25\xe2\xf3\x1e\
\x72\x50\x87\x52\x08\x1b\x80\x0c\x14\xdc\xf8\x4a\x03\x81\xfc\xc1\
\x45\x2d\xa3\x7a\x4f\xb0\xee\x55\x6b\x5d\xd4\x22\xa2\xea\x8b\xf8\
\x22\xbf\x87\x8b\xbb\x02\x14\xe7\x36\xfd\x60\xe4\xaf\xed\x13\x51\
\xaa\x60\x03\x90\x81\xb2\xb2\x43\x77\x2b\xd0\xc0\xbe\x92\x7c\xee\
\xd5\x5f\xf0\x1f\xfb\x3a\x44\x14\xad\x9f\x3b\x5f\xf7\x93\x88\x38\
\xf9\xf4\x6e\x00\xce\x05\xc8\x20\x6c\x00\x32\xcc\x23\x5b\x5f\x6e\
\x2a\x8a\x9b\x1d\x94\x8a\x78\x26\xf2\xbb\xa0\x04\x8d\x83\x5a\x44\
\x64\xa1\x5e\x4e\xad\x47\x20\x70\xb1\xac\xef\x19\x39\x53\x47\x5d\
\xe8\xa0\x0e\xa5\x00\x36\x00\x19\x26\xec\x85\x6e\x05\x50\xdb\xba\
\x90\xe0\xd9\x7b\x1b\xf6\xfe\xda\x3e\x11\x11\xd9\x9a\xd7\x3a\xb7\
\x0c\x2a\x37\x39\x29\xa6\xb8\xc7\x49\x1d\x4a\x7a\x6c\x00\x32\xc8\
\x23\x5a\x50\x5b\x20\x2e\x76\xfb\xdb\x0c\x8d\xdc\xef\xa0\x0e\x11\
\x39\xb2\xf2\xec\xbc\xf7\x01\xbc\x6e\x5b\x47\xa0\x67\x37\x9c\x3a\
\xa2\x8b\x83\x48\x94\xe4\xd8\x00\x64\x90\xf0\xf6\xec\xc1\x00\x1a\
\xd9\x57\x92\x87\xb9\xd6\x3f\x51\xf2\x31\xea\xbb\x13\x90\xb0\x6d\
\x1d\x51\xe1\x28\x40\x06\x60\x03\x90\x21\x82\x3a\xd5\x0f\x37\x33\
\xff\x57\xd4\xab\x8b\xa7\x1c\xd4\x21\x22\xc7\x7e\x3e\x67\xc0\x77\
\x80\x8e\xb1\xad\x23\xc0\x45\x0d\x3f\x1c\x75\xb2\x8b\x4c\x94\xbc\
\xd8\x00\x64\x88\x1a\x25\xeb\x72\x05\x38\xca\xbe\x92\xde\x7b\xbb\
\xe4\x6e\xb7\xaf\x43\x44\xb1\xe0\x85\xbd\xfb\x00\x6c\xb3\x2c\x23\
\x12\xd1\x1b\x5d\xe4\xa1\xe4\xc5\x06\x20\x43\x88\xc2\xc5\x93\xf9\
\xfb\x96\x75\x3d\x57\xfb\x91\x13\x51\x0c\xac\x38\x6f\xe0\x4a\x40\
\x9e\x75\x50\xaa\x5f\x83\xa9\xa3\x1c\xdc\x2e\x4c\xc9\x8a\x0d\x40\
\x06\x78\xb4\xb4\xb0\x15\x80\x4e\xb6\x75\x04\xf2\x50\xae\xe4\x46\
\x1c\x44\x22\xa2\x18\x0a\x19\x7d\x0c\x80\xed\x48\x5d\x6d\x4f\x35\
\xdf\x45\x1e\x4a\x4e\x6c\x00\x32\x80\x89\x88\x8b\xa5\x7a\x97\x9b\
\xba\x98\xe0\xa0\x0e\x11\xc5\xd8\xba\x6e\xf9\xab\x05\x18\x69\x5b\
\x47\x14\x37\x22\x18\xe4\xfb\x44\x9a\xe2\x5f\x6c\x9a\x7b\x44\x0b\
\x6a\xab\x68\x3f\xdb\x3a\x02\x0c\x09\x4a\x6e\x99\x8b\x4c\x44\x14\
\x07\x3e\xdf\x3f\x05\x08\xd9\x94\x50\xe0\xb8\x9c\x2e\x47\x9d\xe7\
\x2a\x12\x25\x17\x36\x00\x69\x4e\x4b\xb2\x7b\x42\x51\xdf\xb2\xcc\
\xea\x48\x9d\x6d\x23\x9c\x04\x22\xa2\xb8\x58\xd5\x65\xc0\x32\x03\
\x8c\xb5\xad\xa3\x62\xfa\xbb\xc8\x43\xc9\x87\x0d\x40\xba\x53\xb1\
\x7e\xf2\x0a\xf0\x5c\x50\xf2\x4b\x5c\xc4\x21\xa2\x38\xf2\xc9\xe3\
\xd8\x77\x67\xe0\x28\xc8\x55\x4d\xa6\x3e\x53\xc7\x49\x1e\x4a\x2a\
\x6c\x00\xd2\xd8\x90\xe2\x89\x87\x01\x38\xcb\xb2\x4c\x48\x7c\x32\
\xdc\x45\x1e\x22\x8a\xaf\xd5\x5d\xf2\xe6\x01\x98\x6e\x59\xa6\x76\
\x48\x6b\x5c\xe5\x22\x0f\x25\x17\x36\x00\xe9\x4c\x7c\x7d\x01\xf8\
\x2c\xab\xbc\xf4\x97\x5a\xb9\x2b\x5d\xc4\x21\xa2\xf8\x53\xc8\x33\
\xf6\x55\xec\x47\x12\x29\xf9\xb0\x01\x48\x63\xe2\xa1\x8f\x75\x0d\
\x75\xf1\xe2\x41\x44\x89\xb2\xba\x76\xe9\x2b\x00\x56\xd9\xd4\x10\
\xc5\xb9\x8d\xdf\x19\x71\x98\xa3\x48\x94\x24\xd8\x00\xa4\xa9\x21\
\xa5\x93\x5a\x42\x71\xaa\x5d\x15\xf9\xe6\x2f\xf5\x72\x3f\x76\x93\
\x88\x88\x12\xa2\xed\xf5\x21\x00\xb6\x97\xf1\xbc\x88\x4f\xae\x70\
\x11\x87\x92\x07\x1b\x80\x34\xe5\x33\x72\xa5\x75\x11\x51\xae\xfa\
\x47\x94\x06\x4c\xc4\x2b\x80\xe5\x64\x40\x05\xec\x5f\x53\x28\xa9\
\xb0\x01\x48\x53\x06\x72\x99\x6d\x09\xf1\x64\x92\x93\x30\x44\x94\
\x50\x6b\xcf\xcb\xfb\x01\xc0\x67\x36\x35\x04\xe8\x5a\xef\xad\xe1\
\x39\x8e\x22\x51\x12\x60\x03\x90\x86\x1e\xd9\xfa\x72\x53\x01\xda\
\xdb\x55\x91\xf7\x38\xf9\x8f\x28\x9d\xc8\x38\xcb\x02\x01\x2f\xe0\
\xbb\xc4\x49\x14\x4a\x0a\x6c\x00\xd2\x90\xfa\x43\x97\xc2\xf2\xef\
\x56\xc5\x8c\x77\x14\x87\x88\x92\x80\x2f\xec\x4d\x06\x60\xb7\x9a\
\xa7\x82\xf3\x00\xd2\x08\x1b\x80\x34\x24\x22\x97\x5a\x96\x28\x31\
\xdb\xbc\x97\x9d\x84\x21\xa2\xa4\xb0\xb2\xfb\xc0\xf5\x00\xde\xb6\
\x2a\x22\x7a\x2e\x0a\x0b\x6d\x6f\x2d\xa6\x24\xc1\x06\x20\xcd\x14\
\x6a\xa1\x0f\x40\x57\xcb\x32\xef\x05\x9b\xe6\x16\x39\x88\x43\x44\
\xc9\x44\xf1\x9a\x65\x85\x86\xf5\x1a\x6d\x39\xc3\x49\x16\x4a\x38\
\x36\x00\x69\x66\xd9\x36\x73\x3a\x14\x0d\x6d\x6a\x88\x60\x8a\xab\
\x3c\x44\x94\x44\xb2\xfc\xaf\x01\x30\x36\x25\x7c\xea\xeb\xee\x28\
\x0d\x25\x18\x1b\x80\x34\x63\xc4\xd7\xcd\xb2\x84\xaa\xe0\x75\x27\
\x61\x88\x28\xa9\xac\xe9\x3c\x60\x2d\x04\x5f\xd8\xd4\x50\x28\x77\
\x07\x4c\x13\x6c\x00\xd2\x8c\x88\xda\x36\x00\x5f\x72\xf6\x3f\x51\
\x5a\xb3\x1d\xe1\xeb\x7c\xc4\xa7\x85\x35\x9d\x24\xa1\x84\x62\x03\
\x90\x46\x82\x3a\xd5\x0f\xa0\x8b\x4d\x0d\x55\xe5\xa7\x7f\xa2\x34\
\xa6\x11\xfd\x9f\x65\x89\xec\xe2\x6d\xc5\x6d\x9d\x84\xa1\x84\x62\
\x03\x90\x46\x6a\x15\xaf\x3b\x09\x80\xd5\xb6\x9d\x3e\xc8\x54\x47\
\x71\x88\x28\x09\xad\xed\x36\xe8\x1b\x00\xeb\x6d\x6a\x18\x35\x1d\
\x1c\xc5\xa1\x04\x62\x03\x90\x46\xc4\xa7\xed\x2c\x4b\x94\xd6\xa8\
\x83\x99\x4e\xc2\x10\x51\x72\x12\x51\x08\xec\xf6\xf8\x10\xef\x4c\
\x47\x69\x28\x81\xd8\x00\xa4\x11\x0f\x9e\x6d\x03\x30\xf3\x76\xc9\
\xdd\xee\x24\x0c\x11\x25\x2d\x51\x7c\x68\x73\xbc\x42\x3b\xba\xca\
\x42\x89\xc3\x06\x20\x8d\xa8\xd8\x8d\x00\xa8\xaa\xd5\x8b\x02\x11\
\xa5\x06\x23\x66\x9a\xcd\xf1\x02\x1c\x96\x33\xf5\x3f\x47\x38\x8a\
\x43\x09\xc2\x06\x20\x4d\x04\x75\x54\x0d\x28\x5a\xdb\xd4\xf0\x89\
\x37\xdd\x55\x1e\x22\x4a\x5e\xeb\xce\x5e\x31\x07\xc0\x66\x9b\x1a\
\x6a\xfc\xa7\x39\x8a\x43\x09\xc2\x06\x20\x4d\xd4\x0d\xd5\x6d\x09\
\x20\x60\x53\xa3\xd4\x84\xbe\x72\x14\x87\x88\x92\x99\x04\x8d\x00\
\xb3\x6d\x4a\x18\x63\xac\x3e\x70\x50\xe2\xb1\x01\x48\x13\x46\x4d\
\x4b\xcb\x12\xcb\x82\xf5\xfa\xfc\xe2\x24\x0c\x11\x25\x3d\x03\xf9\
\xda\xe6\x78\x11\x61\x03\x90\xe2\xd8\x00\xa4\x09\x31\x6a\xd7\x00\
\x28\xac\x5e\x0c\x88\x28\xb5\x88\x1a\xab\xe7\xbc\xc2\xee\x92\x23\
\x25\x1e\x1b\x80\x74\x21\xd2\xca\xea\x78\xcf\xee\xd3\x00\x11\xa5\
\x16\xf1\x79\xb6\xcf\xf9\x96\xdc\x19\x30\xb5\xf9\x13\x1d\x80\xdc\
\x50\xa0\xa5\xd8\x1d\x6f\x75\x3d\x30\x1a\x77\x6d\x9a\xd8\x56\x8c\
\xf4\x80\xe2\x0c\x08\x1a\x43\xb1\x59\x15\x73\x0d\xe4\x95\x47\x1b\
\xe5\xbe\x0f\x11\x8d\x77\x26\xa2\x68\x9d\x31\x6b\x58\xa0\x24\x5c\
\xe3\x8a\x08\xf4\x32\x00\xc7\x29\xa4\x0e\xa0\xab\xc4\x60\xba\x09\
\x98\xc9\xdf\xb7\x1b\xf4\x63\xa2\x33\xee\x6d\x4d\xed\xb2\x05\x4d\
\xb6\x06\x4a\x01\x64\x47\x59\xa2\x46\xbd\x26\x5b\x8e\xd9\x02\x2c\
\x76\x99\x8b\xe2\xc7\xe6\x3d\x83\x92\x84\xaa\xca\x63\xa5\x2f\x6c\
\x87\x22\x7b\xef\x77\x4c\xdd\xf9\x8b\x56\xf0\xfb\xbd\xbf\x16\x51\
\xd3\xea\xaf\x75\x7b\x7d\x17\x8f\xbc\x77\xae\x2d\x3c\xd4\xef\xd7\
\x61\x0a\xbd\xfc\x20\x59\x3f\xf3\x60\xae\x1b\xd2\xa8\xcf\xbc\x78\
\x64\x22\xb2\xd1\x6a\xe6\xe8\xf3\x54\xf1\x6f\x28\x9a\xef\xf3\x7c\
\xdb\xf9\x1f\x0a\x84\x00\x0c\x2b\x2b\xd1\x3b\x97\x76\xcb\x2f\x49\
\x4c\xca\x03\x35\x99\x3a\x72\x3e\x80\x96\x40\xf5\x5e\x2f\x76\x7f\
\xcd\x98\xee\x9b\x2f\xb8\xee\xfd\xb8\x84\x25\xe7\x78\x09\x20\x0d\
\x3c\x55\x3c\xb1\x29\xa2\xef\xe2\x01\xc0\x44\xea\x6c\x5f\xe2\x2a\
\xcf\xc1\xfc\x69\x73\xe1\xf1\xfe\x80\x99\x89\xbd\xde\xfc\x2b\xd0\
\xc1\xa8\xf7\xe9\x9d\xeb\x0a\xcf\x89\x47\x2e\xa2\x68\xb5\xfa\x6c\
\xd4\x20\x28\xde\x02\xd0\xfc\x20\x0f\x0b\x00\xb8\x29\x50\x03\xd3\
\x8e\xff\x6c\x5c\xbd\x38\x45\xab\x02\xb1\x1a\x95\x30\x82\xa3\x5c\
\x25\xa1\xf8\x63\x03\x90\x06\xc2\x59\xde\x91\x96\x25\x56\x05\x25\
\xf6\x9f\x4a\x82\x6b\x0b\xeb\x78\x6a\xa6\x00\x68\x56\xc5\x43\xea\
\x41\xcc\xcb\x7f\xda\x38\xf1\xe8\x18\xc6\x22\x8a\xda\xc9\x33\x0b\
\xce\x81\xc8\x73\xa8\xf2\xe5\x54\x39\x53\x4c\x78\x5c\x4c\x43\x55\
\x87\xe8\x0f\x56\x87\xb3\x01\x48\x69\x6c\x00\xd2\x81\x7a\x56\x4f\
\x42\x05\xe2\x72\x6d\xb2\x2c\xa0\x7f\x84\xa2\x45\x35\x0f\xcb\x09\
\x85\xe5\xe1\x98\x04\x22\xb2\xa1\x41\xcf\xa8\x3e\x85\xea\xaf\xbf\
\x71\xd9\xf1\x33\x46\x57\x36\x02\x16\x1f\x6a\x37\x02\x00\xd8\xbd\
\xf6\x50\x62\xb1\x01\x48\x07\xaa\x55\xfd\x44\x5d\x2e\x2f\x0e\x0d\
\x40\x0f\x2d\xf4\x01\xf8\x7d\x34\xc7\x8a\xa0\xc7\xad\xeb\xc6\xfe\
\xca\x71\x24\x22\x2b\x27\x7d\x7e\x74\x77\x40\x4f\x89\xea\x60\xc5\
\x6d\x8e\xe3\x44\x45\x61\x37\x02\xa0\xe0\x08\x40\x2a\x63\x03\x90\
\x16\xc4\xea\xcd\x51\x55\x57\xb8\x4a\x52\x91\x16\x5b\x22\x6d\x01\
\x34\x89\xf2\x70\xcf\xef\x05\x2e\x74\x99\x87\xc8\x96\x7a\x7a\xb1\
\xc5\xe1\x5d\x4e\xfc\x78\x44\x5d\x67\x61\xa2\x24\x10\xab\xe7\xbe\
\x40\x0f\x71\x95\x85\xe2\x8f\x0d\x40\x1a\x10\x91\x46\x36\xc7\x2b\
\xbc\xb5\xae\xb2\x54\xc4\x44\xbc\x63\x6d\x8e\x17\x55\xab\xe3\x89\
\x9c\x53\x39\xce\xe2\x68\x7f\x04\x3e\xdb\xb9\x3b\xd6\x8c\xf1\xd6\
\x59\x15\x10\x34\x76\x14\x85\x12\x80\x0d\x40\x3a\x50\x6d\x68\x75\
\xbc\xe8\x7a\x47\x49\x0e\xa6\xbe\xcd\xc1\x06\x9e\xdd\xf7\x48\xe4\
\x9e\xdd\xcf\xb4\x3f\xf1\x3f\xd3\x0d\x4b\x37\xdb\x2d\xff\xad\x68\
\x08\x55\xde\x4e\x9e\xa2\xd8\x00\xa4\x07\xab\x11\x00\x0f\x1a\xf3\
\x11\x00\x81\xf0\x45\x82\x28\xc9\x2c\xbe\xf8\x96\x52\x00\x5b\x2d\
\x4a\xf8\x1b\x4c\x1b\x6d\xd5\x08\x51\xe2\xb0\x01\x48\x0f\x39\x36\
\x07\x0b\xd4\x6e\x18\x90\x88\x52\x97\xc0\xea\xf9\xaf\xc6\xee\x12\
\x24\x25\x0e\x1b\x80\xf4\x60\xd5\x81\x87\x7d\x81\x4d\xae\x82\x10\
\x51\x8a\x51\x6c\xb0\x3a\x5e\x42\x0d\x1c\x25\xa1\x38\x63\x03\x90\
\x1e\x6a\xd8\x1c\x9c\x1d\x96\xed\xae\x82\x10\x51\xaa\xd1\x52\x9b\
\xa3\x8d\xfa\x6c\x56\x21\xa5\x04\x62\x03\x90\x1e\xb2\x6c\x0e\x8e\
\x84\xc2\x56\x2f\x00\x44\x94\xba\x14\xb0\x5a\x05\xd4\xa7\xca\x06\
\x20\x45\xb1\x01\x48\x0f\x56\x0d\x40\x56\x43\x94\xb9\x0a\x42\x44\
\xa9\x45\x44\xec\x46\x00\xc0\x06\x20\x55\xb1\x01\x48\x0f\x56\x0d\
\xc0\x11\x60\x03\x40\x94\xb1\x14\x56\x0d\x80\xaa\xc7\x06\x20\x45\
\xb1\x01\x48\x71\x85\x3b\x96\xd8\xf5\x59\x94\x08\xe7\x4a\x6e\xc4\
\x55\x1e\x22\x4a\x2d\xa2\x76\x97\x00\x3c\xb1\x9b\x83\x44\x89\xc3\
\x06\x20\xc5\xad\xb0\xfc\xf4\x0f\x7e\xfa\x27\xca\x68\x06\x1a\xb6\
\x39\x5e\x39\x07\x20\x65\xb1\x01\x48\x71\x21\x64\x57\x71\x1b\xd2\
\x83\x94\x20\xa2\x8c\x25\x9e\x58\xbd\x06\x88\x08\x47\x00\x52\x14\
\x1b\x80\x14\x17\x40\x69\x75\xb7\x22\xdd\x87\xb2\x01\x20\xca\x68\
\x02\xd8\x8d\x00\xc0\xd4\x74\x95\x85\xe2\x8b\x0d\x40\x8a\xf3\x8a\
\xc3\x56\x0d\x80\xb0\x01\x20\xca\x68\x6a\x79\x09\x40\x38\x07\x20\
\x65\xb1\x01\x48\x71\x11\x4f\x6c\xe7\x00\xb0\x01\x20\xca\x68\x62\
\x39\x02\xc0\x4b\x00\xa9\x8a\x0d\x40\x8a\x53\x5f\xa0\xb6\xcd\xf1\
\x22\xe0\x2a\x80\x44\x19\xcc\x76\x21\x20\xb5\x5c\x89\x94\x12\x87\
\x0d\x40\xaa\x93\x70\x5d\x9b\xc3\x55\x51\xe4\x2a\x0a\x11\xa5\x20\
\x83\x62\x9b\xc3\x85\x0b\x01\xa5\x2c\x36\x00\x29\x4e\x23\x9e\x55\
\x03\x00\xb1\xda\x0a\x94\x88\x52\x9e\xd8\x7d\x08\x30\xc2\x49\x80\
\x29\x8a\x0d\x40\x8a\xf3\x79\x62\xd5\x00\x88\xb2\x01\x20\xca\x6c\
\x6a\xd7\x00\x70\x12\x60\xca\x62\x03\x90\xe2\x8c\xd1\x7a\x36\xc7\
\xab\x5a\x76\xff\x44\x94\xda\x3c\xbb\x0f\x01\x0a\xd4\x71\x15\x85\
\xe2\x8b\x0d\x40\x8a\x13\x41\x13\xbb\x02\x66\x8b\xa3\x28\x44\x94\
\x8a\x2c\x47\x01\x3d\xa0\xa9\xab\x28\x14\x5f\x6c\x00\x52\x9c\xa8\
\x65\x03\x00\xac\x73\x12\x84\x88\x52\x92\x0f\xf2\x8b\xcd\xf1\x0a\
\x1c\xea\x2a\x0b\xc5\x17\x1b\x80\x14\xa7\xa2\x8d\xed\x8e\xb7\x7b\
\xf2\x57\x99\x67\x8c\xcd\xe1\x02\x55\x57\x51\x88\x5c\x10\xc0\xea\
\x67\x52\xd4\x24\xc5\xcf\xb4\xf1\xb0\xde\xb2\xc4\x21\x4e\x82\x50\
\xdc\xb1\x01\x48\x79\x62\x35\xfc\xe6\x41\xd7\xba\x4a\x72\x30\x0a\
\x6c\xb0\x3a\x5e\x38\x52\x41\x49\xc7\xea\x67\xda\x1f\x89\xc4\xa7\
\xf9\xae\x44\xe9\xf6\x88\x6d\x03\x50\x1f\x53\x47\x71\x22\x60\x0a\
\x62\x03\x90\xe2\x44\x2c\xbb\x6f\xe3\xd9\x3e\xf9\xab\x44\x8d\x59\
\x68\x73\xbc\x18\x7c\xef\x2a\x0b\x91\x0b\x0a\xb5\xf9\x99\xde\x5e\
\xec\xd5\x5d\xe6\x2c\x8c\x85\x2d\x9f\xad\xd8\x04\xc0\x6a\x4b\xf0\
\x06\x26\xc2\x51\x80\x14\xc4\x06\x20\xc5\xa9\xa2\x99\xcd\xf1\x26\
\x4e\x23\x00\x0f\x36\xec\xfd\x2d\xa0\x3f\x45\x79\x78\x99\x3f\x10\
\x79\xdb\x69\x20\x22\x4b\x22\xfa\x9a\xc5\xe1\xef\xad\xe8\x94\x9b\
\x1c\xab\x70\x06\x83\x06\x96\xa3\x19\x86\x97\x01\x52\x12\x1b\x80\
\x14\x36\x4c\x87\x05\x60\x39\x01\x47\x8c\x7f\xb9\xa3\x38\x95\x9c\
\x48\x54\x14\xff\x8c\xe6\x50\x05\x86\x3d\xdc\xa0\xef\x46\xd7\x91\
\x88\x6c\xcc\x6d\x3f\xe8\x53\x00\x53\xa3\x39\x56\x05\x43\x1c\xc7\
\xb1\xb5\xca\xe6\x60\x0d\xb3\x01\x48\x45\x6c\x00\x52\xd8\xd6\x92\
\xc6\x87\xc1\xee\xef\x70\xfb\x3d\x75\xaf\xb4\xea\xfc\xab\x63\x5d\
\xc3\xcd\xff\x01\xf0\x51\xb5\x0e\x12\xfc\x68\x02\x5e\x30\x26\x81\
\x88\x2c\x19\xcf\xbb\x05\xa8\xf6\x6d\x74\xcf\xfd\xd0\x31\xef\x93\
\x58\xe4\x89\x9e\xac\xb0\x39\xda\xf3\x84\x77\x02\xa4\x20\x36\x00\
\x29\x2d\x62\x35\xfc\x0f\x60\xa5\x88\xc4\x6d\x26\xf2\xf3\x72\x7d\
\x48\xfd\xde\x35\x00\x66\x55\xf1\x90\x9f\x44\x71\xe9\x13\xf5\x73\
\xe3\xd6\xa4\x10\x55\xc7\x77\xed\x06\xcc\x15\x78\x3d\x50\xf5\x26\
\xe0\xa5\x7a\x59\xa5\xb7\xc4\x32\x53\x34\x44\x74\xa5\xcd\xf1\x0a\
\xe5\x08\x40\x0a\x62\x03\x90\xc2\x7c\xf0\x4e\xb0\x39\x5e\x04\xf1\
\x19\xfe\xdf\xcb\x43\x75\x73\xd7\x95\x14\x79\x67\x2b\xf0\x08\x2a\
\xde\x85\xcc\x40\x50\xa0\xe1\xb2\xf6\xff\x6c\xdc\xeb\xbb\x78\xe6\
\x23\xaa\xae\x79\x67\x0e\x78\x5b\xd4\x74\x00\xf0\xfe\x41\x1e\xb6\
\x5e\x44\x6e\x5d\xd4\x61\x60\x8f\x2f\xdb\x5e\x9f\x74\x5b\x70\x1b\
\x03\xab\x06\x40\xe0\x1d\xe3\x2a\x0b\xc5\x8f\x3f\xd1\x01\x28\x7a\
\x46\xb4\xa5\xcd\xf1\xaa\x1a\xf7\x06\x00\x00\x9e\x68\x96\xbb\x1d\
\xc0\x5d\xf7\x6c\x2d\x7c\x44\xcb\xcc\x15\x22\x38\x5d\x45\x9a\xa8\
\xea\x26\x05\xe6\xfa\x3c\x7d\xf5\xe1\x86\xbd\x97\x26\x22\x1b\x51\
\x34\xe6\x75\x18\x34\x1f\x40\xf7\x56\x9f\x8e\x39\xcd\x88\x5e\x22\
\x82\xe6\x80\xd4\x04\xf4\x67\xa8\x7e\x1c\x28\xad\xfd\xe6\xbc\x6e\
\xb9\x45\xc0\xc0\x44\x47\x2d\x97\x40\x56\xa8\xc5\xb2\x06\x0a\xb5\
\xfa\x30\x42\x89\xc1\x06\x20\x85\x09\xd0\xd2\x66\xfc\x5e\x20\x3f\
\x38\x0b\x13\x85\x87\xea\xe6\xae\x03\x30\x3c\x91\x19\x88\x5c\x9a\
\xdf\x69\xe0\xd7\x00\xbe\x4e\x74\x8e\xea\xf2\x20\x3f\x45\xec\xd6\
\x35\x62\x03\x90\x82\x78\x09\x20\xb5\xb5\xb2\x39\x58\x45\x17\xb9\
\x0a\x42\x44\xa9\x4b\x44\x6d\x3f\x0c\x34\xad\xf7\xd6\xf0\x1c\x27\
\x61\x28\x6e\xd8\x00\xa4\xa8\xa0\x8e\xaa\x01\xe0\x48\x9b\x1a\x9e\
\xfa\xd8\x00\x10\x11\x56\xaf\xab\xbd\x1c\x82\x32\xab\x22\xe2\x35\
\x77\x14\x87\xe2\x84\x0d\x40\x8a\xaa\x1f\xaa\xdd\x02\x80\xcf\xa6\
\xc6\xf6\x32\xdf\x62\x47\x71\x88\x28\x95\xe5\xe6\x46\xa0\xb0\x5b\
\x99\xd0\xd3\x13\x1d\xa5\xa1\x38\x61\x03\x90\xaa\xd4\xb3\x9a\x00\
\x08\x60\x6d\xb0\xe1\x95\x9b\x9c\x64\x21\xa2\x94\xa7\x80\xe5\x65\
\x00\x4e\x04\x4c\x35\x6c\x00\x52\x94\x31\x76\x77\x00\x40\x30\xdf\
\x51\x14\x22\x4a\x07\x02\xab\xfd\x3a\x20\x76\xb7\x25\x53\xfc\xf1\
\x2e\x80\x14\x25\x02\xbb\x06\x40\x31\xd7\x51\x14\x72\x6c\xf0\xac\
\x61\x81\x6d\x39\xb5\x8e\x35\xe2\xb5\x88\xa8\x9c\x20\xa2\x8d\x60\
\x50\x5f\x05\xb5\x21\xa8\xad\x8a\x7a\x00\xca\xdd\x20\x79\xc7\x06\
\xb3\x7b\x6e\xe8\x2a\x6f\x0f\x66\xdd\xf9\x07\xfb\x3c\x46\x0f\xfe\
\x18\xec\xfd\xd8\xbd\x1f\x03\x40\x55\x8d\x88\x6c\x8e\xa8\xd9\x2a\
\xe2\x15\xc1\xa0\x58\x81\x9f\xc5\x60\x61\xc8\x1f\xfa\x7e\x5a\x8b\
\xbc\x9f\x10\xc7\x05\xa7\x28\x3a\xa2\x76\x1f\x0a\x54\x79\x09\x20\
\xd5\xb0\x01\x48\x5d\xa7\x58\x1e\xff\xad\x93\x14\x64\xad\xd7\xe2\
\x89\xcd\xfc\x01\xd3\x4d\x21\xe7\xaa\x6a\x87\x22\xe0\x58\x55\x04\
\x00\xec\x7e\xdf\x54\xd9\xf9\xe0\x72\xde\x46\x0f\xf6\xce\x2a\x3b\
\x1f\x50\xe9\x63\xca\xab\x23\x7b\xfe\x53\x77\xfd\x5a\x41\x21\x55\
\x85\x40\x76\x74\x25\xb2\xf3\xa1\x1e\xe0\x33\x7e\x9c\x37\x7f\xdc\
\x76\xcc\x1d\xbb\x50\x45\x3e\x03\xcc\x07\xa1\xd2\xf0\xb4\xe9\xa7\
\x0f\xe2\xf6\xce\x49\x46\xa0\xf3\x74\xef\xbf\xf4\xea\x3b\x01\xb3\
\x86\x05\x90\x84\x0b\x1d\x51\xf9\xd8\x00\xa4\xa0\x7f\x69\x61\x93\
\x70\x29\x8e\xb7\xa9\xa1\xc2\x06\x20\x91\xfa\x2e\x9b\xd4\xce\xd3\
\x70\x7f\x85\x5c\xa8\x6a\x9a\xeb\xce\x4f\xee\x69\xaa\xa6\x02\xa7\
\x42\xf5\x54\x85\xdc\xe0\xcf\x0a\x68\xb7\xb9\x63\xbf\x85\xe2\x6d\
\x0f\x66\xdc\xfb\x27\x0f\xfc\x26\xd1\x01\x09\x28\x2d\xd5\xf9\x59\
\x59\x56\x0d\x40\x8d\xfa\x9b\x03\x27\x6f\x06\xbe\x72\x95\x89\x62\
\x8b\x0d\x40\x0a\x32\xa5\xe8\x08\x58\xb5\xea\xea\x2b\xce\xe6\x25\
\x80\x38\x1b\xb0\xbc\xf0\x70\x98\x70\x7f\x05\x06\x40\x4d\x4b\xcb\
\x4f\x5b\xa9\x4c\x00\xb4\x51\xa0\x4d\x04\xde\x9d\xe7\x7c\x5b\x30\
\x07\x82\x31\x22\x91\x89\xd3\x5a\xe7\xaf\x4e\x74\xb8\x4c\xb5\xe5\
\xc2\xeb\x36\x34\xfe\x60\xe4\x6a\x58\xec\x30\x1a\x89\x68\x7b\xb0\
\x01\x48\x19\x9c\x04\x98\x8a\xc4\xeb\x68\x59\xe1\x87\xbb\x9b\x5c\
\x51\xdd\x1d\xcc\x28\x4a\x83\x56\x8e\x3d\x71\xe0\xb2\x89\xa3\xa0\
\xe1\x25\x00\x1e\x02\x2c\xe7\x6f\xa4\x9f\x53\xa0\x78\xdc\x18\xdf\
\xb2\x73\xbe\x29\x18\xd5\x65\xf6\x18\x4e\x26\x4b\x10\x81\x58\x8d\
\xc6\x88\xa0\xbd\xab\x2c\x14\x7b\x6c\x00\x52\x90\xaa\x5a\x35\x00\
\x2a\x98\xe9\x2a\x0b\x55\x6c\xc0\xf2\x09\x6d\x06\x2e\x9b\x30\x39\
\x12\xf1\xcd\x07\x34\x0f\xd8\x71\x5d\x9f\x2a\x14\x50\x20\x4f\x3c\
\xf9\xee\xac\x6f\x0b\x26\x9e\xf5\xed\x98\x36\x89\x0e\x94\x71\xc4\
\xf2\xd3\xbb\x0a\x1b\x80\x14\xc2\x06\x20\xc5\x0c\xd3\x61\x01\x08\
\xda\xd9\xd4\xf0\xc0\x06\x20\x96\x06\xff\x50\x58\x3f\x7f\xf9\xf8\
\xa7\x3c\xc5\x57\x00\x72\xc1\xe7\x59\x75\x79\x50\xf4\x82\xca\xec\
\x2e\x73\x0a\x0a\x3a\xcd\x29\x68\x9a\xe8\x40\x19\x43\x4d\x54\xfb\
\x18\xec\x9e\xbd\x22\xda\x32\xe7\x8d\x71\xf5\xdc\x05\xa2\x58\xe2\
\x0b\x53\x8a\xd9\x1e\x6a\x7c\x2a\x80\x5a\x76\x55\xe4\x0b\x27\x61\
\xe8\x00\x79\x2b\x27\x5c\x16\xca\x0a\xcf\x55\xc8\x2d\xb0\x5c\xa9\
\x91\x20\x10\xf4\xf7\x80\x05\x5d\xe6\x8c\xfd\x43\x8f\xc2\x42\xfe\
\xff\x8c\x31\x51\xdf\x97\x96\x25\xbc\xb2\xac\xd2\x33\x9c\x84\xa1\
\x98\x63\x03\x90\x6a\x8c\xdd\xf0\x3f\x80\x70\x49\xcd\x1a\xb3\x9d\
\x64\xa1\xdd\xfa\xaf\x2e\x68\x3a\x68\xf9\x84\xb7\xc4\xe0\x35\x00\
\x47\x24\x3a\x4f\x9a\x69\xa8\xd0\x27\x57\x9d\xb8\xfd\xe3\x4e\xdf\
\x8e\x3e\x2e\xd1\x61\xd2\xd9\xda\x73\x07\xfe\x08\xc0\x6a\x85\x50\
\x31\xca\xcb\x00\x29\x82\x0d\x40\xaa\x11\xeb\x06\xe0\x9b\xa0\x5c\
\xb6\xcd\x49\x16\x02\x00\x5c\xb7\x7c\x62\xd7\x40\xd8\xff\x35\x80\
\x5f\x27\x3a\x4b\x7a\x93\x0e\x50\xef\xab\xce\xb3\xc7\xe6\x26\x3a\
\x49\xda\x12\x51\x40\xad\x46\x01\x54\x3c\x36\x00\x29\x82\x0d\x40\
\x8a\x51\xa0\x8b\x5d\x01\xfd\xc8\x51\x14\x52\x95\xeb\x56\x8c\xff\
\xab\x11\x7d\x0f\xc0\x61\x89\x8e\x93\x11\x14\xf5\x14\x3a\xb9\xd3\
\xd7\x05\xcf\x76\x5d\x32\xaa\x46\xa2\xe3\xa4\x23\x81\xf7\x69\xf5\
\x8f\xd9\x9b\x9e\xe9\x2c\x0c\xc5\x14\x1b\x80\x14\xf2\x64\xe9\x8b\
\x6d\x60\x39\xbc\x2c\x9e\x37\xdd\x51\x9c\x8c\x36\x78\xd6\xb0\xc0\
\xb5\x2b\x27\x16\x28\xe4\x7e\xf0\x5a\x7f\xfc\x09\x7e\x57\xba\xd9\
\x37\xad\xfd\xe7\x63\x1a\x25\x3a\x4a\xba\x31\x82\x6a\x37\x00\xfb\
\x39\xbc\xee\xdb\xa3\x5a\x38\x09\x43\x31\xc5\x06\x20\x85\x18\xe8\
\xa5\x96\x25\xd4\x8b\xf8\x3e\x76\x12\x26\x83\x0d\x5e\x35\xa5\x96\
\x39\xb4\xee\x7f\x01\xf4\x4b\x74\x96\x0c\x77\xa6\x2f\x5b\x3e\xee\
\x32\xab\xe0\xc8\x44\x07\x49\x27\x06\xf8\x0c\xe5\x6f\x23\x51\x65\
\xea\x99\xf3\x1d\xc5\xa1\x18\x62\x03\x90\x42\x44\x71\x91\x55\x01\
\xc5\x82\x3b\xeb\x5e\xb5\xd6\x51\x9c\x8c\xf4\xbb\x9f\xc6\x37\x34\
\x5a\xf4\x3e\x80\x8b\x13\x9d\x85\x00\x00\x2d\xc2\x7e\x7c\xd2\x6e\
\xf6\xe8\xd6\x89\x0e\x92\x2e\x36\x75\xcb\xdf\x04\x58\x6e\x0c\x04\
\x5c\xe0\x28\x0e\xc5\x10\x1b\x80\x14\xf1\xb8\x16\xe6\x40\x60\x35\
\x01\x50\x3c\xf9\xd0\x55\x9e\x4c\x34\x78\xd5\x94\x5a\x21\xbf\xbc\
\x0e\x68\x87\x44\x67\xa1\x7d\x1c\xe1\x53\xef\xc3\x33\xbf\x1a\xd7\
\x2a\xd1\x41\xd2\x85\x02\x9f\xd8\x1c\x2f\x40\x57\x14\x16\x66\xb9\
\xca\x43\xb1\xc1\x06\x20\x45\x48\x99\x5c\x04\xdb\x6b\xcd\xc6\xbc\
\xed\x26\x4d\xe6\x19\x3c\x6b\x58\x40\xb1\xf5\x05\x81\x5d\x13\x46\
\x31\xd3\x08\x62\xde\xe9\xf4\xd5\xf8\xa3\x12\x1d\x24\x2d\x08\xa6\
\x5a\x56\xa8\x53\xa7\x41\x11\x9f\x2b\x49\x8e\x9b\x01\xa5\x08\x0f\
\xb8\xc8\xea\xa2\x1c\x10\xd6\x52\xb1\x7d\x52\x67\x26\x55\xc1\xca\
\x09\x23\xa0\xf1\x1d\xf6\x57\xc1\x62\x00\x0b\x00\x2c\x80\x91\x25\
\x02\xb3\x49\x3d\x29\x86\x41\x31\xb0\x67\xe6\xf5\x3e\x3f\x17\xb2\
\xe3\x17\xd9\xfb\xb7\x06\x08\x97\x53\x5f\xf6\x3d\xe4\xc0\xc7\xc8\
\x9e\xc7\x44\x76\xfd\x5a\x4e\x21\x01\xa0\xea\x6b\x20\x1e\x6a\x1b\
\x83\x7a\x22\x38\x51\xa0\x27\x00\x68\xa9\xf1\x5d\x13\xe1\xf0\x88\
\x44\xde\x6c\xff\xf9\x98\xb3\x66\x9e\x39\x70\x7d\x1c\xcf\x9b\x76\
\x02\x65\xfe\xa9\xa1\x40\x58\x61\xb5\xe9\x98\x5e\x00\x80\xa3\x8e\
\x49\x2c\x63\xb7\x23\x4b\x25\x85\x5a\xe8\x5b\x55\x26\x6b\x14\xd8\
\x3d\xe3\x59\x77\xae\xbd\xa9\x7b\x76\x6a\x3f\x60\xbb\xf6\xfd\xbe\
\xf6\xf1\xdd\xb5\x72\xcf\x8a\x47\xde\x74\x33\x78\xd5\xf8\x3f\x43\
\xe5\x1f\xbb\xfe\xdf\xee\xff\xff\x7a\xf7\xff\xf3\xfd\xbf\x76\xf0\
\xbf\x8f\x3d\x7f\x77\x7b\x1e\xb4\x59\x05\xaf\x88\xea\xbb\x02\x9d\
\x3a\xee\xe8\xfe\x3f\x3b\xfe\x56\xe2\xee\x82\x05\x05\xc7\x98\x88\
\xd7\xcd\xa8\x76\x07\x70\x99\x02\x75\x76\xfd\x59\x14\x3f\xc3\xbb\
\x7f\xbf\xd7\xbf\xca\x7b\xcc\x8c\x0d\x75\x36\x75\x5b\xdc\xfc\x96\
\x52\xd7\xdf\x4f\x26\xc9\x79\x7f\xe4\x37\x00\x4e\xae\xca\xcf\x70\
\x79\xcf\x07\x55\xcc\x2a\xbe\xe0\x5a\xab\x65\xcb\x29\xb6\x38\x02\
\x90\x02\x56\x86\x7d\x1d\x04\xc6\xee\x76\x27\xd1\x77\x1c\xc5\xc9\
\x28\xd7\xad\x9a\x78\x16\x54\xff\x16\xe3\xd3\xbc\xaf\x8a\xe1\x21\
\x7f\xe0\xd5\x17\x9a\xe5\x6e\x8f\xf1\xb9\xe2\xea\x9d\x16\x03\x96\
\x00\x58\x02\x60\xe4\x05\x73\x0a\x6a\x87\x3d\x5c\x65\x04\xf9\x02\
\xe9\x16\xc3\xd3\x76\xcc\xd9\x5a\xff\x51\x00\x37\xc7\xf0\x1c\xe9\
\x4f\x30\x15\x8a\x93\x2d\x2a\x9c\x5e\xf7\xbd\x31\x8d\xb6\x76\xe7\
\x68\x4c\xb2\x62\x03\x90\x02\xc4\x98\xcb\x6c\x6b\x18\xa3\x6f\xb9\
\xc8\x92\x49\xf2\x7f\x2e\x6c\xe2\x69\x64\x22\x62\xf3\x3c\x51\x40\
\xa6\x88\x27\x0f\x8e\x6b\xd6\xfb\xf3\x18\xd4\x4f\x3a\xef\x9c\x32\
\xa0\x18\xc0\x58\x00\x63\xbb\xcd\x2b\x38\x53\x8d\xfc\x59\x04\x97\
\x21\x16\x23\x91\x22\x37\x9d\xf9\xd5\xe8\x69\x9f\x9f\x9e\xf7\x92\
\xf3\xda\x19\xc2\x83\xbe\x6f\x76\xec\x69\x11\x75\x09\x8d\x44\xba\
\x03\x98\xec\x2a\x13\xb9\xc5\x49\x80\x49\x4e\x55\x05\x40\x0f\xab\
\x1a\xc0\xca\x3f\xd5\xea\x39\xcb\x51\xa4\x8c\x91\xa5\x66\x34\x80\
\xc3\x63\x50\x7a\xbe\x1a\x39\x77\xdc\x51\x7d\xae\x18\x9b\x21\x6f\
\xfe\xfb\x9b\xda\x7a\xc0\xe7\x1f\xb6\xe9\x7f\x85\x78\xda\x11\x8a\
\xa8\x76\xa0\xab\x8c\x42\x86\xb7\xfb\x62\xe4\xb1\xb1\xa8\x9d\x09\
\x44\x4a\x3e\x10\xc0\xea\x32\x8a\x7a\xe6\x4a\x57\x79\xc8\x3d\x36\
\x00\x49\xee\xa9\xd0\x4b\xed\x01\x58\xbd\x88\x89\xc8\x14\x11\xd1\
\xca\x1f\x49\xbb\xdc\xb0\x72\x52\x2f\x40\x5d\x4f\xfa\x0b\x43\xf5\
\xde\x9a\xeb\xb6\x9e\x3a\xee\x98\xde\xd3\x1c\xd7\x4e\x49\x53\x5b\
\x0f\xf8\xbc\xe9\x82\x1a\xed\x00\xfc\x01\x80\xeb\x3d\x2a\x1a\x88\
\xdf\x37\x06\x3b\x9a\x68\xaa\xa6\x75\xdd\x6e\x2c\x52\xc0\x6e\xe9\
\x70\x95\x4b\x31\x65\x98\xe5\xee\xa5\x14\x2b\x6c\x00\x92\x9e\xf6\
\xb2\xae\x10\x31\xff\x75\x91\x24\x53\x0c\x5a\xf7\x6a\x5d\x15\x7d\
\xd4\x71\xd9\x35\x50\xbd\xa8\xe0\xe8\xbe\x0f\x3c\xdf\xf6\xfa\x90\
\xe3\xda\x29\xed\x85\xdc\xdc\xc8\x87\x27\x0f\xf8\x97\xa7\x91\x33\
\x00\x7c\xeb\xb2\xb6\x2a\xba\xb4\xfb\x6a\x4c\x9e\xcb\x9a\x19\x45\
\xf0\xa6\x65\x85\xda\x35\xb3\x7d\x97\x38\xc9\x42\xce\xb1\x01\x48\
\x62\x41\x0d\x7a\x22\x76\xc3\xff\x50\x6c\xa9\x55\xbb\xee\x34\x37\
\x89\x32\x43\x56\xa8\xf8\x01\xb8\x1d\xfa\xff\xd2\x94\x85\xdb\x14\
\x1c\xd5\xf7\x3d\x87\x35\xd3\xce\xb4\x36\xf9\x0b\x6a\x28\x3a\x2a\
\xb4\xd0\x69\x61\x91\x21\x1d\xe7\x0d\xcf\x71\x5a\x33\x43\x78\xc6\
\xf7\xba\x6d\x0d\x51\xe9\xe9\x22\x0b\xb9\xc7\x06\x20\x89\xe5\x84\
\x4f\x3e\x17\x6a\xf9\x46\x24\x78\xf3\x16\xb9\x98\xb7\x43\x55\xd1\
\xf5\x3f\x17\xb6\x02\xe4\x46\x67\x05\x45\xdf\xf7\xd5\xdc\xde\x6d\
\xec\xf1\x03\xb8\x04\x73\x15\xbc\x73\xca\x80\xe2\x8f\x4f\x5e\xd2\
\x1b\xc0\x50\x87\x65\x9b\x84\x4a\x03\x0f\x3a\xac\x97\x31\x7e\xe9\
\x3e\xf0\x7b\x01\x16\x59\x15\x11\x5c\x8c\xa9\xcf\xd4\xa9\xfc\x81\
\x14\x6f\x6c\x00\x92\x98\xaa\xc9\xb3\xad\x21\x9c\x81\x5b\x3d\x1a\
\xb9\x07\xae\x66\xfd\x0b\x3e\xa8\x57\xd2\xf0\x92\x91\x4d\xae\xdd\
\xea\xa4\x5e\xa6\x90\xa0\x99\xde\x66\xc0\x2d\x80\x3c\xe0\xb0\xea\
\x6f\x4f\xff\xb2\xa0\xa5\xc3\x7a\x19\x43\x05\xaf\x58\x96\xa8\x59\
\x33\x54\xd3\xfa\x4e\x26\x72\x8f\x0d\x40\x92\x1a\xa6\x85\xf5\x01\
\xd8\xce\xa0\xdd\x52\x5c\xb3\xd8\xf6\x1a\x5e\xc6\xf8\xdd\x9a\xf1\
\xc7\x0a\x60\x3d\xe7\x62\xa7\x6f\x10\x2e\xbd\x7a\x68\x73\x8e\xbe\
\x44\x6b\x7a\x9b\xfe\xf7\x0a\xf0\xa4\xa3\x72\x9e\x27\xf8\x93\xa3\
\x5a\x19\x45\x44\x6c\x1b\x00\x88\x68\xae\x8b\x2c\xe4\x16\x1b\x80\
\x24\x55\x12\x42\x4f\x00\x56\xb3\x67\x05\xf2\x4a\x50\xf2\x4b\x1c\
\x45\x4a\x7f\xea\xdd\x0d\x37\x9f\xfe\x57\xf9\x43\xb8\x60\xf4\x31\
\xf9\x9b\x1c\xd4\xca\x68\xd3\x4f\xfe\xf1\x0e\x40\x5e\x74\x53\x4d\
\xfb\xf0\xb6\xc0\xea\xdb\xd0\x35\xef\x73\x00\x2b\xad\x8a\x28\x2e\
\xcc\x79\x63\x5c\x3d\x37\x89\xc8\x15\x36\x00\x49\x4a\x20\xd7\x5a\
\xd7\x10\x0e\xff\x57\xd5\x75\x6b\x26\x1c\x02\xc5\x40\x07\xa5\x22\
\x0a\xe9\x3b\xfc\xd8\x3e\x6b\x1c\xd4\x22\x09\x1a\xbf\x3f\x3b\x1f\
\xc0\x42\x07\xd5\xfc\xc6\xf3\x71\x14\xa0\xba\x76\xdc\x42\x6c\x3b\
\x0a\x50\xa3\xd4\x5f\x72\x85\x8b\x38\xe4\x0e\x1b\x80\x24\xf4\xaf\
\xb2\x97\x3a\x00\x68\x6f\x59\x66\x6d\xdd\xec\x0d\x9c\x75\x5e\x45\
\x59\x11\xe9\x03\x20\xdb\x41\xa9\x7f\x8c\x6e\xc6\x7b\xfc\x5d\x9a\
\xd6\x3a\xb7\xc8\xf3\x34\x17\x80\x8b\x65\x92\x07\x9c\x31\x6b\x42\
\x63\x07\x75\x32\x8a\x1a\xb1\x5e\x51\xd1\x88\xe4\xbb\xc8\x42\xee\
\xb0\x01\x48\x4a\xc6\x66\xf9\x4d\x00\x80\x8a\x8c\xbf\x5e\x78\xbf\
\x79\x55\xa9\x27\x03\x1c\x94\x59\x58\xa7\xa4\x01\x67\x9b\xc7\xc0\
\xf4\x93\x07\x7e\x23\x8a\xbf\x3a\x28\x95\xad\x12\xe6\x6d\x69\xd5\
\xb4\xe9\x93\x9f\x3e\x02\xb0\xc2\xa6\x86\x28\xba\x66\xbf\x39\xe2\
\x44\x47\x91\xc8\x01\x36\x00\x49\x66\x68\xf1\xc4\xc3\x00\x5c\x63\
\x5b\xc7\xe7\x45\xc6\x38\x88\x93\x11\x6e\x58\x3d\xe9\x24\xa8\x9e\
\x6a\x5b\x47\x80\x5b\x39\xe9\x2f\x76\xfc\x1b\x9b\x3d\x05\xc5\x1c\
\xdb\x3a\x02\xed\xe7\x22\x4f\x46\x09\x06\x0d\x80\x49\x96\x55\xc4\
\xf3\xe1\xb7\x2e\xe2\x90\x1b\x6c\x00\x92\x8c\xfa\xfd\x37\x02\x08\
\x58\x15\x11\x7c\x79\x47\x56\x2f\xeb\x17\xca\x4c\x21\x6a\xec\x3f\
\xfd\x0b\xde\x1a\xd1\xac\x0f\x37\x5c\x8a\xa1\x69\xdd\xba\x85\xe1\
\xd9\x8f\x8e\x01\xe8\x70\xca\xec\x31\x27\x38\xa8\x93\x51\xd4\x98\
\x09\xf6\x45\x90\x87\xa9\xa3\x6a\x38\x88\x43\x0e\xb0\x01\x48\x22\
\x8f\x6b\x61\x4d\x08\x06\x3b\x28\x35\xda\x41\x8d\x8c\x21\xf0\x2e\
\x74\x50\xe4\x1f\x0e\xa2\x50\x25\x3e\x6d\x93\xf7\x11\x20\xd6\x5b\
\x5b\x7b\x46\xfb\xba\xc8\x93\x49\x36\x9d\x7f\xdd\xd7\x00\xe6\x5b\
\x96\x69\x54\x23\xa4\xd6\x23\x9c\xe4\x06\x1b\x80\x24\x92\x15\x92\
\xbe\x00\x6c\x27\x28\x6d\xf7\x95\xc2\xbe\x53\xcf\x10\x37\xac\x2e\
\x68\x0a\xe8\x49\x36\x35\x44\x31\x7d\xe4\x61\x7d\x3e\x76\x95\x89\
\x2a\xe1\x45\xac\x9b\x2d\x51\xb9\xc0\x45\x94\x4c\x23\x82\x71\xd6\
\x35\x54\x6f\x70\x91\x85\xec\xb1\x01\x48\x22\x2a\x70\x30\xbc\xa9\
\x93\x6e\xaf\x9f\xbb\xc1\xbe\x4e\x66\xf0\xa9\xbf\x2b\x2c\xf7\xa3\
\x57\xd1\xe1\x6e\xd2\x50\x55\x7c\xda\x26\xef\x23\x08\x66\x58\x96\
\x69\x7b\xe6\x67\xbc\x2f\xbd\xba\x3c\xf5\x15\x00\x88\x58\x96\xe9\
\x9c\xf5\xf6\x70\xab\xa6\x9b\xdc\x60\x03\x90\x24\x9e\x0e\xbd\x70\
\x1e\x80\x93\x6d\xeb\x18\xe3\x7b\xd6\x41\x9c\x8c\xa1\xe2\x9d\x6b\
\x59\xa2\xb8\x46\x56\xe0\x65\x27\x61\xa8\xca\x54\xd5\x76\x92\xab\
\x3f\x14\x88\x9c\xed\x24\x4c\x06\x59\x7f\xde\xc0\x95\x80\x58\xcf\
\x75\xf1\x41\x5c\x5c\xea\x24\x4b\x6c\x00\x92\x84\x02\x77\x38\x28\
\x33\xf3\xee\xda\xd7\xcc\x72\x50\x27\x93\x9c\x69\x73\xb0\x2a\x5e\
\x7b\xb6\x69\x6e\x91\xab\x30\x54\x35\xd9\x6a\x26\x03\xb0\x5c\xe5\
\x52\xcf\x73\x12\x26\xd3\x88\x19\xe1\xa0\xca\x00\xbc\x5d\x50\xdb\
\x41\x1d\xb2\xc0\x06\x20\x09\x3c\x53\xf6\x52\x3b\x00\x17\xd9\x57\
\x52\x7e\xfa\xaf\x0e\x55\x81\xaa\xd5\x6c\x70\xf1\x84\x8b\x2d\x25\
\xc0\xb4\xd3\xf2\x37\x41\xf0\xb6\x5d\x15\xb1\x6a\xfe\x32\xd5\xa6\
\xfa\xe1\xff\x01\xb0\x5a\xe9\x52\x81\xfa\x35\x35\xc4\x5b\x02\x13\
\x8c\x0d\x40\x12\x50\x89\xb8\x58\xe0\x64\x6d\x51\x8d\x6d\x5c\xfa\
\xb7\x1a\x06\xff\xfc\x42\x33\xd8\xee\xb7\xe0\x0b\x4d\x75\x14\x87\
\xaa\x49\x55\xdf\xb7\x2c\xd1\xc2\x49\x90\x4c\xd3\xf6\xfa\x10\x1c\
\xdc\x69\xa4\x82\x3b\x50\x58\x98\x65\x1f\x88\xa2\xc5\x06\x20\xc1\
\xfe\x55\xf6\xe2\x69\x80\x5c\x6a\x5b\x47\x44\x9f\xe6\xc6\x3f\xd5\
\x13\xf0\x85\xad\x56\x25\x13\x60\xe5\xf0\x43\x07\x2c\x71\x95\x87\
\xaa\x47\x8d\xcf\xb6\x01\x68\xd8\x66\x4e\x41\x53\x27\x61\x32\x8c\
\xf8\xe4\x39\xd8\x4f\x06\x3c\xa2\x46\xbd\x22\x17\x2b\x70\x52\x94\
\xd8\x00\x24\x98\x4f\xcc\xbd\xb0\x9c\x85\x0e\x60\x9b\x96\x46\xfe\
\xed\x22\x4f\x26\x31\x46\xac\x86\xff\x15\xba\xc0\x55\x16\xaa\xbe\
\xcf\x4f\xeb\xfb\x1d\x04\xeb\x6d\x6a\xf8\xc3\xc2\xa5\x69\xa3\xb0\
\xa9\x5b\xfe\x52\x55\xbc\x6e\x5b\x47\xa1\x77\xa1\xb0\xd0\xe7\x22\
\x13\x55\x9f\x8b\xad\x4f\x29\x4a\x4f\x97\xbd\x78\xa6\x42\xad\x77\
\xc8\x52\xe8\xe8\x3f\xd6\xeb\xf3\x8b\x8b\x4c\x99\x45\x1a\x01\x1a\
\xf5\xd1\xaa\x88\x7b\x03\x70\xd9\xaa\x61\xb5\x6a\x94\xd4\xea\xee\
\x89\x74\x34\x46\xda\x01\x38\x5a\x81\xc3\x01\xd4\xd8\x99\x69\x1b\
\xa0\x2b\x15\xf8\x01\x90\x2f\xd4\x33\xd3\x9b\x6c\xd8\x36\xed\xf9\
\xb6\xd5\xdb\x17\xe2\x8c\x59\xc3\x02\x87\xd6\xab\x73\x8e\x46\x4c\
\x17\x88\xb4\x57\xc8\x71\x80\x39\x42\x75\xf7\x25\x93\x12\x55\xac\
\x84\x87\xa5\xc6\x60\x16\x14\x9f\xd6\xd8\xbe\xed\xbd\x29\x6d\xaf\
\xdf\xe6\xf8\x5b\xae\x98\x88\x62\xf6\xd8\x05\x80\x76\x8e\xba\x84\
\x9a\x13\x01\x4c\x77\x98\x2a\x63\x88\xc8\xd3\x0a\xbd\xdc\xb2\x4c\
\xf3\xac\xfa\x45\xd7\x94\x81\x3b\x97\x26\x02\x1b\x80\x04\x12\xcf\
\x3c\xa4\x2a\xb6\x9f\xfe\x8d\x07\x79\xc2\x49\xa0\x0c\x23\xd0\xba\
\x36\xc7\x7b\x22\x71\x1b\xfe\xef\xf1\xc3\x84\x2e\x9e\xe8\x4d\x28\
\xc1\x65\x0a\xd4\xd2\x8a\xfb\x96\x5a\x00\x9a\xef\xf8\x47\x2f\x84\
\x11\xac\xab\x5f\x7b\xe3\x6f\x16\x8d\x7d\x59\x0c\x86\xbe\x72\x62\
\xff\x83\x2e\x11\x7d\xf1\x77\xe3\x4e\xf6\x3c\xb9\x45\x45\xaf\x86\
\xd1\x86\xd8\xfd\xe3\x79\xc0\x09\x6b\x40\x70\x1c\x14\xc7\x09\x70\
\x1e\x04\x28\xa9\x55\x6b\x5b\xf7\xf9\x05\x53\x7c\x2a\xcf\xbc\xdd\
\xba\x7f\x9c\xde\x54\x75\x21\x80\xa8\x1b\x00\x15\xf0\x12\x40\x94\
\x36\x9f\x97\xf7\x5e\xbd\x0f\x46\x2e\x80\xda\xcd\xa5\x10\xd5\x7b\
\xa0\x5a\xb8\x73\xdb\x61\x8a\x23\x5e\x02\x48\x90\x67\x42\x2f\x5c\
\x00\x48\x37\xeb\x42\x8a\x17\x6e\xaf\x91\xbb\xd8\x41\xa4\x4c\x54\
\xc7\xee\x70\xdd\xea\x26\x46\xc5\x7a\x2d\x9d\xd8\xa9\xd7\x92\xf1\
\x33\x3c\xd1\xe9\x00\x7a\x22\xba\x49\x8b\x0d\x01\xb9\x56\x3d\x99\
\x7d\xc5\xa2\x71\x6f\x5e\xb9\xb8\xe0\x80\x45\x58\xae\x58\x34\xae\
\xd5\xa5\x0b\xc7\xbe\xee\x79\xf8\x06\xd0\xeb\xa0\x68\x18\xc5\x79\
\x6a\x09\xa4\xa7\x11\x7c\xd4\x7d\xde\xd8\x19\xe7\xcf\x1d\x17\xf5\
\x1b\x73\x55\xa9\xc8\x0f\x36\xc7\x8b\x82\x8b\x01\x45\x4b\x44\xa1\
\x3a\xd4\x41\xa5\x53\xb2\xdf\x1e\x71\xb1\x83\x3a\x54\x4d\x1c\x01\
\x48\x00\x55\x95\x67\xcd\x8b\x0f\x5a\x8c\x3e\xef\x62\x8c\x67\xfe\
\xee\x20\x52\x66\x12\xad\x0b\xb5\x18\x80\x11\x89\x59\x03\xd0\x77\
\xd1\xb8\x7a\x11\xbf\x3c\x05\x35\x03\x61\x3f\x47\x64\x37\x01\x2e\
\x34\xea\x9d\x7f\xf9\xa2\x71\x4f\x86\x90\xf3\x7f\x75\xca\x8a\x74\
\x7b\xa0\xec\x01\x63\x70\x3b\x20\x2e\x5f\x0f\x3a\xa8\xe8\xf4\xf3\
\xe6\x8e\x1d\x9b\x95\x2d\x37\xbf\xd9\xbc\xdf\x16\x87\xb5\xf7\xb6\
\xd1\xe6\x60\x15\x58\x8d\x02\x65\xba\x3a\xdb\x23\xa3\x8b\x6a\xf9\
\x83\x50\x34\xb1\x2a\xa4\x72\x0f\x60\x3f\xa7\x80\xaa\x87\x23\x00\
\x09\xf0\xef\xc8\x8b\xd7\x40\x71\x86\x7d\x25\x7d\xe5\xce\xec\x5e\
\x73\xed\xeb\x64\x2a\xb1\xba\x05\x10\xd0\x98\x5c\xef\xee\xb7\x74\
\xec\xe9\xc6\x2f\x5f\x0b\x90\x07\x87\x6f\xfe\x7b\xf1\x89\xe2\x8e\
\x80\xae\x9f\x51\x9a\x15\xfa\x44\x80\xbb\x10\x9b\x0f\x03\x02\xc1\
\x80\xb2\x32\x9d\xdd\xed\x9b\xf1\x0e\x7e\xde\x0f\xe4\xa9\xb1\x6d\
\xc2\xd8\x00\x58\x58\x75\xd9\xf5\xdb\x00\x3c\x63\x5b\x47\x05\x9d\
\xfd\x6f\x8d\x3a\xcb\x41\x24\xaa\x06\x36\x00\x71\x16\xd4\xa9\x7e\
\x28\x1e\x70\x50\x4a\xc5\x03\x3f\xfd\x5b\xb1\x9b\x7f\x61\xe0\x39\
\xbf\x66\xd9\x67\xc9\xf8\x5f\x1b\x78\x1f\x02\x38\xd6\x75\xed\x03\
\xc9\x69\x50\x6d\x1b\xfb\xf3\xe0\x18\xf1\xcc\xb4\xf3\xe6\x8d\xb5\
\xdf\x75\x71\x7f\x0a\xcb\x06\xc0\x6e\x1e\x08\x01\xea\x85\x9f\x01\
\x60\xdd\x0c\x7b\xaa\x77\x3a\x88\x43\xd5\xc0\x06\x20\xce\x9a\x46\
\x7e\xc9\x83\xc0\xc5\xad\x47\xaf\xdd\x96\x95\x3b\xdb\x41\x1d\x4a\
\x12\xfd\x7e\x9a\x70\x3e\x04\xaf\xc1\x7a\x6e\x42\x52\xaa\xa3\x8a\
\x57\xcf\xfd\x76\x9c\xd3\x5d\xf8\x54\xac\xef\x45\xe7\x2d\x68\x96\
\xb6\x76\xbb\xfe\x17\xb8\xd8\x82\x5c\xf4\x92\xac\x77\xff\xd3\xd2\
\xba\x0e\x55\x19\x1b\x80\x38\x1a\xa5\xa3\x6a\x00\x72\xaf\x83\x52\
\xc6\x13\x27\x75\x28\x49\xf4\x5b\x3a\xf6\x74\x55\x7d\x19\x40\x3a\
\xaf\x8c\x96\xa5\xa2\x2f\xc5\xea\x72\x00\x25\x8e\x17\xf6\x1e\x01\
\x50\xad\x5b\x4d\xcb\x2b\x23\x11\xb9\xdd\x45\x1e\xaa\x1a\x36\x00\
\x71\xb4\xcd\xd4\x19\x04\x68\x33\xdb\x3a\x0a\x4c\xb8\x35\xfb\x9a\
\x6f\x5c\x64\xa2\xc4\xeb\xb1\xb6\xb0\x8e\x81\x37\x11\xe9\xf9\xc9\
\x7f\x7f\x75\xe0\x99\x97\x7f\x3d\xaf\x30\x27\xd1\x41\xc8\x9d\x4d\
\x17\xe5\x2f\x85\xa2\xc0\xb6\x8e\x42\xfa\xe3\xad\x61\xbf\x72\x91\
\x89\x2a\xc7\x06\x20\x4e\x86\xe9\xb0\x80\x28\xee\x72\x50\x2a\x24\
\xea\xdd\xe7\xa0\x0e\x25\x89\xac\x6d\xe1\xa7\x04\xb0\x5a\x95\x30\
\xc5\x1c\x19\xd2\xb2\xc7\x12\x1d\x82\xdc\xf2\x3c\x79\x10\x40\xd8\
\xb2\x4c\x76\x96\xf1\xdf\xe4\x22\x0f\x55\x8e\x0d\x40\x9c\x98\x48\
\xa3\xfe\x00\x8e\xb2\xad\x23\x8a\xff\xdc\x56\xe3\xea\x1f\x1d\x44\
\xa2\x24\x30\x60\xe9\xc4\xd3\x00\xcd\x4b\x74\x8e\x78\x53\xe8\x80\
\xae\x73\x0e\x5c\x8f\x80\x52\xd7\xe6\xee\x83\x7e\x84\x60\x9c\x6d\
\x1d\x15\xdc\x80\x29\xc3\x2c\xef\xd0\xa1\xaa\x60\x03\x10\x07\x85\
\x5a\xe8\x83\xe8\x3d\x0e\x4a\x6d\xd3\x88\xc7\x99\xff\x69\x44\x25\
\x92\x8f\xcc\x7c\x1e\x7a\xf0\xa1\x6f\xa2\x43\x90\x5b\x62\xbc\x07\
\x61\xbf\x49\x50\x4e\x20\xe0\xf5\x74\x91\x87\x0e\x2e\x13\x5f\x78\
\xe2\x6e\x7d\xc4\xfb\x0d\x80\xe3\x6d\xeb\x88\xe0\xdf\xb7\xd5\xbe\
\xfa\x67\x07\x91\x28\x49\x28\xe4\xbc\x44\x67\x48\x14\x55\x39\x3b\
\xd1\x19\xc8\xad\x2d\x17\xe4\x2f\x82\xe2\x05\xeb\x42\x2a\x37\x38\
\x88\x43\x95\x60\x03\x10\x1f\x2e\x66\xb6\x16\x85\x4a\x7d\xff\x74\
\x50\x87\x92\x8b\xf5\x65\xa1\x54\x25\x00\x27\x7b\xa5\x21\x85\x37\
\x04\x36\xbb\x6c\xed\xd0\x3e\xf0\xc6\xf0\xd3\x5c\xe4\xa1\x8a\xb1\
\x01\x88\xb1\xe7\xf5\xa5\x76\x10\x74\xb2\xad\x23\xc0\xd0\x3b\xeb\
\x5e\xb5\xd6\x45\x26\x4a\x2a\xb6\xb7\x4e\xa5\x2c\x05\xb6\x27\x3a\
\x03\xb9\x57\x7c\x41\xfe\x6c\x01\xde\xb6\xad\x63\x04\xd7\xbb\xc8\
\x43\x15\x63\x03\x10\x63\xc6\xe8\x1f\x1d\x94\xd9\xe2\xcb\xf2\x71\
\xd6\x74\x7a\x5a\xea\xa8\x4e\x99\xa3\x3a\x95\xd9\x0e\xd8\xae\xbe\
\xb7\x93\x82\x9b\x58\xa5\x29\x85\x19\x62\x5b\x43\x80\x3e\x78\x75\
\x04\x57\x6a\x8c\x21\x36\x00\x31\xf4\x8c\x16\x1e\x0a\xe0\x4a\x07\
\xa5\xfe\x75\x93\x5c\xb5\xde\x41\x1d\x4a\x3a\xfa\xae\xdd\xe1\x78\
\x5b\x54\xce\x2b\x36\x0d\xeb\xbd\x78\x5c\x5f\xf1\xc2\x91\x63\x15\
\x3a\xc9\x51\xb8\xdd\x44\x30\x51\xd5\x74\x2a\x59\x7d\x44\xbd\xb7\
\x5a\xf6\xaf\x67\x44\x8f\x85\xe8\x93\xb0\x98\xf0\x25\xa2\x6f\x3a\
\x8c\x48\x49\xa4\xe8\xfc\xdf\x4e\x13\xc8\x67\x96\x65\xea\x06\xb2\
\xb4\x8f\x93\x40\x54\x2e\xee\x06\x18\x43\x7e\x23\x83\x14\x08\x58\
\x96\xd9\x94\x95\x55\xf6\xb8\x93\x40\x94\x74\x0c\xe4\x39\x01\x6e\
\x45\x14\x3f\x27\xaa\x7a\xf7\x8b\xc7\xf7\xdb\x67\x5e\xc8\xcf\xdd\
\x75\x02\x00\x00\x20\x00\x49\x44\x41\x54\x0b\x2d\x06\x2c\x01\xd0\
\xfb\xca\x45\xe3\xbe\x17\x81\x8b\xd5\x22\x43\x02\xe9\xfb\xfa\x89\
\x7d\xf7\x99\xd8\xf5\xce\x8e\xf3\xdc\x76\xc1\xfc\x71\x9f\x01\x3a\
\x11\xd5\xdf\xb4\x68\x6d\x96\xc1\x58\x07\xf9\x28\x49\x19\xc1\xc3\
\xa2\xf8\xaf\x4d\x0d\x05\xfa\x01\x18\xe6\x28\x12\xed\x87\x23\x00\
\x31\x12\xd4\xa0\xa7\x90\xdf\xda\xd6\x51\x95\x7f\xfd\x5e\xfa\x5a\
\x6d\x79\x4a\xc9\x6b\xc2\x51\x7d\x7f\x54\xe0\x91\xea\x1e\x27\xc0\
\xd3\xfb\xbf\xf9\xef\xed\x95\xe3\xfb\x06\x21\xf8\xc8\x2e\x1d\x00\
\x60\xc8\xeb\x2d\xfa\x56\x38\xab\xfb\x9d\x56\xfd\x26\x03\x78\xb4\
\x9a\x35\x15\x8a\x9b\xdf\x39\x65\x40\xb1\x5d\x34\x4a\x66\xdb\xba\
\xe7\xbf\x06\x60\xbe\x65\x99\xce\x78\x73\xd4\xd1\x0e\xe2\x50\x39\
\xd8\x00\xc4\xc8\xa1\xe1\x36\x17\x00\x38\xda\xb2\x4c\x59\x20\xcb\
\xfc\xdb\x41\x1c\x4a\x62\xa1\xa3\x02\xf7\x2a\xf0\x52\x95\x0f\x50\
\xfc\xd7\x1c\x13\xb8\xf5\xa0\x8f\x11\xd1\x68\x1a\x8b\xfd\x18\xf5\
\x65\xfd\xab\xb2\x07\x75\x6a\xf9\xc3\x9f\x20\x18\x5f\xc5\x9a\xaa\
\xc0\x3d\x53\x4f\xee\x5f\x68\x99\x8d\x92\x9d\x88\x8a\xe0\x39\xdb\
\x2a\x1e\x22\xbd\x9d\xe4\xa1\x03\xb0\x01\x88\x15\x4f\xfb\xd9\x17\
\x91\x17\x6f\x94\xdc\xd5\xf6\x75\x28\x99\xbd\x20\xb9\x91\x13\x8e\
\x5a\x94\x2b\x8a\xbf\x01\x28\x39\xc8\x43\x4b\x15\x78\x40\x8f\x0d\
\x5c\xf3\x82\xe4\x56\x7a\xed\xdd\x5f\x92\x35\xcd\x32\xda\xb2\x37\
\x9b\xe7\xae\xab\xec\x41\x41\x09\x9a\x77\x5a\xf4\xeb\xaf\x90\xdb\
\x00\x6c\x3a\xc8\x43\x7f\x12\x95\xab\xa7\x9d\xd4\xdf\x7a\x82\x18\
\xa5\x06\x11\xff\x04\x00\xa5\x56\x45\x14\x9c\x07\x10\x23\x6c\x00\
\x62\x60\x98\x4e\xa9\x25\xd0\x2b\x6c\xeb\x18\x31\x4f\xbb\xc8\x43\
\xc9\x2f\x28\x41\x33\xee\x98\xbe\x41\x7f\x24\x72\x22\x80\xbf\x02\
\x32\x1d\xc0\x72\x00\xcb\x00\x99\x0e\x91\xfb\xfc\x11\x3d\xbe\xf0\
\xd8\xbe\xf7\x56\xe5\xcd\x1f\x00\x5e\x68\x9d\x5b\x04\x8b\xdb\x0c\
\xb5\x3a\x5b\xe5\x8a\xe8\x7b\xad\xfa\x3d\xa9\xd9\xd9\x47\xab\xc8\
\x60\x00\xe3\x21\x98\x06\xe8\x54\x00\x23\x44\xa4\x47\x76\xf6\xc6\
\x13\x3f\x38\xb9\xdf\x2b\xd1\xe6\xa1\xd4\xb3\xb5\xfb\xc0\xf5\x02\
\xbc\x6a\x53\x43\x04\x27\x05\xde\x1a\x71\x8a\xab\x4c\xb4\x07\x27\
\x01\xc6\x80\xa0\xf4\x52\xb5\xde\xd9\x4d\xbf\xba\x2d\x90\x3b\xc3\
\x4d\x22\x4a\x15\x05\xc7\x0d\x58\x06\xe0\xef\x3b\xff\xb1\x72\xc9\
\x4f\xe3\x1b\x22\xa4\x51\x4f\x42\x15\xe0\x88\x4b\xbe\x19\xdf\xf0\
\xf5\x36\x55\x9f\x83\xf2\xde\x71\xb9\x9b\x01\xfc\x67\xe7\x3f\x44\
\x80\xc8\x48\xa8\xe6\xda\x94\x50\xa3\xbd\x01\xcc\x71\x94\x88\x76\
\xe2\x08\x40\x0c\xa8\xc2\xc5\x35\xab\xa1\x0e\x6a\x50\x06\xcb\x8e\
\xa0\x9e\x65\x09\xd1\x80\x1e\xe1\x24\x0c\x65\xac\xe2\x4f\x96\xbd\
\x0b\xc8\x32\x9b\x1a\x0a\x5c\xed\x2a\x0f\xed\xc1\x06\xc0\xb1\x61\
\x5a\x58\x1f\xc0\x85\x96\x65\x7e\xa9\x1b\x28\x76\x7e\x2f\x37\x65\
\x96\x88\xf1\x8c\x6d\x0d\xcf\x93\x9a\x2e\xb2\x50\x06\x0b\x06\x0d\
\x04\x05\x96\x55\x8e\xc7\x9b\x23\x4e\x74\x92\x87\x76\x63\x03\xe0\
\x9c\xf7\x1b\x00\x35\x6c\x2a\xa8\x62\x64\xbe\xe4\x1f\x6c\x32\x18\
\x51\xa5\x5e\x3d\xae\xd7\x0a\x00\xbc\x85\x94\x12\x2e\xe2\x79\xa3\
\x61\xb9\x3f\x80\x07\x5c\xee\x26\x0d\xed\xc2\x06\xc0\x31\x4f\xb5\
\x97\x75\x0d\xa8\xf5\x9e\xda\x44\x3b\x6e\x05\x94\x1f\x6c\x4a\x84\
\xa1\xb6\x9b\xba\x10\xa1\xf4\xbc\xbc\x1f\xa0\xb0\x5a\x19\x50\xd4\
\x7e\x62\x35\xed\x8b\x0d\x80\x43\xc3\x74\x42\x63\x85\x74\xb7\x2c\
\x33\xff\xe6\xec\xdc\x6f\x9d\x04\xa2\x8c\x27\x96\x6f\xe0\x9e\x1a\
\x36\x00\xe4\x84\x78\x78\xcd\xe6\x78\x05\x3a\xe0\x8d\x91\x4d\x5c\
\xe5\x21\x36\x00\x4e\x79\xc8\x3a\x1f\xb6\x77\x56\x88\x4e\x76\x93\
\x86\x08\x50\x48\x75\x97\xe8\xdd\x87\xa8\x8f\x0d\x00\x39\x21\x91\
\xc8\x14\xcb\x12\x3e\x9f\x98\x8b\x9d\x84\x21\x00\x6c\x00\x9c\x32\
\x46\xce\xb7\xad\x11\x31\xa6\xc2\x65\x57\x89\xaa\x4b\xa0\x56\xcf\
\x71\xe3\xb7\x9f\x48\x48\x04\x00\x45\x17\x0e\x9e\x07\xd8\xed\x00\
\xa9\xc0\x79\x8e\xe2\x10\xd8\x00\xb8\x25\x6a\x39\xfc\xaf\x5f\xdd\
\x96\xdd\xeb\x3b\x37\x61\x88\x00\x85\x5a\x8e\x00\xf0\x12\x00\x39\
\xa4\xf2\xba\xdd\xf1\x6c\x00\x5c\x62\x03\xe0\xc8\x08\x2d\x3c\x51\
\x80\x66\x76\x55\x84\xc3\xff\x44\x94\xb6\xd4\x33\xb6\x97\x01\x0e\
\xc3\x94\x51\xcd\x9d\x84\x21\x36\x00\xae\x18\x78\xb6\x93\xff\x80\
\xb0\x72\xf8\x9f\x9c\x12\xb1\x9b\x03\xc0\x49\x80\xe4\x52\x49\x4e\
\xe4\x23\x00\x9b\x6d\x6a\x78\xfe\xc8\xb9\x8e\xe2\x64\x3c\x36\x00\
\x8e\xa8\xc2\xb2\x01\x90\xef\x6e\xae\x99\xbb\xc4\x4d\x1a\x22\xa2\
\x24\xd4\xf6\xfa\x10\x04\x6f\x5b\xd5\x50\x74\x73\x94\x26\xe3\xb1\
\x01\x70\x20\xa8\x53\xfd\x80\xe5\x0f\xa5\xe0\x7d\x37\x69\x88\xf6\
\x62\x60\x35\x02\x10\xe6\x5d\x00\xe4\x9a\xd1\xe9\x96\x15\xba\xba\
\x88\x41\x6c\x00\x9c\x38\x1c\x1b\xda\x02\xa8\x6f\x53\x43\x60\x3e\
\x70\x14\x87\x68\x0f\xb1\x9b\x04\xc8\x4b\x00\xe4\x9a\xc0\xfb\xd4\
\xb2\xc4\x21\x78\x7d\xf8\x51\x4e\xc2\x64\x38\x36\x00\x6e\x74\xb0\
\x3c\x3e\xe2\xf9\x42\xd3\x5c\x04\x21\xda\x97\x58\x3d\xc7\x5d\xec\
\x27\x40\xb4\xb7\x6d\x5b\xea\xcc\x01\x50\x64\x55\x44\xb4\x9d\x9b\
\x34\x99\x8d\x0d\x80\x0b\x06\xa7\xd9\x15\xd0\xaf\x7e\x2f\x55\xdf\
\x72\x95\xa8\x1a\xec\x46\x00\xb2\x38\x02\x40\x8e\xe5\xe6\x46\x00\
\x7c\x61\x53\xc2\x83\xb0\x01\x70\x80\x0d\x80\x0b\xa2\xa7\xdb\x1c\
\xae\xf0\x78\xfd\x9f\x88\x32\x88\x5a\x5d\x06\x50\x01\x1b\x00\x07\
\xd8\x00\x58\x1a\xa5\xa3\x6a\x00\x68\x61\x53\x83\xd7\xff\x29\x86\
\xac\x46\x00\x88\x62\x41\x15\x33\xec\x0a\xe0\x0c\x04\x83\x7c\xff\
\xb2\xc4\xff\x81\x96\x42\xa8\x77\x32\xec\xd6\xff\xd7\x80\x1f\x33\
\x5d\xe5\x21\x72\x89\x93\x00\x29\x16\xb2\x81\x19\xb0\xdb\x1e\xb8\
\x1e\xce\x6c\xc6\x05\x81\x2c\xb1\x01\xb0\x24\xb0\xbc\xfe\x2f\x58\
\x72\xbd\xe4\x5a\x2d\x8c\x41\x74\x10\x96\x77\x01\xf8\xd9\x00\x90\
\x73\x5b\x2e\xbc\x6e\x03\x00\xbb\x75\x4f\x54\x5b\xba\x49\x93\xb9\
\xd8\x00\x58\x52\xc0\xee\xfa\xbf\x62\xb6\xab\x2c\xf4\xff\xed\xdd\
\x79\x7c\x54\xd5\xf9\x06\xf0\xe7\xbd\x33\x59\x08\xfb\x22\x08\x2e\
\x2c\x0a\x22\xb8\x54\xc5\x5a\x97\x2a\xb8\x81\x5a\x6b\x45\x89\xb2\
\x18\x09\xf0\x33\xb5\x56\xdc\xd7\x5a\x4d\x17\x5b\xd7\x5a\x71\xa9\
\xd0\xca\xbe\x39\xb8\x2f\x28\x45\x0d\x8a\xe0\x06\xc5\x62\x41\x05\
\x15\x11\x65\x13\x25\x04\x42\x92\x99\xb9\xe7\xfd\xfd\x91\xa0\x01\
\x03\x24\x39\xe7\x66\x66\x32\xcf\xf7\xf3\x81\x24\x93\xb9\xef\xbc\
\x77\x32\xcb\x33\xe7\xde\x7b\x2e\xd5\xc0\xf2\x28\x80\x18\x8f\x02\
\xa0\xa0\xac\xb0\x5a\x5a\xd5\x6a\xd3\x2b\x31\x00\x58\xf3\xa0\x3f\
\xb1\x5b\x1e\x4b\x5d\xf5\x42\x44\x94\x2a\x14\xf8\xd8\x66\x79\x0f\
\xe0\x08\x80\x25\x06\x00\x4b\x0a\x1c\x6c\xb3\xbc\x11\x5d\xe2\xaa\
\x17\xa2\x1a\x70\x1e\x00\x4a\x52\x62\x35\x02\xa0\x10\x8e\x00\x58\
\x62\x00\xb0\xf0\x88\x46\x9a\x01\x68\x6b\x53\x43\x42\xa1\xff\x3a\
\x6a\x87\x88\x28\x65\x88\x18\xbb\x4d\x00\x40\x4f\xa8\xdd\x4c\x97\
\xe9\x8e\x01\xc0\x42\x13\xe0\x40\xcb\x12\xc5\x57\x60\xe0\x97\x4e\
\x9a\x21\x0a\x80\x97\x99\xc1\x9d\x00\x29\x10\x12\xd7\x4f\x2c\x4b\
\xb4\xc0\xec\x89\x1d\x9c\x34\x93\xa6\x18\x00\x2c\x28\xc4\x6a\x3e\
\x6a\x05\x56\x88\x08\x5f\x60\x29\x40\x6a\xf5\x1c\xf7\xd4\xe7\xe3\
\x93\x02\x51\x76\xd6\xa8\xaf\x61\x3b\x25\xb0\x17\x3b\xc0\x4d\x37\
\xe9\x89\x01\xc0\x82\x5a\x8e\x00\x08\xf0\xb5\xab\x5e\x88\x88\x52\
\x4a\xe5\x87\x9f\x95\x56\x35\xe2\xa1\xfd\xdd\x34\x93\x9e\x18\x00\
\xec\xd8\x9d\x91\x4a\xb1\xc6\x51\x1f\x44\x35\x12\xb1\x3c\x19\x90\
\xcf\x9d\x00\x29\x50\x6b\xad\x96\xf6\x0c\x47\x00\x2c\x30\x00\x58\
\xb1\xdb\x04\x00\x8f\x23\x00\x14\x2c\x55\xdb\x89\x80\x38\x13\x20\
\x05\x47\x81\x6f\x2c\x4b\x70\x04\xc0\x02\x03\x80\x1d\xbb\x07\x9f\
\x32\x00\x10\x51\xfa\x12\x95\x4d\x76\x15\x3c\x06\x00\x0b\x0c\x00\
\x16\x14\x68\x6d\xb5\xbc\x7a\xdc\x04\x40\x41\xb3\x1a\x01\x88\x67\
\x72\x13\x00\x05\x47\xc5\x58\x06\x00\xf0\x28\x00\x0b\x0c\x00\x16\
\x04\x68\x6e\xb3\xbc\x09\xc7\x38\x02\x40\x81\x52\x9e\x0d\x90\x92\
\x98\x67\x3d\x02\xa0\x2d\xdd\x74\x92\x9e\x18\x00\xac\x48\x33\x9b\
\xa5\x7d\x64\x7d\xeb\xaa\x13\xa2\x9a\x88\x65\x00\x08\xf1\x30\x40\
\x0a\x90\x83\x7d\x00\x5a\x39\x69\x24\x4d\x31\x00\x58\x51\xab\x00\
\x10\x42\x56\x99\xab\x4e\x88\x76\xc3\x2e\x00\x18\x06\x00\x0a\x8e\
\xe7\x59\x8e\x00\x08\x03\x80\x0d\x06\x80\x7a\x2a\xd4\xa2\x30\x80\
\x6c\x8b\x12\x66\xb4\x9c\x5d\xe1\xaa\x1f\x22\xa2\x54\xe3\x7b\xfe\
\x66\xab\x02\x8a\x96\x9c\x0e\xb8\xfe\x18\x00\xea\xa9\x33\x8a\xad\
\x3e\xfd\x03\xe0\xa7\x7f\x6a\x08\x96\x87\x01\x66\x72\x04\x80\x02\
\x23\x1a\x8e\x5b\x96\x08\x63\xde\xa3\x4d\x9d\x34\x93\x86\x18\x00\
\xea\x49\x21\x56\x3b\x00\x82\x01\x80\x1a\x86\xd5\x73\x3c\xee\x97\
\xf3\x28\x00\x0a\x4e\x5c\xec\x1f\x5f\x15\x59\x99\x0e\x3a\x49\x4b\
\x0c\x00\xf5\xa4\x88\xe6\xd8\x55\x10\x06\x00\x22\x4a\x6b\x22\xea\
\xdb\x17\x89\x85\x1d\xb4\x92\x96\x18\x00\xea\x49\x01\xbb\x07\xae\
\xea\x76\x47\xad\x10\xed\x89\xd5\x26\x80\xb0\xc9\xe2\x26\x00\x0a\
\x8c\x84\xa3\xf6\x23\x00\xea\x85\x1c\xb4\x92\x96\x18\x00\xea\xc9\
\x07\xa2\x76\x15\x84\x3b\xae\x50\x43\xb0\x7a\x9c\x95\x37\x89\x33\
\x00\x50\x70\x62\x0e\x26\x9a\x92\x0c\x8e\x00\xd4\x13\x03\x40\x3d\
\x65\xda\x06\x00\x41\x13\x47\xad\x10\xed\x89\xe5\x3c\x00\xd9\x0c\
\x00\x14\x18\x09\x3b\x08\x00\x46\x38\x02\x50\x4f\x0c\x00\xf5\x54\
\x86\x98\xe5\x21\x7c\x6a\xb9\x0f\x01\x11\x51\x6a\x13\xcf\xd8\xef\
\x03\xe0\x2b\xdf\xc7\xea\x89\x77\x5c\x3d\x35\x83\x6f\xb9\x09\x00\
\x0c\x00\xd4\x00\xec\x8e\x91\x0e\x1b\x6e\x02\xa0\xe0\x98\x28\x32\
\xac\x8b\xf8\x5a\xee\xa0\x95\xb4\xc4\x00\x50\x4f\xd9\xc8\x8e\xd9\
\x96\x50\x4e\x60\x41\x81\x13\xab\xe7\x78\x34\x1e\xe6\x61\x80\x14\
\x18\x5f\xc3\x56\x27\x54\x03\x00\x84\x2a\x78\x44\x55\x3d\x31\x00\
\xd4\xd3\x20\x0c\x8a\x01\xb0\xf9\x74\x24\xe3\xf0\x22\xf7\x03\xa0\
\xa4\x16\xf6\x63\x1c\x01\xa0\xc0\x78\x21\x07\x53\xf9\x36\x6d\xc2\
\x00\x50\x4f\x0c\x00\xf5\x24\x22\x0a\xc0\xf2\x50\xbe\xad\xdc\x0c\
\x40\x44\x69\x4b\xe1\xb7\xb0\x2e\xd1\x77\x38\xa7\x54\xaf\x27\x06\
\x00\x3b\x1b\x6d\x16\x8e\xc3\xdb\xc7\x55\x23\x44\xbb\x61\xf5\x1c\
\xcf\x68\x1e\xe5\x08\x00\x05\x46\xd4\xb3\xdc\x04\xa0\xe5\xa8\xfc\
\x30\x46\xf5\xc0\x00\x60\x67\x83\xcd\xc2\x12\xcf\xd8\xcf\x55\x23\
\x44\xbb\x61\xb5\x9f\xc9\x36\xd3\x94\x2f\xae\x14\x18\x15\x63\xb9\
\x09\x40\xb6\xb8\xe9\x24\x3d\x31\x00\xd8\x59\x6f\xb3\xb0\x8a\xbf\
\xbf\xab\x46\x88\x76\xc3\x2a\x00\x64\x18\x8e\x00\x50\x70\x54\xbc\
\x96\x96\x25\xec\x4e\x27\x9c\xe6\x18\x00\xac\x88\xd5\x08\x00\x04\
\x1c\x01\x20\xa2\xb4\x25\x50\xbb\x00\x20\x0c\x00\x36\x18\x00\x2c\
\x28\x8c\xd5\x08\x80\xa8\xc7\x00\x40\x41\xb3\x7a\x8e\x97\x45\x33\
\x79\x18\x20\x05\x46\x80\x03\x2c\x4b\x7c\xe3\xa4\x91\x34\xc5\x00\
\x60\xc5\x6e\x04\x40\x61\xb8\x09\x80\x92\x5a\x66\xbc\x9c\x9b\x00\
\x28\x38\x8a\x83\x2c\x97\x67\x00\xb0\xc0\x00\x60\x45\x2d\x37\x01\
\x08\x03\x00\x11\xa5\x2d\x05\xba\x5a\x56\x60\x00\xb0\xc0\x00\x60\
\x21\x04\xef\x0b\xab\x02\x8a\x9e\x11\x8d\xf0\x44\x16\x14\x18\x11\
\xbb\xe7\x78\x56\xac\x8c\x23\x00\x14\x8c\xd9\x53\x5b\x00\x68\x67\
\x59\x65\xb5\x8b\x56\xd2\x15\x03\x80\x85\x18\x32\x3f\x06\x60\xb3\
\x8d\xb4\xc9\xa6\x0a\x1c\xec\xaa\x1f\xa2\x5d\xa9\xda\x1d\x05\x90\
\xdd\xa1\x35\x03\x00\x05\x22\x27\xa3\xdc\x6e\xf8\x1f\x00\x24\xf4\
\xb9\x83\x56\xd2\x16\x03\x80\x85\x02\x39\x77\xbb\x00\x5f\xda\xd4\
\xf0\xc3\x72\x84\xab\x7e\x88\x6a\x60\x15\x00\xbe\x89\x97\x32\x00\
\x50\x20\xd4\x97\x6e\xd6\x45\xfc\xd8\x2a\x07\xad\xa4\x2d\x06\x00\
\x7b\x1f\x59\x2d\xad\x38\xdc\x51\x1f\x44\x35\xb1\x0a\x00\x4d\xe2\
\x1d\x18\x00\x28\x18\x02\xdb\x00\x10\x43\x59\xeb\xaf\x9d\xf4\x92\
\xa6\x18\x00\x2c\x29\x74\xb9\xcd\xf2\x02\x70\x04\x80\x88\xd2\x8e\
\xaa\xf6\xb0\x2b\x80\xd5\xc8\xcd\xf5\x1d\xb5\x93\x96\x18\x00\xac\
\x79\x76\x23\x00\xc2\x00\x40\x41\xb2\x3b\xe5\xf4\xc6\x2d\x6b\x38\
\x0f\x00\x05\x42\x05\x7d\xac\x0a\x88\x7c\xec\xa8\x95\xb4\xc5\x00\
\x60\x49\x61\x6c\x37\x01\x74\x79\x54\xa7\xd9\x9f\x13\x9b\x88\x28\
\x55\x2c\x8c\x34\x11\x48\x6f\x9b\x12\x02\xfc\xcf\x55\x3b\xe9\x8a\
\x01\xc0\x52\x06\xc2\xcb\x01\xd8\x6c\x27\x15\xdf\xcf\xf8\xb9\xab\
\x7e\x88\x00\xe0\xb2\x45\x63\x33\x06\x7e\x3a\xa5\x00\x90\x0c\x9b\
\x3a\x1d\x9a\xe6\xbc\x7b\xd6\x27\x53\x2f\x1a\xc4\xc3\x55\xc9\xa1\
\x26\xa5\x5b\x8e\x04\x60\xf5\xd8\x34\xd0\x0f\x1d\xb5\x93\xb6\x18\
\x00\x2c\xe5\xcb\xf9\xc5\x00\x3e\xb1\xa9\x21\xea\x9d\xe2\xa8\x1d\
\x4a\x73\x85\x5a\xe8\x5d\xb8\x72\xda\xa0\x4d\xad\x9a\x2e\x03\xe4\
\x31\xd8\x3e\xc7\x45\x8e\x12\xc5\xcc\xd2\x4f\xa2\x2b\xcf\xfe\x78\
\xca\x55\xe7\x2e\x1a\x9b\xe3\xa6\x53\x4a\x67\xc6\x84\x7e\x6a\x5d\
\x44\xb1\xd4\x41\x2b\x69\x2d\x9c\xe8\x06\x1a\x05\xc5\x02\x08\x7a\
\xd6\x77\x71\x81\xf6\x73\xd9\x0e\xa5\x9f\x41\xcb\x22\x99\x9a\x15\
\x1b\xf8\xe1\x67\xb8\x15\xa2\xce\x8f\x2c\xa9\x9a\xb1\xed\xef\xb1\
\xa6\x39\xb7\x0e\xf8\x68\xca\x54\xf5\x30\x79\xce\x21\x97\xfc\xd7\
\xf5\xed\x50\x7a\x10\xe8\x31\x96\x25\xa2\xd8\xde\x62\x85\x93\x66\
\xd2\x18\x03\x80\x0b\x9e\x2e\x80\xca\xc8\xfa\x2e\xae\xc0\x91\x8f\
\xea\xb4\xd6\xbf\x91\xa1\x9b\x5d\xb6\x45\x8d\xdf\xc0\x95\x53\xf7\
\xf7\x42\x52\xa0\x1a\x1d\x05\xc8\xbe\x56\x1b\xa3\x6a\xa7\x3d\x80\
\x6b\xc5\xe0\xda\xfe\x1f\x4d\x59\x0a\xc8\x64\x23\xa1\x19\x73\x7b\
\x0e\x5e\x1b\xf8\x2d\x53\xe3\x21\xe8\x63\xf9\x58\x5d\x8e\xdc\xdc\
\xa8\xa3\x6e\xd2\x16\x03\x80\x03\x1e\x74\xa1\x6f\x77\xb8\xb5\x67\
\xfc\xcc\x93\x01\x3c\xe7\xa8\x25\x6a\xc4\x86\xac\x9e\xd6\x3a\xee\
\xcb\x39\x0a\xbd\x10\x8a\x73\x54\x11\xb6\x3c\xdc\xbf\xbe\x8e\x00\
\xf4\x3e\x31\xf1\x7b\xce\x5c\x3e\xe5\x3f\xaa\x32\xd7\x0b\xc9\x5c\
\x2f\xf4\xed\xc2\x97\xbb\x8f\xae\x48\x44\x43\x94\x02\x9e\x7b\xbc\
\x39\xb4\xfe\x23\xa6\x00\x20\xd0\x77\x38\x41\x85\x3d\x06\x00\x07\
\x46\x60\xd0\x8a\x7f\xe2\xe9\x4d\x80\xd6\x7b\x5e\x6b\xa3\xe8\x0b\
\x06\x80\x94\xe2\x19\x73\x74\xfe\xd7\x33\x96\x4c\xd8\x6f\xf0\x9a\
\x40\x6f\x48\x55\x06\x7f\x31\xe3\x10\xa3\x38\x03\xd0\xf3\xe2\x3e\
\x4e\x01\x34\xdc\x00\x9f\xf6\x6b\xcb\x03\xd0\x07\xa2\x7d\x8c\xd1\
\x5b\x8c\x69\x5d\x7a\xfa\xb2\x29\xf3\x45\xf0\xbe\x51\x59\xea\x89\
\xfc\xf7\xc4\x43\x57\x7e\x56\x28\x85\xce\x0e\x29\x3c\x7e\xd9\xbf\
\xda\x98\x58\x66\x2f\x00\xa7\xba\xaa\x49\x0d\x23\x27\x5b\x4e\x31\
\x50\xab\x7d\x53\x8c\xca\x42\x57\xfd\xa4\x33\x06\x00\x07\x44\x44\
\xc7\x99\x59\x0b\x01\xf9\x65\xbd\x6b\x00\x03\x00\x5c\xe3\xb0\x2d\
\x0a\x98\x8a\xdc\xe1\xa9\xde\x31\xe2\xab\xe9\x1b\x04\x58\x0c\x60\
\x89\x51\x7c\xec\x41\x57\xf8\xf1\xe8\x8a\x89\x5d\xf3\x8b\xeb\x5a\
\x73\xf8\xaa\x09\xd9\x71\x0d\x77\x56\x95\xee\xc6\xc3\xb1\x06\x72\
\x1c\xbe\x98\x7e\x9c\x51\xb4\x0a\x60\x15\x82\xd2\x14\xc0\x00\x55\
\x0c\x00\x14\x46\x15\x6f\x2e\x3b\xa8\xf4\xd4\xff\x4d\x5e\xa6\x90\
\xcf\x44\xb0\xd1\x28\xd6\x01\xb2\x5e\x0d\x36\x7a\x88\x6f\x04\x80\
\xd8\x2e\x45\xc4\x78\xed\xd4\x43\x5b\x31\xda\xd6\x78\xd2\x0e\x8a\
\xf6\x0a\xf4\x80\xa2\x37\x62\xe8\xc0\x3d\x98\x53\x93\xaa\x0e\xb0\
\x1e\xb0\x12\x9f\x01\xc0\x01\x06\x00\x47\x54\xbc\x05\xa2\x5a\xef\
\x00\x00\xa0\xe7\x98\x8a\x48\xaf\xd1\x59\xb9\x56\x33\x0b\x52\x42\
\x74\x50\xe0\x6c\x28\xce\x06\x00\x03\x01\xc2\x59\x18\xbe\x66\xfa\
\x46\x55\x5d\x0d\xc8\x16\x88\x6c\x56\xa3\x5b\xa0\x28\x81\x48\x0c\
\x8a\x16\x46\x4c\x08\xaa\xcd\x15\x92\x05\xa0\x13\x80\xce\x51\xa0\
\x23\x04\xd0\xaa\x4f\xf7\x3b\x5e\x27\x93\xe7\xc3\x7e\xbd\x35\x05\
\xe4\xa7\x00\x7e\xaa\x5a\xb9\x5e\xaa\x0a\x11\xc0\x54\x1d\xa8\xe0\
\x01\x80\x56\x5b\xd7\xaa\x77\x78\x15\x69\x14\x77\x00\x55\x11\x1d\
\x60\xb9\xc9\x6a\x03\xce\x2e\xf8\xcc\x55\x3b\xe9\x8c\x01\xc0\x11\
\x85\xbe\x6e\xbd\x15\xd6\x93\x81\x00\x18\x00\x1a\x0b\x45\x7b\x40\
\xda\x57\x7e\xaf\xdf\xbf\xe6\x29\x7e\xf8\x1e\x7c\x73\xa3\x34\x92\
\xf5\xca\xbf\x0e\x06\xc4\xea\x2c\x80\x0a\xbc\xed\xaa\x9f\x74\xc7\
\x51\x34\x47\x0a\x70\xc1\x62\x00\x56\x27\xa6\x10\xe8\xf9\x8e\xda\
\x21\x22\x4a\x3a\x9e\xc8\x59\xb6\x35\x04\x78\xcd\x45\x2f\xc4\x00\
\xe0\x8c\x88\xa8\xa8\xbc\x6c\x59\xe5\xe8\x07\xca\x9f\xb2\x3f\x45\
\x26\x11\x51\x32\x12\xf4\xb7\x2d\x61\xd4\xfc\xdb\x45\x2b\xc4\x00\
\xe0\x96\x67\x5e\xb4\x2d\x11\x0a\x19\x8e\x02\x10\x51\xe3\x33\x7b\
\x4c\x16\x14\xb6\xb3\x9e\xae\xc6\x39\x97\x71\x02\x20\x47\x18\x00\
\x1c\xca\x42\xd9\xab\x00\xca\xad\x8a\x28\x2e\x70\xd3\x0d\x11\x51\
\xf2\xc8\x09\x37\x3f\x0d\x40\x33\xbb\x2a\x32\xc7\x49\x33\x04\x80\
\x01\xc0\xa9\x3c\xc9\x2b\x05\xf0\xba\x65\x99\xe3\x1f\xaa\x78\xd2\
\x6a\x92\x0c\xa2\x5a\x52\x00\x9c\x7d\x92\x1a\x84\xaa\x0e\xb5\xad\
\x21\x30\x73\x5d\xf4\x42\x95\x18\x00\x1c\x53\x81\xf5\x66\x00\x05\
\x46\xb8\xe8\x85\x68\xb7\x04\x0b\x54\xbd\x93\xb3\x62\x99\xfb\x0a\
\xa4\x00\x40\xb0\x93\x19\x51\x7a\x9b\x33\xb9\xa9\x88\xd5\x61\xd2\
\x00\x50\xe1\xa3\x09\xb7\xff\x3b\xc4\x00\xe0\x98\x07\x79\x01\x80\
\xdd\x8c\x67\xa2\x97\x16\x6a\x24\xd3\x4d\x47\x44\x3b\xf9\x00\x90\
\x01\xcf\x75\x1f\x76\xd2\x0b\x87\x0c\x79\x6b\x56\xef\xdc\xe8\xf3\
\x3d\x86\x8e\xcb\x8e\x67\x1e\xac\x22\x05\x00\x56\x25\xba\x41\x6a\
\x7c\x9a\x4a\x74\x20\x2c\x87\xff\x15\x32\x17\x67\x0f\x2b\x71\xd4\
\x12\x81\x01\xc0\xb9\xff\x93\x0b\xbe\x52\xe8\x3c\xcb\x32\xed\xdb\
\x46\xbd\x73\x5d\xf4\x43\x54\xe5\x53\x81\x0c\xfb\xc9\xc1\x9f\x1e\
\xf3\x5c\xf7\xa1\x3f\xda\x8e\x3a\xab\x77\x6e\xf4\xa5\x1e\x43\xc7\
\xad\xdb\x5a\x7a\x88\x88\xe4\x43\xb0\x38\x11\x4d\x52\xe3\xa4\x10\
\xeb\xe1\x7f\x4f\xf0\x94\x8b\x5e\xe8\x07\x9c\x08\x28\x08\x82\xa9\
\x50\xbb\x39\xca\x15\x3a\x12\xe0\x03\x9e\xac\xa8\x02\xaf\x09\x64\
\x5c\xc6\xc1\x19\x4f\xcf\x92\x5c\xff\x99\xbd\x2c\xb0\xb8\x4f\x41\
\x6c\x31\x30\x11\xc0\xc4\xb3\x56\x4e\xed\x05\x5f\xf3\x04\x32\x12\
\x40\xbd\xcf\x73\x41\xe9\xad\xd9\x9c\xc9\xed\x0d\x62\xa7\x59\x96\
\x89\xf9\xa2\xcf\x3b\x69\x88\xbe\xc7\x11\x80\x00\x64\x20\xf3\x49\
\x00\xa5\x56\x45\x04\xfd\x1f\x2c\x8b\x1c\xe8\xa6\x23\x4a\x33\x25\
\x02\x8c\x51\xf1\x7b\x3e\x7b\xf0\xb0\x33\x9e\xe9\x3e\x74\xd6\x2c\
\xc9\xf5\xeb\x5a\xe4\xe5\xee\xc3\x96\xbf\xdc\xf3\x92\x9b\xb7\x67\
\xc5\x0e\x00\x64\x18\x2a\x27\x60\xa9\x73\x1d\x4a\x6f\xbe\x17\x1b\
\x02\xfb\x0f\x9b\x45\x18\x30\xea\x3b\x17\xfd\xd0\x0f\x38\x02\x10\
\x80\x91\x72\xde\xd6\xc7\xfc\xa7\x9e\x05\xac\xf6\x7a\xf5\xe0\xc9\
\x15\x00\x6e\x72\xd5\x17\x35\x6a\x65\x02\xcc\x01\xf0\x4c\x34\x5e\
\xf1\xcc\xf3\x3d\x47\x6e\x75\x55\x78\x5e\xd7\xfc\x72\x00\xd3\x00\
\x4c\xeb\xbf\x2c\xd2\x06\x5e\x74\x80\x40\x7f\x01\x68\x7f\x40\xda\
\xb8\xba\x1d\x6a\x9c\x44\x91\x67\x5d\x44\x75\xa6\x83\x56\x68\x17\
\x0c\x00\x01\x11\x63\x26\xab\x67\xb9\xdd\x4b\x50\x30\x56\x23\x7f\
\x29\x90\xdc\x2d\x8e\xda\xa2\xc6\x65\x8b\x42\x67\x8b\xe0\xe9\xec\
\x1c\xf3\xf2\x94\x7d\xf3\xec\x46\x9d\x6a\x61\x4e\xef\xdc\xef\x00\
\x4c\x07\x30\x7d\x90\x46\x42\x25\xcb\x2b\x4e\x00\xf4\x6c\x88\x9c\
\x00\xe0\x68\x58\x1f\xe7\x4d\x8d\x49\xb3\x39\xff\x3a\xd9\x00\x47\
\x59\x96\x29\xf5\xe3\xde\x93\x4e\x1a\xa2\x9d\x30\x00\x04\xa4\x75\
\x58\x5f\xdb\x6c\xb0\x56\x21\x9d\x2c\xca\xb4\x2c\x8f\x4b\x01\x80\
\x7b\x5c\xf5\x45\xa9\x4b\x81\x75\x22\x78\x1b\xaa\x0b\x61\xf0\x0e\
\x2a\x32\xdf\x7f\xb2\x77\x6e\x34\x51\xfd\x54\x6d\x56\x98\x5f\xf5\
\x0f\x83\x34\x12\xda\xf2\x51\xf9\xa1\x46\xe5\x58\x28\xfa\x40\x70\
\x2c\x80\x1e\x00\x5a\x06\xd4\xc2\x06\x00\x5b\x01\x1c\x1c\x50\x7d\
\xb2\x25\x72\xb5\x83\x2a\x4f\xe3\x3c\x77\x23\x5a\xf4\x03\x06\x80\
\x80\xe4\x4a\xae\x3f\xd6\x9f\x35\x15\xc0\x8d\x96\xa5\xae\x1a\xa3\
\xb3\x1f\x1c\x2d\x67\x57\xb8\xe8\x8b\xdc\x51\xc5\x85\xe2\xc9\xe7\
\x0a\xf4\x10\x35\x3d\x00\x39\x04\xd0\x1e\x80\x74\x07\xd0\xaa\xbe\
\x65\x01\xac\x53\xc5\x2a\x01\xbe\x80\x87\x55\xa2\xb2\xdc\x83\x2e\
\x9c\xde\x6d\xe8\x6a\x87\xed\x3b\x57\x15\x08\xfe\x57\xf5\x6f\xc2\
\x8e\xcb\xfb\x2e\x99\xd0\x2a\x14\xf6\x0e\x54\x91\xce\x22\x5e\x17\
\x18\xd3\x59\x21\x6d\x44\xa4\x99\xaa\x69\x02\x20\x1b\x40\x0b\x54\
\xbe\x1e\x65\x02\x28\x03\xb0\x05\x40\x29\x04\x65\x30\x28\x81\x68\
\x89\x2a\xbe\x54\x60\x95\x07\x5d\x65\xb6\xe7\x7c\xfe\xf6\x09\xb9\
\x65\xc7\x7f\x30\xe9\x17\xa8\x3c\xf4\x96\x92\x4c\xcb\xd7\x26\x1e\
\x14\xf7\x7d\xdb\x63\xff\x21\xaa\x13\x1d\xb4\x43\x35\x60\x00\x08\
\x90\xe7\xe9\x63\xbe\x91\xeb\x00\x84\xea\x5d\x44\xd1\xc9\xc4\xb6\
\x0d\x03\xf0\xb8\xb3\xc6\xc8\x0d\x4f\x62\x8f\xef\x37\x78\x09\x80\
\x25\xbb\xfe\x2a\x7f\x5d\x64\x1f\xdf\x37\xad\xc5\xf7\x9b\x2b\xd0\
\xda\xf3\xd0\xc2\x28\x5a\x78\xf0\x5a\xa8\x20\x0a\x85\x2f\xd0\x62\
\x28\x7c\x23\x28\x81\x8f\xa8\x07\xb3\xe1\x3b\xbf\xed\x17\x2f\x77\
\x6f\x5c\x61\x6f\xde\x51\xf9\xc5\x00\x8a\x01\x2c\x4d\x74\x2f\xd4\
\x70\xe2\xbe\x3f\x1a\x36\xaf\x7d\x00\x04\x58\x1d\x7b\xef\xeb\x79\
\x6e\x3a\xa2\x5d\x31\x00\x04\xe8\xff\x24\x77\xd5\x63\xe6\xc9\xe7\
\xa0\x18\x68\x55\x48\xe5\x86\x42\x2d\x9c\x50\x28\x85\x76\x13\x0c\
\x51\x83\x99\xd0\x31\xf7\x1b\x00\xdf\x24\xba\x0f\xa2\x44\x68\x55\
\x34\xa1\x55\x2c\x6e\xf2\xa1\x76\x75\x54\x31\x1e\x85\x7c\xdd\x0b\
\x0a\x0f\x03\x0c\x9a\xc8\x83\x0e\xaa\x1c\xd2\x3a\x7a\xd8\x85\x0e\
\xea\x10\x11\x05\x2e\x16\xf7\x47\x41\xd1\xdc\xb2\x4c\x34\xae\xa1\
\x71\x4e\x1a\xa2\x1a\x31\x00\x04\xec\xd7\x72\xc1\x9b\x00\xfe\xe3\
\xa0\xd4\x9f\xc6\xea\xd8\x0c\x07\x75\x88\x88\x82\x13\x89\x64\x0a\
\xbc\x2b\x6d\xcb\x88\xe2\x49\x9c\x93\xbf\xde\x45\x4b\x54\x33\x06\
\x80\x06\x20\xaa\xd6\xa3\x00\x0a\xed\x51\x16\x6b\xc3\x93\x04\x11\
\x51\x52\x6b\xd6\x7a\x6b\x01\xa0\xf6\x93\x98\xa9\x37\xc6\x41\x3b\
\xb4\x07\x0c\x00\x0d\xa0\x4d\x48\x67\x02\x58\x67\x5b\x47\x15\x77\
\xdc\xab\x93\x9b\x3a\x68\x89\x88\xc8\xb9\x0e\x73\x26\x37\x05\x70\
\xab\x7d\x25\xfd\x4f\xec\x9c\x11\xef\xda\xd7\xa1\x3d\x61\x00\x68\
\x00\xb9\x92\x1b\x05\xf0\x0f\x07\xa5\x3a\x86\xa3\x4d\x46\x3b\xa8\
\x43\x44\xe4\x5c\xa9\x17\xbd\x06\xc0\xbe\xb6\x75\x44\xbd\xbf\x39\
\x68\x87\xf6\x82\x01\xa0\x81\x94\x7b\xe1\x87\x00\x6c\x76\x50\xea\
\xa6\x87\xf5\xe9\xb6\x0e\xea\x10\x11\x39\xd3\xf2\xc5\x47\x5b\x8b\
\x78\xd7\x3a\x28\xb5\x2a\xda\x64\xcd\x13\x0e\xea\xd0\x5e\x30\x00\
\x34\x90\x6b\xe4\xfc\x62\x11\xb8\x38\x22\xa0\x65\x2c\xe6\xdf\xe6\
\xa0\x0e\x11\x91\x33\x26\x2b\xfb\x56\xa8\xb6\xb6\x2e\x24\xb8\x07\
\xfd\x0a\xe3\x0e\x5a\xa2\xbd\x60\x00\x68\x40\x9e\xa7\x7f\x07\x60\
\x7f\x46\x2b\xc5\x6f\x1f\x88\x46\x7e\x62\xdf\x11\x11\x91\xbd\x9c\
\x7f\x3f\xde\x49\xa1\xbf\xb1\xad\xa3\xc0\x86\x58\x49\xf3\x49\x2e\
\x7a\xa2\xbd\x63\x00\x68\x40\x05\x92\xbb\x45\x45\x5d\x6c\xdb\x0a\
\xab\xc1\xc3\xaa\x2a\x0e\x6a\x11\x11\x59\x09\x7b\xb8\x53\x80\x1c\
\xdb\x3a\x9e\xe2\x7e\xe4\xe6\x96\xb9\xe8\x89\xf6\x8e\x33\x01\x36\
\xb0\x6c\x2f\x6b\x4c\x85\x1f\xbd\x1a\x40\x3b\xbb\x4a\x72\xe2\xdf\
\xcb\x9f\xca\x07\x30\xde\x45\x5f\xd4\xf0\x2e\xf9\x62\x72\x57\x45\
\x68\x94\x02\x03\x00\xf4\x04\x10\xd3\xca\x13\xdc\xcc\x17\x5f\x9f\
\x8d\x96\x67\xfe\x7b\x56\x02\x4f\xf6\xe3\x42\xdf\xa2\xa2\x70\xa8\
\xfd\x57\xa7\x43\x71\xbe\x2a\x4e\x50\xc1\x7e\x00\xca\xa0\xb2\x1c\
\x30\x2f\xc4\x34\x34\xe5\xad\x23\x86\xba\xd8\x37\x86\x12\xa4\xd9\
\x6b\xff\x3a\x19\x06\x97\xda\xd6\x51\x60\x63\x34\xbb\xdc\xc5\xce\
\xd2\x54\x4b\x1c\x01\x68\x60\x23\xe5\xbc\xad\x10\xdc\xe7\xa2\x96\
\x8a\xde\xfd\x70\x09\x77\x08\x4c\x35\x85\x5a\xe8\x5d\xb2\x7a\xfa\
\xed\x2a\xa1\x8f\x20\xb8\x15\x95\xa7\xd1\xcd\x41\xe5\x59\xf3\x7a\
\x00\x18\x69\x3c\x79\x21\x9c\x13\x5b\x3f\x78\xd5\xb4\xf1\x43\x56\
\x4d\xeb\xdf\xb7\xa8\x28\x75\xc2\xba\xaa\x9c\xf6\xd1\xa4\xe3\x4f\
\x5f\x36\xe5\xa1\x50\xfb\xaf\xbe\x06\xf0\xb2\x02\x97\x41\x70\x18\
\x80\xd6\x00\x3a\x41\xf4\x74\x85\x3c\x18\x16\xb3\xe2\xe4\xa5\x53\
\xec\x4e\x9b\x4d\x89\x33\x7b\x4c\x96\xa7\xf2\x18\x00\xeb\xd1\x48\
\x0f\xfa\x17\xf4\xbb\x62\x9b\x83\xae\xa8\x96\x52\xe7\x45\xa5\x11\
\x29\xf5\xca\x1e\xce\xf1\x9b\x5c\x03\xa0\x83\x65\xa9\x76\x15\x99\
\xfe\x5f\x01\x5c\xe6\xa0\x2d\x6a\x00\x85\x5a\xe8\x7d\xfa\x65\x8f\
\x49\x02\x0c\xab\xc5\xd5\x5b\x2b\x90\xaf\x40\x7e\x87\xce\x6b\x37\
\x5d\xf4\xd9\xd4\xa7\x34\x24\x4f\x68\xe7\x8c\x37\xab\xce\xbc\x97\
\x54\x4e\x5b\x36\xb5\x97\x08\x06\xcb\xf2\xa9\x43\x14\x5e\xb7\x5a\
\x2e\xd6\x4e\x44\xa7\xf6\x5d\x3a\xf9\x80\x79\x47\xe4\xdd\x15\x68\
\x83\xe4\x5c\x8b\xcc\x66\x37\x01\x7a\xa8\x83\x52\xab\x2b\xcc\xf6\
\xc7\x1c\xd4\xa1\x3a\xe0\x08\x40\x02\xdc\x20\x79\xa5\x0a\x38\xda\
\x93\x5f\x47\xde\x57\x16\x39\xc9\x4d\x2d\x0a\xda\xaa\xd5\x87\x5c\
\x5b\xcb\x37\xff\x5d\xb5\x83\x48\x81\x18\xbc\x2e\xab\xa2\x5f\x5d\
\xf4\xf9\xb4\x87\x06\x7d\x36\xfd\xa4\x42\x2d\x4c\xe8\x73\xf8\xac\
\x95\x53\xf7\x3f\x73\xd9\x94\xeb\xcf\x5c\x3e\x65\x89\x27\xba\x4c\
\xa0\xb7\x41\x50\xdb\x37\xff\xef\xa9\xe0\x2f\x27\x7d\x38\xe9\x17\
\x41\xf4\x48\xc1\x68\xfe\xea\xa4\x1e\x80\x3a\x98\xf4\x07\x50\x45\
\x21\xce\x1e\xdd\xa8\xce\x82\x99\x0a\x18\x00\x12\x64\x53\x68\xd9\
\x78\x88\xba\x38\x47\x80\x27\x82\x89\x8f\x68\xa4\x99\x83\x5a\x14\
\xa0\xc1\x6b\xa7\xb7\x53\x31\x7f\xb0\xaf\x24\xfb\x2a\xf0\x5b\x40\
\xe7\x2f\xfb\xbc\xfb\xea\x0b\x3f\x9b\xf6\xb7\x81\x9f\x4e\x3d\x71\
\x90\x46\xac\x4e\xbd\x5a\x5b\xbf\xf8\x64\xd2\x7e\xfd\x3f\x9e\xfc\
\xeb\x33\x3f\x9a\x32\xcf\xc4\x75\x35\x04\xf7\x02\xb0\x3d\x2a\x45\
\x3c\xc8\x83\x29\xb5\xa9\x23\x9d\xa9\x8a\x07\xff\x31\x00\x59\x0e\
\xaa\x2d\x8f\x6d\x6d\x3e\xc5\x41\x1d\xaa\x23\x3e\xd9\x12\xa4\x50\
\x0a\xcd\x43\xb1\xa7\x46\x0b\xcc\x7c\xd8\x6f\x3f\x3b\xa8\xac\x42\
\xee\x05\x70\xb9\x83\xd6\x28\x20\x99\x71\x19\xae\x0e\xf6\x94\xde\
\xc5\xfe\x00\xae\xf1\x44\xae\xd1\x55\xb1\x6f\x2f\x58\x39\x6d\x8e\
\x78\x98\x2d\x31\x7f\xe1\xac\x9e\x79\xab\x5c\xdc\x40\xdf\x65\x91\
\x66\xd9\x5e\x45\x1f\x78\x38\x45\x0c\xce\x8d\x1b\x1c\x2d\x0e\xb6\
\xf9\xd6\xa0\x9b\xdf\xf6\xcb\x73\x00\x3c\x17\x40\x6d\x72\xa8\xd5\
\xeb\xe3\x2f\x55\x48\x3f\x27\xc5\xd4\xbb\x01\xb9\xc9\xb7\x49\x2b\
\x1d\x30\x00\x24\xd0\x95\x19\x17\x2c\x78\x28\x3a\x6b\xa6\x08\x06\
\xdb\x57\xd3\x82\xfb\xca\x9f\x78\xf6\xfa\xec\x8b\xe6\xd8\xd7\xa2\
\x20\xa8\xaa\x9b\x17\xcc\xdd\xde\x00\xda\x42\x30\x44\x55\x87\x98\
\xb0\x87\x81\x9f\x4e\xfd\xd6\x00\x8b\x3c\xe0\xbf\xaa\xf8\x12\x8a\
\xd5\xf0\xcc\x17\x71\x41\x89\x09\x87\xb6\x7a\x19\xdb\x2a\x5e\xe8\
\x54\xb0\xfd\xac\x95\x53\x5b\x48\x34\x96\xa3\x99\x4d\x9a\x66\xf8\
\xf1\x7d\x0d\xa4\x8b\xc2\x74\x83\x48\x37\x55\x1c\x03\x44\x7b\x29\
\x24\x04\x55\xdb\xd3\xbb\xef\x95\xa8\x9c\x0a\x06\x80\xa4\xd6\x7a\
\xee\xe4\x03\x8d\xc6\xdd\x4c\xd5\x2b\x3a\xbb\x62\x40\xfe\x6c\x27\
\xb5\xa8\xce\x18\x00\x12\x2c\x9c\xa1\x37\xf8\x71\xf9\x25\x00\xdb\
\x93\xfc\x08\x54\xc6\xff\x6d\x4b\xe4\xf0\x6b\x5b\xe6\xda\x4f\x36\
\x44\xce\x89\xa0\x8b\x06\xfd\x0e\xba\xb3\xb6\x02\xf4\x57\x45\x7f\
\x05\x2a\x3f\xb3\xab\x07\x4f\x01\xaf\x42\xa1\x15\x4d\xf1\xcb\x15\
\x53\xa1\x0a\x20\x9c\x01\x35\x71\x18\x01\x00\xad\xbc\x72\xc3\xf6\
\x5a\x49\xb4\x4b\x02\x6e\x95\x6a\x2b\x12\x09\xa9\x6c\x9b\x88\xca\
\xa3\x39\x6c\x45\x61\xc4\xc5\xd4\xc1\x54\x4f\xdc\x07\x20\xc1\x2e\
\x97\xdc\xaf\x01\xb8\xda\xfb\xb9\x93\x9f\x89\x87\x1c\xd5\x22\xc7\
\x54\xf8\x7c\xdb\x3b\x2f\x23\xd1\x1d\xd0\xee\xb5\x6a\xbb\xad\x10\
\x80\x93\x91\x2c\x15\x3c\x54\x71\xd6\xc8\x4f\x5c\xd4\xa2\xfa\xe1\
\x0b\x52\x12\x88\x86\xf5\x7e\x88\x7c\xe6\xa8\xdc\x90\x7b\xcb\x9e\
\xa8\xcf\x5e\xe6\x14\x3c\x57\x7f\xe3\x46\x4c\x3f\x4f\x74\x07\x54\
\xb3\x56\xaf\x3e\xde\x0f\x4e\x4e\xf5\x0b\x00\x58\x5f\x11\xcf\xfa\
\xa3\xa3\x5a\x54\x4f\x0c\x00\x49\xe0\x5a\xc9\x2d\x33\x2a\xff\x07\
\x67\x83\xae\xf2\xd8\x7d\x15\x91\x5e\x6e\x6a\x91\x2b\xa2\xf2\x5a\
\xa2\x7b\x48\x76\xaa\x52\x94\xe8\x1e\xe8\xc7\x9a\xbd\x39\x7e\x1f\
\x11\x99\x0a\x47\xef\x19\x02\xb9\x1a\x67\x0f\x2b\x71\x51\x8b\xea\
\x8f\x01\x20\x49\x5c\x95\x71\x41\x91\x08\xc6\x39\x2a\xd7\x54\x0d\
\x66\x15\xf2\xd0\xc0\xa4\x62\xa2\xb1\x69\x00\x4a\x13\xdd\x47\x12\
\x5b\x17\x6a\x11\x7f\x29\xd1\x4d\xd0\x2e\x54\x25\x23\x2a\x13\x00\
\x74\x72\x52\x4f\xf0\x52\x59\xff\x11\x3c\xdd\x6f\x12\x60\x00\x48\
\x22\x26\x54\x71\x23\x20\x6b\x1c\x95\xeb\x95\x53\x8e\xb1\x8e\x6a\
\x91\x03\x53\x0e\xce\xdb\xa8\x8a\x3b\x12\xdd\x47\xb2\x12\x91\xeb\
\xe6\x75\xcd\x2f\x4f\x74\x1f\xb4\xb3\x36\xaf\x8d\xbf\x16\xa2\xe7\
\x38\x2a\xb7\x0d\x12\xb7\x3e\x6b\x20\xb9\xc1\x00\x90\x44\x46\xcb\
\xb0\x12\xf5\xf0\x6b\x87\x25\x87\xdc\x53\x1a\xe1\xdc\x00\x49\x64\
\x4a\xe7\xc1\x7f\x03\x30\x39\xd1\x7d\x24\x1b\x85\xde\xf7\xc6\x61\
\x97\xcc\x48\x74\x1f\xb4\xb3\x76\xaf\x3e\xde\x4f\x45\x1c\x4e\xd1\
\x2c\xbf\x2b\x3b\xa3\xe0\x4b\x77\xf5\xc8\x06\x03\x40\x92\xb9\x2a\
\x7c\xe1\x6c\x40\xdc\xcd\x8a\x25\x78\xe0\xee\xd2\x27\xfb\x38\xab\
\x47\x76\x44\xb4\xfc\xc0\xf0\x08\x08\x6e\x03\x10\x4b\x74\x3b\x49\
\xa0\x1c\xc0\x55\x6f\x1e\x7e\xe9\x0d\x89\x6e\x84\x76\xd6\x7a\xee\
\xe4\x03\x55\xe4\x09\xb8\x3b\x5c\x7c\x61\xd9\x96\x66\x8f\x38\xaa\
\x45\x0e\x30\x00\x24\xa1\x78\x86\xb9\x1a\x95\xa7\x85\x75\x21\x0b\
\x62\x9e\xb9\xbb\x74\x86\x9b\xed\x77\x64\x6d\x96\xe4\xfa\x53\x0e\
\x1c\x72\x67\x3c\xec\x1d\x04\xe8\xbd\x00\xbe\x4a\x74\x4f\x09\xb0\
\x0d\xaa\x7f\xcf\xc8\x08\x1f\xf4\xc6\xe1\x79\x63\x12\xdd\x0c\xed\
\xac\x4b\xd1\x84\x6c\x09\xc5\x9f\x52\x60\x1f\x47\x25\x4b\x7d\xa3\
\x97\x72\xc6\xbf\xe4\xc2\x00\x90\x84\xae\x95\xdc\xef\x3c\x0f\xa3\
\xe0\x6e\x2a\x96\xfd\x21\xa1\xe7\x0a\xf5\x05\xd7\xd3\xd0\x92\x85\
\x99\xfb\x0d\x5e\x33\xb5\xf3\xb0\x1b\xbb\x77\x5e\xd9\xd9\x88\xfc\
\x5c\x81\x87\x05\xba\x3e\xd1\x7d\x05\x6c\x23\x80\xdb\x33\x25\xab\
\xf3\xbc\x23\xf2\xae\x99\xdb\x73\xf0\xda\x44\x37\x44\x3f\xb6\xd5\
\xe0\x1f\x00\x5c\x8e\x1c\x5e\x5f\x31\x60\xd4\xa7\x0e\xeb\x91\x03\
\x0c\x00\x49\xea\xb7\xe1\x41\x2f\x2a\xf0\xa0\xc3\x92\x7d\xb2\xcb\
\xca\x26\x27\xfa\xec\x71\xf4\x63\x85\x52\x68\x66\x74\x1e\xf2\xd6\
\xf4\x2e\x43\xaf\x8c\x76\xce\xdc\x5f\x21\xa7\x29\x30\x0e\x82\x4d\
\x89\xee\xcd\xa1\x05\x22\x18\x96\x9d\xb5\xf9\xc0\xa2\xc3\x2e\xf9\
\xd3\x9c\xde\x9c\xad\x32\x59\xb5\x7d\x6d\xc2\x95\x10\x1d\xee\xac\
\xa0\xe2\x95\xed\x67\x8c\xe0\x0e\xc9\x49\x88\x53\x01\x27\x31\x2f\
\xa3\xe9\xcd\x88\x6d\x3b\x59\x21\x47\x3b\x2a\x79\x41\xd6\xf6\x43\
\xff\x0c\x77\x93\x79\x90\x63\xb3\x24\xd7\x07\xf0\x3a\x80\xd7\xfb\
\x16\x15\x5d\xd1\xb1\xcb\xba\xd3\x01\xcd\x55\xe0\x7c\x00\xad\x12\
\xdc\x5e\x5d\x7d\x29\x82\x19\x1e\x74\xea\xbf\x7b\xe7\xfd\x2f\xd1\
\xcd\xd0\xde\xb5\x7b\xfd\x5f\xe7\x28\xf4\x01\x87\x25\xbf\x83\x60\
\x24\x44\x12\x31\xb1\x34\xed\x05\x3f\x0d\x26\xb1\xd1\x72\x76\x85\
\x1a\xef\x62\x00\x5b\x5d\xd5\x14\xc8\x2d\x77\x6d\x9b\x95\xe7\xaa\
\x1e\x05\x67\x5e\xbf\x7e\xf1\x19\x5d\x87\xbc\x32\xa3\xeb\xd0\x11\
\xa6\x2c\xa3\x83\x42\x7e\x09\x60\x1a\x80\xe2\x44\xf7\xb6\x07\x2b\
\xa1\x7a\x3f\xa0\x3f\x3f\xa9\xd7\x67\x5d\x5f\xed\x75\xc9\xcd\xff\
\xee\xc5\x37\xff\x54\xd0\xee\xb5\xf1\x47\x03\xde\x4c\x00\xae\x4e\
\x2b\xad\x0a\xe4\x6f\x3f\x73\x24\x37\xf3\x24\x29\x8e\x00\x24\xb9\
\xab\xb2\x2f\x5c\xf9\x60\x34\x72\x85\xaa\x38\x3b\x74\x4c\x45\xc7\
\xdd\xb9\x6d\xd6\xd7\xbf\x6b\x36\x88\x33\xd3\xa5\x88\x59\xbd\x73\
\xa3\x00\x5e\x00\xf0\x42\xdf\xa2\xa2\xf0\x3e\x5d\xd7\x1d\xab\xbe\
\x9e\x29\xc0\xa9\xa8\xdc\x56\x9b\xa8\xfd\x3b\x36\x8a\xc8\x1b\xaa\
\x98\x17\xf2\xf4\xb5\x57\x7a\x5e\xf2\xfd\xdc\xee\xaf\x26\xa8\x21\
\xaa\xbb\xd6\x73\x27\x1f\x88\x50\xfc\x05\x18\xb8\x9c\x3c\xec\x81\
\xed\x67\x8e\x7c\xde\x61\x3d\x72\x8c\x01\x20\x05\x5c\x95\x99\x3b\
\xe5\xef\x15\xb3\x4e\x07\xe0\xea\x93\x7b\x96\x27\xfa\xec\xdd\xdb\
\x23\xa7\xdd\x94\x93\xfb\x9e\xa3\x9a\xd4\x40\xe6\xf5\xeb\x17\x07\
\xf0\x76\xd5\xbf\x3f\x5c\xb6\x68\x6c\xc6\xb7\xad\x5b\x1c\x29\xd0\
\x9f\x2a\xcc\x11\x02\x1c\x86\xca\x7f\x2d\x1d\xde\xac\x02\xb2\x1a\
\xc0\x27\x80\x7e\x28\x2a\x8b\xe2\x61\x79\xff\xd5\x1e\x43\x39\x77\
\x7f\x8a\x6b\x33\x7b\x6a\x8b\x50\x38\xfa\xa2\xaa\xa3\x99\xfe\x00\
\x00\xf2\x4e\x69\x9b\xd8\xcd\xee\xea\x51\x10\x18\x00\x52\x44\x46\
\xa6\x5e\x11\x8d\x7a\xc7\x02\x7a\xa8\xa3\x92\xcd\x8c\x62\xf6\x5d\
\x5b\x9f\x3c\xe5\xe6\xe6\x17\x2e\x73\x54\x93\x12\x60\x5c\x9f\x82\
\x18\x80\x45\x55\xff\xbe\x77\xfe\x47\x93\xda\x6a\x46\xb8\x0b\xd4\
\x74\x81\x87\x8e\x50\xaf\x2d\x54\xdb\x42\xa4\xa5\x40\x9b\xa8\x22\
\x13\x82\xa6\x80\x96\x41\xa4\x5c\x00\xa8\xa2\x58\x55\xb7\x00\x28\
\x01\xbc\xb5\x80\xf9\xda\xf7\x43\x6b\x5a\xb4\x08\x7f\x3e\xeb\x80\
\xdc\xb2\x44\xac\x1f\x05\xe7\xe0\xd9\x63\xb2\x8a\x9b\x44\x9f\x02\
\x70\xb8\xc3\xb2\xdf\xc5\x3d\x73\x31\x2a\x1f\x97\x94\xc4\x18\x00\
\x52\xc4\x15\x92\xbb\xed\xfe\xf2\x99\xbf\xf2\x24\xf4\x2e\xdc\xed\
\x0c\xd6\xd6\x78\x66\xce\x9f\xca\x22\x3f\xff\x7d\x93\xdc\x55\x8e\
\x6a\x52\x92\x78\xe6\xd0\x4b\xbf\x05\xf0\x2d\x80\xc5\x89\xee\x85\
\x92\x50\x51\x61\xb8\x18\x4d\x67\x0a\x70\xba\xc3\xaa\xc6\x83\xe6\
\x95\x9f\x36\x6a\xb5\xc3\x9a\x14\x10\xee\x04\x98\x42\xae\xcb\xbe\
\x78\x85\xa8\xe6\x02\x70\x39\x99\xc6\x7e\x21\x83\xb9\x77\x96\x3e\
\xd5\xd1\x61\x4d\x22\x4a\x66\xaa\xd2\x41\x0e\x1c\x2b\x90\x5f\x39\
\x29\xb7\xe3\x1b\xd1\xdb\x4a\xce\x18\xc5\x13\x3a\xa5\x08\x06\x80\
\x14\x73\x75\x76\xee\x5c\x51\xbd\xc5\x69\x51\xc5\x41\x50\xff\x95\
\xbf\x94\x3c\xdd\xd6\x69\x5d\x22\x4a\x3e\xaa\xd2\xfe\xcd\x89\x8f\
\xaa\x62\x84\xab\x92\x02\x00\x8a\x27\xb7\x9e\x36\xd2\xe1\x79\x03\
\x28\x68\x0c\x00\x29\xe8\xea\xec\xdc\x7b\x21\x98\xe0\xb8\xec\x11\
\xea\xc5\xe7\xa7\xd3\x48\x80\xa8\x5a\x6d\xa3\x14\xb7\x7b\x4c\x13\
\x35\x88\x0e\xf3\x26\xfc\x15\xaa\x2e\x4f\x3a\x06\x05\x96\xe6\x68\
\xc6\x70\x1e\xef\x9f\x5a\x18\x00\x52\x55\xa6\x5e\x21\xee\xb7\xed\
\x1e\xaa\xea\xcf\xbd\x73\xdb\xf4\x0e\x8e\xeb\x26\x25\xb5\x9d\x5f\
\xc1\x73\xb9\xd7\x34\x51\xf0\x3a\x14\x8d\xff\x33\x04\x37\x39\x2e\
\xbb\xc9\x13\x39\x7f\x43\xff\xbc\x52\xc7\x75\x29\x60\x0c\x00\x29\
\xea\x5a\xc9\x2d\x33\x26\x7e\x3e\x80\x75\x8e\x4b\xf7\x56\x84\xe7\
\x15\xa6\xc3\xc9\x83\x04\x5b\xec\x16\xd7\x13\x5c\xb5\x42\xf5\x23\
\x82\x6c\xcb\x0a\x71\x37\x9d\x24\xbf\x7d\xdf\x18\x7f\x2f\x04\xbf\
\x73\x59\x53\x80\x32\x15\x39\x6f\xcb\xe9\x23\x78\x38\x68\x0a\x62\
\x00\x48\x61\xd7\xe5\x0c\x5e\x03\xcf\x3b\x07\x40\x89\xe3\xd2\x3d\
\x43\x46\xe6\x15\x6e\x7f\x6a\x7f\xc7\x75\x93\x8a\x2a\x3e\xb3\x5c\
\xfe\xcc\x11\xdf\x3c\xde\xdc\x55\x3f\x54\x0f\x2a\x9d\xed\x16\x77\
\xfe\xdc\x49\x3e\xaa\xb2\xef\xbc\xc7\xc7\x40\x71\xbd\xe3\xca\x06\
\x90\xbc\xad\xa7\x8d\x58\xe8\xb8\x2e\x35\x10\x06\x80\x14\x77\x5d\
\xe6\x85\x4b\xa0\x32\x10\x40\xd4\x6d\x65\xe9\x1e\xf2\xe3\xf3\xfe\
\x54\x1c\xe9\xea\xb6\x6e\xf2\xf0\x3c\x5d\x61\x59\xa2\x29\x2a\x72\
\x78\x1e\xfb\x04\x52\xe0\x0c\x9b\xe5\x45\x93\x7a\x5a\x65\x7b\x5a\
\xe8\x75\x7c\x73\xe2\x3f\x00\xb9\xd2\x75\x69\x81\xde\xb8\xe5\xf4\
\x11\x4f\xba\xae\x4b\x0d\x87\x01\xa0\x11\xb8\xae\xc9\xa0\xd7\xaa\
\xce\xde\x65\x1c\x97\x3e\x08\x21\x5d\xf0\xc7\xd2\x19\x47\x39\xae\
\x9b\x14\x62\x3e\x96\xc0\xf2\x94\xcb\x02\x73\xdd\xa8\x35\xd3\x8f\
\x70\xd4\x12\xd5\xc1\x89\x1f\x4c\xec\x0d\xcb\x63\xd8\x55\xec\x46\
\x81\x92\x5a\x51\x61\xb8\xd3\x1b\x9d\x1f\x07\x50\xe0\xba\xb4\x40\
\x1e\x29\x3e\x7d\xe4\xfd\xae\xeb\x52\xc3\x62\x00\x68\x24\xae\xcf\
\xba\x68\x86\x28\x82\xf8\x34\xda\x11\xc6\x9b\xf7\xa7\x6d\x4f\xb8\
\x9c\x2c\x24\x29\x8c\xeb\x34\x64\x13\x80\x0f\xed\xaa\x48\x8e\x11\
\x3c\x77\xd9\xda\xc8\x81\x4e\x9a\xa2\x5a\xe9\xbd\x2c\x92\x69\xe0\
\x8d\x83\xe5\x89\x6b\x42\xbe\xf7\xb1\xa3\x96\x92\x4a\xa7\x45\x63\
\x73\x3a\x49\x97\x67\x54\x30\xdc\x75\x6d\x85\xce\x2c\x7e\x6b\xf5\
\x68\xd7\x75\xa9\xe1\x31\x00\x34\x22\xd7\xe5\xe4\xfe\x4d\x45\x83\
\x48\xe5\x2d\x54\xf1\xd2\x1f\xb7\x44\x86\x04\x50\x3b\xc1\x64\xae\
\x83\x22\x5d\xe2\x26\xfe\x5e\xfe\x57\xd3\x4f\x75\x50\x8b\xf6\xa2\
\xef\xb2\x48\xb3\x96\xf1\xf2\x08\x00\xdb\x9d\x30\xfd\x78\x38\xfe\
\xbe\x8b\x9e\x92\xc9\xbe\x6f\x8e\xdf\x07\xa5\x99\xaf\xab\xe8\x2f\
\x5c\xd7\x56\xe0\xe5\x2d\xdf\x35\xbf\x14\x85\x85\xae\x47\x1b\x29\
\x01\x24\xd1\x0d\x90\x5b\xaa\x2a\xf7\x96\x47\xa6\x08\x64\xa8\x02\
\x80\xfe\x30\xc6\xbd\xeb\xcf\x35\x5d\xa6\x3f\xd4\xd9\xf9\x3a\x00\
\x54\xa1\x00\x6e\xb8\xa3\xc5\x45\x8d\x66\xe8\xef\x8a\xb5\x33\x8f\
\x56\xd1\xc5\xd5\xd6\xb1\xf2\x2b\xaa\x7d\xad\xba\x70\x77\xf7\xe3\
\xf7\xf7\x94\x02\x0a\x79\x4e\x3c\xf3\x70\x78\xdd\xb6\x37\xc6\x71\
\x2e\x74\xa7\x8e\x5f\x18\x69\x82\x66\xe5\xe7\x8b\x8f\x3f\x42\x70\
\xd0\xde\xff\x1e\x5a\xc3\xe3\xfa\x87\x9f\x55\xf0\xde\x92\xa3\x2f\
\x3d\x2e\xf0\xc6\x1b\xd0\x81\xf3\xc7\x77\x8b\x1b\x79\x19\x40\x8f\
\x9d\x9e\xe7\x7b\x79\x0c\xd7\x74\xd9\x8f\xae\x23\x78\xab\x49\x69\
\xac\xff\xda\x73\x0b\xb6\x07\xd3\x3d\x35\x93\xa9\xe4\xa5\x00\x00\
\x11\xea\x49\x44\x41\x54\x34\x06\x80\x46\xa8\x50\x8b\xc2\x4d\xcb\
\x37\x4d\x53\x68\xae\xe3\x00\x50\xf9\x55\x30\x06\xcd\xda\x5f\x57\
\x28\xfd\x1a\xc5\x21\x54\xbf\x59\x37\xe3\x43\xad\x3c\x7b\x9e\x83\
\x00\xf0\xfd\xb7\x25\x30\xf8\x5c\x3d\xf9\x0a\xc0\x0f\x27\xd1\x31\
\x3f\xec\xa8\xa1\x3b\xbe\xab\xf6\x07\xf9\xe1\x77\x3b\x33\xd5\x3e\
\x6f\xe9\x2e\xdf\x54\xff\x28\xb6\x73\xa7\x55\xbf\x33\x35\xec\xe8\
\xa0\xbb\xbf\xad\x3d\x2d\x67\xaa\x5d\xf0\xa3\xdf\x55\x2f\xbf\xcb\
\xe7\x43\xb3\xcb\xfd\xba\xf3\x72\xe6\x87\xdf\xed\xba\x1c\x00\x55\
\x64\x0a\xd0\x51\x81\xc3\x14\xc8\x41\x8d\x7f\xa3\xba\x07\x00\x40\
\x6e\xfb\xcf\x31\x79\x77\xd6\xd0\x52\x4a\xea\x38\x7f\xe2\x31\x1e\
\xf4\x25\x35\xe8\x00\xec\xf2\x3c\xb7\x0d\x00\x8a\x0f\x34\x24\xfd\
\x8a\xfb\xe5\x37\xee\x9d\x26\xd3\x0c\x03\x40\x23\x15\xd1\x48\x68\
\x55\xb9\x4e\x15\x95\x8b\x9d\x07\x00\x00\x10\xcc\xcd\xf2\xe3\x17\
\xdd\xd2\x6a\xe8\xe6\x20\xfa\x6f\x48\xbf\x59\x3f\x63\xa4\x2a\xfe\
\x05\x38\x0d\x00\xb5\xb8\xaf\xab\xea\xd6\xf0\xa6\xfa\xa3\x3e\x6a\
\x71\x9d\x1f\x2e\xd3\x3a\xf6\x51\xcb\xeb\x40\xeb\xd8\x47\x6d\xaf\
\x53\xed\xfe\xad\x65\xaf\x3b\xd5\xae\xb1\x57\xec\x2d\x00\x68\x3c\
\x2c\x07\x2d\x3d\x32\x6f\x15\x1a\x81\xfd\xe6\x8f\xff\x85\xa8\x4c\
\xd3\xca\xcd\x75\x00\x5c\x06\x00\x5d\x1a\xf7\xe2\xa7\x6d\xed\x57\
\xb0\x29\xb0\x15\xa0\x84\xe0\x3e\x00\x8d\x54\xae\xe4\xfa\xad\xb2\
\x8b\xf3\x00\x3c\x1b\xc8\x0d\x28\xce\xa8\x90\xd0\xbb\xb7\x6d\x9d\
\xe9\xea\xf4\xc4\x09\xf3\xcd\xb7\xa1\x29\x00\xbe\x4c\x74\x1f\xd4\
\x90\x64\x4e\xa3\x78\xf3\x57\x95\xfd\xdf\x9c\x78\xbb\xa8\x3c\xaf\
\x40\x8b\x00\x6e\x80\x6f\xfe\x8d\x18\x03\x40\x23\x56\x20\x05\xb1\
\xed\x4d\x70\x11\x80\xe7\x83\xb9\x05\xe9\x1e\x32\xf2\xce\xed\x5b\
\x22\xe7\x04\x53\xbf\x61\xcc\xea\x9d\x1b\x55\xc5\x6d\x89\xee\x83\
\x1a\x8e\x67\xcc\x9f\x13\xdd\x83\xad\x4e\x8b\xc6\xe6\x1c\xf0\xd6\
\xc4\x27\x00\xfd\x03\x02\x19\xcd\xd5\xa5\x31\xbe\xf9\x37\x6a\x0c\
\x00\x8d\x5c\xa1\xe4\x46\xcb\x9a\x60\x10\x04\x41\x9d\xa2\xb3\x85\
\x40\x9f\xbf\xbd\xf8\x89\x9b\xa0\x9a\xb2\x9b\x94\x1e\xeb\x78\xf1\
\x54\x00\x6f\x24\xba\x0f\x6a\x08\xf2\xd2\xa2\x63\x87\x2f\x48\x74\
\x17\x36\x3a\xbd\x31\xfe\x00\xaf\x3c\xe3\x2d\x05\x06\x05\x51\x5f\
\xa0\x4b\x63\xc2\x37\xff\xc6\x8e\x01\x20\x0d\x14\x4a\x6e\xb4\x49\
\x76\xb3\x0b\x00\xbc\x10\xd0\x4d\x78\x10\xdc\x75\xfb\xd6\xc8\xac\
\x9b\xbe\x8b\xb4\x0c\xe8\x36\x82\x25\xa2\x9e\x2f\x97\x01\x6a\x77\
\x82\x20\x4a\x76\xe5\x50\x73\x55\xa2\x9b\xb0\x71\xe0\x5b\x13\xce\
\xf0\x3c\x59\x24\x2a\x41\x4d\xd0\xf5\x6e\x34\xaa\xfd\xf8\xe6\xdf\
\xf8\x31\x00\xa4\x89\xd1\x72\x76\x45\x79\x93\x7d\x06\x02\x3a\x39\
\xb0\x1b\x51\x5c\x90\xe9\x99\xff\xfc\xae\x78\x46\x9f\xc0\x6e\x23\
\x40\x8f\xec\x7f\xf1\x0a\x55\xf7\xb3\xa6\x51\xf2\x50\xc8\x2d\x8b\
\xfb\x0c\x4f\xcd\xd9\xff\x22\x91\xd0\x81\xf3\x27\x14\x42\xf1\x8a\
\x00\xed\x03\xba\x95\xd7\x3d\x29\x3b\xbd\x64\xc0\xa8\xef\x02\xaa\
\x4f\x49\x24\x65\x87\x6c\xa9\x7e\x54\x55\xee\x2e\x8d\xfc\x4d\x45\
\xae\x06\x2c\x8e\x02\xd8\xed\x72\x00\x80\x0a\x15\xbd\xe1\xcf\x2d\
\x2f\x7e\xc8\xf9\x0a\x34\x80\x82\x75\x33\xee\x82\x56\x9e\x32\x95\
\x47\x01\x54\xbf\x8d\x14\x3f\x0a\x40\xf5\xd9\x45\x47\x5f\x3a\x30\
\x15\xcf\x59\xdf\xf5\x9d\x7f\x76\x30\x7e\x78\x9a\x1a\x9c\x06\xec\
\xe5\xfe\xa8\xef\x51\x00\x82\xe7\x9b\xa9\x5c\xf4\x45\xbf\xfc\x72\
\xd7\xfd\x53\x72\xe2\x08\x40\x9a\x11\x11\xbd\xb9\xd9\x45\xd7\x08\
\xe4\xf7\x01\xde\x4c\x16\x54\xc6\xdc\x56\x1c\x79\xaa\x70\xf3\x33\
\xad\x02\xbc\x9d\x40\x8c\xdd\xf7\xe2\x5b\x20\x3a\x21\xd1\x7d\x90\
\x53\x8b\xca\xb2\x73\x2e\x49\xc5\x37\xff\x2e\x6f\x8e\x3f\xc5\xc4\
\xc3\x4b\xa0\x95\x6f\xfe\x41\x50\x60\xea\x26\xfd\xf2\x02\xbe\xf9\
\xa7\x17\x8e\x00\xa4\xb1\xbb\x4a\x23\x97\x1b\xe0\x61\x28\x3c\xc7\
\x23\x00\xd5\x3f\xe5\x7e\x0e\x5f\x2f\xb9\xb3\xed\xe0\x94\x3a\x65\
\xe8\x20\x8d\x84\xda\xae\xf3\x1f\x32\xc0\xe5\x1c\x01\x48\xf5\x11\
\x00\x5d\x5e\x11\xf2\xfa\x2d\x3d\x32\x6f\x23\x52\xc8\x31\x8b\xc6\
\x66\x7c\x57\x9e\x59\xa8\xc0\x4d\x5a\x75\xce\x83\x9a\xe7\xa9\xd8\
\xe5\xb2\x3a\x8f\x00\xc8\x5d\xdf\xf4\x1d\x7e\x6b\x2a\x86\x23\xb2\
\xc3\x00\x90\xe6\xfe\xba\x3d\x72\x91\x1a\x4c\x56\x20\x13\x70\x1f\
\x00\xaa\x2e\xf3\x21\x7a\x6f\x49\xcb\x16\x85\x0f\xc9\xd9\x15\x6e\
\xd7\x20\x58\x97\xad\x9d\x71\x2b\x54\xff\x08\x20\xc4\x00\x90\x92\
\x01\x60\x41\x38\x2b\xf6\xcb\xb7\x7b\xa7\xd6\x36\xed\xce\x6f\x4f\
\x3e\xd4\xf3\xfd\x29\x0a\x1c\x03\xec\xe1\x71\x51\xed\x87\x7a\x04\
\x00\xdf\x00\x57\x6c\xea\x37\x62\xac\xeb\xfe\x29\x35\x70\x13\x40\
\x9a\xbb\x25\x27\xf7\x09\x28\xce\x04\xf0\x6d\x80\x37\x13\x82\xca\
\xcd\xcd\x8b\xb7\xbd\x77\xd3\xe6\x99\x47\x06\x78\x3b\xce\x8d\xeb\
\x34\xf8\x2f\xa6\xf2\xfe\x59\x9f\xe8\x5e\xa8\xae\xe4\x1f\x4d\xb7\
\x98\xd3\x53\xea\xcd\x5f\x55\xba\xbe\x35\xfe\xb7\x9e\xf1\x17\xef\
\x78\xf3\x0f\x48\xa9\x51\x73\x1e\xdf\xfc\xd3\x1b\x47\x00\x08\x00\
\xf0\xd7\x2d\x91\x83\x4d\x08\x2f\x2a\x70\x08\xe0\x7c\x04\xa0\xda\
\x65\x1a\x55\xd5\x3f\x7c\xda\x3a\x74\xf7\x2c\xc9\xf5\x5d\xae\x43\
\x90\x46\xae\x89\xb4\x09\x89\xff\x57\x15\x1d\xa5\x80\xc7\x11\x80\
\xa4\x1e\x01\xf8\x5a\x05\xa3\xdf\xff\x49\xde\xd3\x48\x21\x3d\x16\
\x4e\xda\xcf\x57\xf3\xb8\x01\xfa\x03\xb5\x7c\x5c\x54\xfb\xa1\x0e\
\x23\x00\x6b\x7d\xe3\xfd\x72\xd3\xa9\xc3\x17\x3b\x6c\x9f\x52\x10\
\x03\x00\x7d\xef\xaf\xc5\xd3\x5a\xfb\xe1\x8c\x08\x80\xd3\x03\x0c\
\x00\xd0\xca\xcb\xde\x31\x06\x23\xee\x69\x77\xf1\x47\x2e\xd7\x21\
\x68\xa3\xd6\x4e\x3b\x46\x55\x6e\x17\xc5\xb9\x5a\xf5\xfc\x61\x00\
\xd8\x5d\x1f\x0d\x1e\x00\xb6\xa9\xea\x23\x19\x39\xf1\x3b\x17\xf4\
\x1c\x99\x3a\xf3\x39\x68\xa1\xd7\x6d\x61\x97\x02\x00\x77\x01\xda\
\xa2\x2e\x7f\xf3\xba\x07\x00\x79\xcf\x0f\x9b\xf3\x37\x9d\x34\x72\
\xad\xc3\x35\xa0\x14\xc5\x00\x40\x3b\x19\xab\x63\x33\x36\x6d\x6b\
\xf5\x90\xc1\x0f\xc7\xc3\x07\x11\x00\xaa\x96\x8d\x8a\xea\x3d\x59\
\x25\xe5\x77\x16\x76\x4d\xad\xbd\x8f\x47\xad\x99\x7e\x04\x3c\x8c\
\x52\xc5\x60\x05\xda\x01\x60\x00\xf8\x51\x1f\x0d\x14\x00\x14\x9f\
\xa9\xea\x24\x8d\xe1\xd1\xf7\x8e\xbb\x34\xc8\x4d\x59\xce\x75\x7f\
\x7b\xf2\xa1\xc6\x98\x71\x00\x4e\xda\xe9\xf9\x01\xf7\x01\x40\x80\
\xe9\x59\x2a\x23\xb9\xa7\x3f\xed\xc0\x00\x40\x35\xfa\xf3\xb6\x99\
\x57\xab\xca\x7d\xa8\xbe\xf3\x9b\xfb\x00\xb0\xc3\xa7\x30\x72\xf9\
\x5d\xed\x2e\x7a\xd5\xdd\x1a\x34\x8c\xcb\x16\x8d\xcd\x88\xed\xdb\
\xfc\xe7\x1e\x70\xaa\x02\xa7\xa8\xa2\x17\x80\x36\x0c\x00\x75\xb9\
\x4e\x9d\x03\xc0\x66\x08\x96\xaa\xe2\x75\x4f\xbc\x7f\x2f\x38\x62\
\xe8\xbb\xa9\xb6\x07\x7b\xef\x65\x91\xcc\x8a\x2d\xdb\x6f\x06\x70\
\xab\x02\x59\x3f\xac\x63\x20\x01\xc0\x18\x63\x7e\xb7\xa1\xef\x88\
\xbb\x53\xed\x7e\xa2\x60\x31\x00\xd0\x6e\xfd\x61\xdb\x13\xfd\x3d\
\xc5\x54\xad\xfa\x84\x1b\x60\x00\x80\x02\x10\x83\x69\xf1\x78\xf4\
\xda\xfb\xf6\x4d\xad\xc3\xb5\x76\x95\xbf\x2e\xb2\x8f\x6f\xfc\xfd\
\xc5\x37\xcd\x61\xbc\xe6\x22\x26\x07\x00\x76\xb7\xc3\x43\x8d\x97\
\xfb\x7b\xf8\x5d\x40\xcb\xed\x7d\x99\x9a\xaf\xe1\xef\x61\xc1\x3d\
\xd6\xdc\xcd\x2f\x77\xbd\x58\x55\x2a\xa0\x66\xab\x78\x5a\x62\xd4\
\x5b\xb3\x30\xc5\x0e\xe7\xdb\x55\x8f\x85\x13\x4f\x33\xc0\x18\x00\
\xbd\x80\x5d\x43\x8e\xf3\x00\xf0\xad\xaa\x77\xc9\xfa\xbe\x97\xbe\
\xec\x72\x1d\xa8\x71\x60\x00\xa0\x3d\x2a\x2c\x8b\x1c\xe8\xf9\x88\
\x40\xf5\xb8\xa0\x03\x40\xd5\x65\x9b\x21\x72\xeb\xaa\xd6\xf2\xcf\
\x54\xda\x49\x90\x68\x6f\x0e\x5d\xf0\xaf\xce\x71\x2f\x7c\x3f\x14\
\x17\xec\x7e\x94\xc3\x69\x00\x78\x4f\x42\xa1\x41\x6b\x4f\xca\xe3\
\xa9\xae\xa9\x46\x0c\x00\xb4\x57\x85\x5a\x14\x96\xd2\x8d\x7f\x86\
\xa9\x36\x3d\x6e\xd5\x37\x01\x04\x80\x1d\x3f\x7f\xac\x46\xaf\xbf\
\x6f\x9f\xc1\x41\x9d\xc5\x90\xa8\x41\xec\xbf\x30\xd2\xa4\xa9\x94\
\x8d\x56\xe8\x6d\x0a\x34\xdb\xf3\x63\xdf\x4d\x00\x10\xe8\xb8\x56\
\xed\x9a\x5d\xb9\xac\x77\x6e\xd4\xed\xda\x50\x63\xc2\x00\x40\xb5\
\xf6\xc7\xad\x33\x2f\x56\x95\x7f\x2a\xd0\x0c\x40\xd0\x01\xa0\x6a\
\xbb\x00\x66\x8b\xe2\xfa\x54\x3b\x5a\x80\x08\xaa\x72\xc8\x3b\x93\
\x06\x01\xb8\x5b\x81\x2e\x40\x6d\xf6\x73\xb0\x0b\x00\x02\x94\x18\
\xa0\x60\xed\xc9\xf9\x33\x5d\xae\x0a\x35\x4e\x0c\x00\x54\x27\x7f\
\x2a\x89\x1c\xe2\x43\x9f\x04\x70\x58\x83\x04\x80\xca\x2f\x71\x11\
\x8c\xd7\x58\xf4\xf7\xa9\xbe\x7f\x00\xa5\x87\x43\xde\x9e\x78\x22\
\x04\x77\x03\x38\xb1\xa6\xc7\x75\x40\x01\xe0\x7d\xf1\xfd\x21\x5f\
\xf5\x1b\xf5\xa9\xc3\x55\xa1\x46\x8c\x01\x80\xea\xec\xde\xf5\x93\
\x9b\x96\xe6\x64\xfd\x1d\x8a\x51\x0d\x14\x00\x76\x7c\x2d\x86\x91\
\xfb\x43\x92\xfd\xe0\x3d\xfb\x9c\x97\x3a\xc7\x79\x53\xda\xe8\xfd\
\xde\x84\x9f\xf8\x06\x77\x01\xd2\x7f\xb7\x9b\xca\xdc\x07\x00\x23\
\x90\xbb\xdb\xe7\x54\xdc\xb1\xb8\x4f\x41\xcc\xdd\xda\x50\x63\xc7\
\x00\x40\xf5\xf6\x87\x92\x99\xe7\x55\x6d\x12\xd8\xa7\x81\x02\xc0\
\x8e\xeb\x6c\x52\xe0\x9e\xd2\x58\xd3\x47\xc6\x75\x3a\x77\xbb\xbb\
\x35\x22\xaa\x9f\x43\xdf\x99\xd0\x5d\x45\xee\x90\xca\x79\x21\x3c\
\xa0\xda\xe3\x3b\xd8\x00\xf0\xb5\xfa\xde\x25\x5f\xf7\xbd\xb4\xc8\
\xdd\xda\x50\xba\x60\x00\x20\x2b\x85\x5b\x9f\x6e\xaf\x26\xf6\x4f\
\x05\x7e\x09\x34\x58\x00\xd8\xf1\xf3\x26\x11\xbd\x4f\xcb\x42\x63\
\x1e\x38\x20\xb7\xcc\xd5\x3a\x11\xd5\xd6\xe1\xef\x8f\xef\xe6\xab\
\x77\x13\x14\x23\x14\x08\xd7\xb4\x59\x2c\xc0\x00\x30\xcb\x64\x7a\
\x97\x7f\x9d\x62\x93\x1f\x51\xf2\x60\x00\x20\x7b\xaa\xf2\xfb\x2d\
\x91\x02\x11\xdc\xaf\x8a\x1c\xa0\xc1\x02\x40\xd5\x37\xf2\x95\x81\
\xde\x5d\x16\x6f\x3a\x9e\x23\x02\xd4\x10\x7a\xbd\x37\xb1\xb7\x00\
\xb7\x41\x91\xbb\xd3\x27\xfe\x86\x09\x00\x1b\x54\xf1\xeb\x35\x27\
\xe7\x3f\xeb\x6c\x85\x28\x2d\x31\x00\x90\x33\xb7\x95\x44\x0e\x11\
\xa3\x53\x00\x1c\xdb\xb0\x01\xe0\xfb\xda\x9b\xa0\x78\x24\xe4\xeb\
\xc3\xf7\x77\x1a\xb2\xc9\xc5\x3a\x11\x55\xd7\xfb\xfd\x49\x3f\x15\
\x95\x1b\x15\xe6\x7c\xe8\xce\x43\xfd\x0d\x14\x00\x66\xc5\xe3\xd1\
\xdf\xac\xed\x57\xc0\xc7\x37\x59\x63\x00\x20\xa7\x0a\xb5\x28\xec\
\x6f\xd9\x78\xb5\x02\x7f\x00\xaa\x46\x03\x1a\x2e\x00\xec\xb8\x6c\
\xbb\x2a\x26\x84\x60\xfe\xf6\x40\x87\xa1\x9f\x3b\x5a\x35\x4a\x57\
\x5a\xe8\x1d\xf6\x7e\xb7\x5f\x79\xd0\x6b\x0d\x70\x22\x50\xf5\x48\
\xab\xf3\xe3\xd3\x2a\x00\xac\x53\xd1\xd1\x5f\x9e\x38\xe2\x49\x57\
\xab\x45\xc4\x00\x40\x81\x28\x2c\x7e\xaa\x5b\x0c\xf1\xc7\x04\x38\
\x23\x01\x01\x60\xc7\x8b\xa7\xaf\x8a\xa7\x44\xf0\xe0\x98\x0e\x83\
\x17\xba\x59\x33\x4a\x17\xbd\x97\x45\x9a\x85\xcb\xca\xf2\x55\x71\
\x95\x2a\x0e\x02\xaa\x3f\xf6\x1a\x2c\x00\x28\x80\x71\x88\xe1\xe6\
\x2f\xfa\xe5\x17\x3b\x5a\x35\x22\x00\x0c\x00\x14\xb0\xdf\x6f\x9e\
\x99\x67\x20\xf7\x03\x68\x97\x80\x00\x50\xfd\x36\x96\x2a\xf0\x8f\
\x1c\x2f\x67\x1a\x0f\x21\xa4\x3d\x39\xea\x9d\xa9\xbd\x8c\x67\x0a\
\x20\x9a\xa7\x40\x2b\xe0\xc7\x8f\xa7\x06\x09\x00\x46\x3f\x12\x91\
\x82\x55\x27\xe5\xcf\x77\xb4\x6a\x44\x3b\x61\x00\xa0\xc0\xdd\xb2\
\x35\xb2\x8f\x17\xd7\x07\x14\x18\x1a\x5c\x00\xd0\x9d\xaf\xfb\xe3\
\x00\x00\xad\xbc\xde\x56\xa8\x4c\x35\x9e\x3e\xf6\x8f\x0e\x43\x96\
\x3a\x58\x3d\x6a\x04\x0e\x5e\x39\x26\xab\xd9\x96\x56\x17\x40\xb5\
\x40\x81\x93\x77\x5c\xbe\xbb\xc7\x53\xc0\x01\x60\x3b\x20\x7f\x09\
\x6d\x29\xb9\xef\xd3\xb3\x47\x57\x38\x58\x3d\xa2\x1a\x31\x00\x50\
\x83\xb9\xb9\x78\xe6\x99\x1e\xf0\xa0\x2a\x7a\x26\x2a\x00\x54\xbf\
\xcc\x00\x0b\xc4\x60\x92\xc6\xcc\x93\xff\xe8\x3c\x74\xb3\xcd\xba\
\x51\x6a\x3a\xf2\x83\x89\xbd\x43\x71\x19\xae\xc0\x70\xdd\xe5\xac\
\x97\x40\xc3\x07\x00\x81\xce\x52\x0d\x5d\xff\x39\x4f\xe0\x43\x0d\
\x80\x01\x80\x1a\x54\xa1\x16\x85\xcb\xb7\x6c\x18\xe1\x19\xdc\x69\
\xaa\x5e\x70\x81\xc4\x04\x80\x6a\x2f\xf4\x15\x0a\xcc\x15\xc8\xac\
\xb8\x36\x7d\x92\x87\x12\x36\x6e\x3f\x7d\x77\x52\xdb\x78\x58\x2f\
\x50\x91\x3c\x51\x9c\xb8\x87\xc7\x45\x43\x06\x80\x15\x10\xbd\xea\
\xb3\x13\xf2\x5f\xb1\x58\x35\xa2\x3a\x61\x00\xa0\x84\xb8\x65\x6b\
\x64\x1f\xc4\xcc\x9f\x14\x18\x05\x20\x94\xe0\x00\x50\xfd\xb2\xcd\
\x0a\xcc\x02\xbc\x69\xdf\x75\x94\x05\x3c\x25\x71\xe3\xd0\x7b\x59\
\xa4\x59\x4e\x79\xd9\xaf\x14\x32\x54\xa1\x67\x28\x10\xda\xf1\xbb\
\x84\x06\x00\xc5\x26\xf5\xf4\x8f\xad\x32\xa2\x8f\x71\x1a\x5f\x6a\
\x68\x0c\x00\x94\x50\x37\x6e\x9a\x79\x68\xc8\xc3\x03\x06\xe8\x9f\
\x24\x01\xa0\xfa\xcf\xdf\x2a\x30\x1b\xc6\xbc\x10\xce\xcc\x78\xf9\
\xd1\xf6\xb9\xdb\xea\xbe\x86\x94\x28\x3f\x59\x32\xa1\x55\x26\x42\
\x67\x40\xf5\x5c\x03\x0c\x04\xd0\xd4\xd1\xe3\xc2\x45\x00\x88\xaa\
\xe0\x31\xbf\x5c\xef\xe0\xde\xfd\x94\x28\x0c\x00\x94\x14\x6e\xfc\
\x76\xc6\x85\x02\xb9\x53\x81\x1e\x40\xd2\x04\x80\xaa\xdb\x54\x00\
\x28\x55\xc5\x2b\xf0\xe4\x39\xe3\x87\x5e\x7a\xfc\x80\xdc\xef\xea\
\xba\x8e\x14\xbc\xe3\x3e\x9c\xde\x01\xbe\x7f\x9e\x1a\x1d\x08\xe8\
\xa9\x0a\x64\x00\x41\x3c\x2e\xea\x1d\x00\x8c\x00\xd3\xe3\xbe\xf7\
\x3b\x6e\xe7\xa7\x44\x63\x00\xa0\xa4\x51\xa8\x45\xe1\xd2\xef\x36\
\xe6\x09\xf4\x76\x05\x3a\xd7\xfd\x05\x76\x8f\x87\x01\xda\x06\x80\
\xea\x97\xc5\x01\x2c\x54\xe0\x25\xe3\x99\x17\x27\x74\x1c\xb6\xbc\
\x4e\x2b\x4a\xce\xf4\x2d\x2a\x0a\x6f\x6f\xf3\xd5\xf1\x9e\x31\x03\
\x54\x65\x00\x04\x47\xe9\x8e\xd7\x35\xd5\x1f\x3d\x56\x12\x19\x00\
\x04\x78\xc1\x18\xbd\x7d\xe5\x89\xf9\x1f\xd4\x7d\x4d\x89\xdc\x63\
\x00\xa0\xa4\x73\xa5\xce\xce\xca\xfe\xb6\xe4\x32\x00\xb7\x02\xd8\
\x37\x09\x03\xc0\xae\x7d\x7c\x0e\xc1\x4b\xf0\xbd\x17\xb7\x8a\x37\
\x7f\x16\x4f\x4c\x14\xa8\xe3\x96\x4c\xeb\x1e\x82\xdf\xd7\x08\xfa\
\x0b\x70\xba\x02\x2d\x6b\x7e\x5c\x24\x49\x00\x30\xf8\xb7\x11\xef\
\xf6\x95\xc7\xe7\xbd\x5b\x87\xd5\x24\x0a\x1c\x03\x00\x25\xad\xeb\
\xd7\x4f\x6e\x2a\xe1\xcc\x2b\x15\xb8\x01\x40\x9b\x24\x0e\x00\xd5\
\xfb\xa8\x00\xf0\x1e\x80\x22\x85\x14\x21\x5e\xfe\xce\xc4\xae\xf9\
\xe5\xb5\x5c\x65\xda\x95\xaa\xfc\x7c\xc9\xb4\x43\xfd\x90\x9e\xe2\
\x41\x4f\x36\x82\x53\x60\xd0\x11\xa8\xcd\xdf\x23\xc1\x01\x40\xf4\
\x0d\x05\x7e\xbf\xe2\x38\x4e\xe4\x43\xc9\x89\x01\x80\x92\xde\x4d\
\xdf\x45\x5a\xc6\x8d\x5e\x29\xd0\xd1\xaa\xd8\x27\xc9\x03\xc0\xae\
\xd7\x29\x07\xf0\x8e\x42\xe6\xab\xea\xfb\x71\x1f\xef\xcd\xe8\x36\
\x64\x43\x6d\xd6\x3b\x1d\x9d\xf6\xd1\xa4\xb6\x15\x51\xef\x58\x11\
\x73\xac\x88\x1c\x6b\x14\x3f\xc3\xae\x7f\xf3\x5a\x0f\xbd\x27\x26\
\x00\x00\x78\xd9\x87\xf7\x97\x15\x3f\xcb\x7b\x6b\xaf\x2b\x4c\x94\
\x40\x0c\x00\x94\x32\xae\x59\x13\x69\x22\x4d\xfc\x11\x50\xb9\x0e\
\x40\xd7\x14\x09\x00\x3b\xdf\x86\x02\x2a\xfa\x25\x54\xde\x57\xc5\
\xbb\x02\x2c\x8e\x67\x62\xe9\x8c\x34\x3c\x7b\xe1\xa9\xcb\xa7\x75\
\xf6\xe3\xda\x0b\x9e\x39\x5c\x14\x47\x1b\xe0\x58\x28\xba\xd5\x78\
\x9f\xed\xf2\x73\xb5\x2f\xc9\x12\x00\x8c\xaa\x3c\x0b\xf5\xef\xfc\
\xe8\xf8\x11\xff\xd9\xd3\x7a\x13\x25\x0b\x06\x00\x4a\x39\x85\x5a\
\x14\xde\xb2\x69\x7d\x2e\x20\x37\x01\x38\x22\xe5\x02\xc0\xf7\x3f\
\x6b\xf5\xdb\xdc\xa8\xc0\xff\x00\x2c\x57\x95\xff\xc1\x60\x19\x04\
\x2b\x53\x7d\xb4\xa0\xef\xaa\x09\xd9\x99\x5b\xb3\xba\xc4\xc2\xf1\
\x6e\x62\xbc\x1e\x0a\xd3\x0b\x2a\x87\x43\xd0\x4b\x15\x2d\x80\x6a\
\xf7\x43\xd5\x7f\x29\x16\x00\xca\x01\x4c\x85\x9a\x07\x96\xfd\x6c\
\x04\x77\x06\xa5\x94\xc2\x00\x40\xa9\x4b\x55\xae\xfe\xe6\x89\x01\
\x02\xdc\xa8\x40\xdf\x14\x0f\x00\xbb\xeb\xa3\x4c\x80\x55\xbe\xea\
\x2a\x81\xac\x52\xe8\x17\x0a\xac\x86\x7a\xeb\x21\xfe\x37\x99\xbe\
\xac\x9b\xd6\x7d\x58\x09\x12\xe0\x98\x45\x63\x33\x3a\x36\xcf\x6e\
\x1f\x8f\x85\x3a\x99\x90\xd9\x17\x90\x8e\x06\xe8\x28\x8a\xae\xaa\
\xe8\x06\xa0\x9b\x02\x9d\x00\xc8\x9e\xff\x1e\x29\x19\x00\x36\xc0\
\xe0\xd1\x90\xef\x3d\xb6\xf4\xc4\xbc\x8d\x20\x4a\x41\x0c\x00\xd4\
\x28\x8c\x5e\x3f\xf3\x30\x2f\xa4\xbf\x51\xd5\x61\x80\x34\x6f\x44\
\x01\xa0\x36\xd7\x29\x57\xe0\x1b\x81\xae\x85\x91\x12\xf5\xb4\xd8\
\x18\x6c\xf5\x04\xdb\x54\x50\xaa\x46\xb6\x28\x50\x02\xc1\x0f\xb3\
\x1a\xaa\x29\x36\xf0\xaa\xbd\x57\x9a\xb0\x81\xd7\x1c\x00\x3c\x20\
\xdb\x18\x34\x81\x9a\x90\x8a\xb4\x54\xd1\x56\xaa\xd2\x4a\x80\x96\
\xaa\xda\x52\x15\x2d\x3d\x41\x1b\x03\xb4\xc7\x5e\xdf\xdc\x6b\xfe\
\x79\xe7\xcb\x52\x2a\x00\x7c\x20\xd0\x31\x65\xad\x4b\xa6\x7f\xda\
\x9d\x27\xea\xa1\xd4\xc6\x00\x40\x8d\xca\x8d\xdf\x3c\xd7\xbc\x1c\
\x65\x83\x61\xf4\x0a\x00\x47\xa4\x49\x00\xd8\x65\x1d\xb5\x8e\x7d\
\xd4\xf2\x3a\xd0\x3a\xf6\xd1\x68\x02\x40\x85\x02\xcf\x03\x18\xf7\
\xe1\xb1\x97\xbe\x0a\xa2\x46\x82\x01\x80\x1a\xad\x2b\xbf\x99\x7e\
\x0a\x54\x2e\x87\xe2\x7c\x00\x99\x0c\x00\x7b\xe8\x9f\x01\xa0\xa6\
\xfb\xfa\x53\x05\xc6\x65\x48\xc6\x84\xc5\x7d\xd2\x6f\x27\x4d\x6a\
\xfc\x18\x00\xa8\xd1\xbb\xbc\x78\x5a\xeb\x8c\x8a\xd0\x20\xa3\x9a\
\x07\xe0\x04\xad\x7a\xdc\x33\x00\xd4\xf1\x3a\x69\x10\x00\x14\x28\
\x87\xe2\x05\x0f\x18\xb7\xa4\x4f\xde\x6b\x10\xa9\x7e\x55\xa2\x46\
\x85\x01\x80\xd2\xca\x15\xdf\xcc\xec\x21\x71\x1d\xa6\x82\x61\xaa\
\xe8\xba\xe3\x72\x06\x80\xb4\x0e\x00\x0a\xc5\x7c\xf5\x64\x42\x2c\
\x3b\xfb\xc9\x65\xbd\x79\xd2\x27\x4a\x0f\x0c\x00\x94\x9e\x54\xe5\
\x37\xeb\x66\x9c\x28\x9e\x5c\xa2\x8a\x0b\x14\x68\x5b\x79\x71\xd5\
\xaf\x51\xed\x2b\x03\x40\xa3\x0c\x00\xa2\xf8\xc0\x78\x98\x09\x84\
\x67\x2e\x39\x7a\xe8\x6a\x10\xa5\x19\x06\x00\x4a\x7b\x83\x34\x12\
\x6a\xbb\xde\xff\x39\x54\x7f\x05\xc8\xaf\x00\x74\x66\x00\xa8\x69\
\x1d\x1b\x45\x00\xf8\x04\xa2\x4f\xc0\xe8\x8c\xc5\x7d\xf2\x3f\x06\
\x51\x1a\x63\x00\x20\xda\xc5\x15\xeb\xa6\xf7\x8e\x1b\xf9\x05\x04\
\xe7\x2a\x70\x02\x54\x2b\xf7\x19\xa8\xfa\x3d\x03\x40\x6d\xfb\x48\
\x96\x00\xa0\xcb\x55\x65\x96\x81\xbe\xf0\x9f\x63\x86\x2f\x06\x11\
\x01\x60\x00\x20\xda\xa3\xcb\x37\x4c\xeb\x16\x8f\x7b\x03\x05\x3a\
\x50\x81\x9f\x01\x10\x06\x80\xda\xf6\x91\xa0\x00\x20\x28\x57\xc5\
\x7c\x31\xfa\xbc\xfa\xfe\x73\xef\xff\x74\xc4\x1a\x10\xd1\x8f\x30\
\x00\x10\xd5\x52\xfe\xba\xc8\x3e\x21\x3f\x76\x16\xc4\x1b\x04\xd5\
\xfe\x0a\x64\x00\x0c\x00\xc9\x10\x00\x44\xf1\xb9\x01\x5e\x55\xe0\
\x55\xa9\xf0\xe6\xbc\xfb\xb3\xc4\xcc\x8e\x48\x94\x4a\x18\x00\x88\
\xea\xe1\xb2\xb5\xd3\xdb\x19\xc5\x19\x50\x0c\x30\x40\x7f\x00\x1d\
\x18\x00\x76\xed\x23\xb8\x00\x20\xc0\x7a\x1f\x98\x07\xe0\x0d\xf1\
\xe5\xd5\xb7\x8f\xb9\xe4\x53\x10\x51\x9d\x30\x00\x10\xd9\x52\x95\
\xfc\x75\x4f\x1c\x25\xc6\x1f\xa0\x2a\xa7\x01\xfa\x33\x85\xe4\x30\
\x00\xb8\x0b\x00\x00\xbe\x52\x60\x81\x42\xde\x30\x71\x9d\xf7\xce\
\x31\x79\x1f\x81\x88\xac\x30\x00\x10\x39\x56\xa8\x45\xe1\x55\x5f\
\xae\x3d\x52\x80\x93\xd4\xf3\x4e\x84\xea\x69\x00\xda\x30\x00\xd4\
\x3a\x00\xc4\x01\xac\x10\xe0\x2d\xa3\xb2\x40\xd5\x5f\xbc\xe0\x27\
\xc3\x97\x81\x88\x9c\x62\x00\x20\x6a\x00\x23\xbe\x9c\xd1\x29\xa6\
\xe6\x44\x00\x27\x29\xbc\x63\x04\xe6\x28\x05\x72\x80\xf4\x0e\x00\
\x0a\x94\x28\xf0\xa1\x88\x2e\x53\x95\xe5\x9e\xaf\x8b\xd1\xd2\x5f\
\x34\xaf\x6b\x7e\x39\x88\x28\x50\x0c\x00\x44\x09\xd0\x57\x8b\xc2\
\xfb\x7d\xf5\xf5\xa1\x50\xf4\x82\x91\xc3\x14\x38\x54\x80\xc3\x14\
\x38\x08\x40\xb8\x11\x06\x80\x6f\x01\x2c\x57\xe8\xc7\x10\xf9\x58\
\x81\xe5\x88\xc6\x3f\x9e\x77\x54\xfe\x17\x20\xa2\x84\x60\x00\x20\
\x4a\x22\x83\x96\x45\x32\x33\x9b\x45\x0f\x46\x1c\xdd\x8c\x78\x5d\
\x8d\xa0\x9b\x40\xbb\x56\x4d\x5b\x7c\x00\x80\xd6\xc9\x18\x00\x04\
\xd8\x64\x20\x1b\x00\xfd\x52\x81\x55\x50\xac\x52\xc8\x17\xc6\x93\
\x55\x99\x26\x63\xd5\x9c\xde\xb9\xdf\xd5\xe3\xee\x20\xa2\x00\x31\
\x00\x10\xa5\x90\xe1\xab\x26\x64\x97\x9a\x50\x7b\x84\xc2\xfb\x69\
\x4c\xdb\x8b\x87\x4e\x10\x69\xa3\x46\x5b\x01\x68\x05\x91\x56\xaa\
\xa6\x15\x2a\x83\x42\xb6\x02\x4d\x44\x21\x06\x68\x55\x55\xa2\x99\
\x02\x19\x50\x6c\x53\x20\x06\xec\xf4\x46\x6e\x00\x6c\x01\x10\x53\
\xc1\x36\x18\x54\x28\xb0\x0d\x40\x31\x80\xcd\x50\xb3\xd9\x57\x6c\
\xf6\xc4\xdb\x0c\xd5\x6f\x54\xcc\x86\xb8\x91\xaf\x33\x32\x8b\x37\
\xbc\xdc\x7d\x74\x45\x43\xdf\x17\x44\x44\x44\x44\x44\x44\x44\x44\
\x44\x44\x44\x44\x44\x44\x44\x44\x44\x44\x44\x44\x44\x44\x44\x44\
\x44\x44\x44\x44\x44\x44\x44\x44\x44\x44\x44\x44\x44\x44\x44\x44\
\x44\x44\x44\x44\x44\x44\x44\x44\x44\x44\x44\x44\x44\x44\x44\x44\
\x44\x44\x44\x44\x44\x44\x44\x44\x44\x44\x44\x44\x44\x44\x44\x44\
\x44\x44\x44\x44\x44\x44\x44\x44\x44\x44\x44\x44\x44\x44\x44\x44\
\x44\x44\x44\x44\x44\x44\x44\x44\x44\x44\x44\x44\x44\x44\x44\x44\
\x44\x44\x44\x44\x44\x44\x44\x44\x44\x44\x44\x44\x44\x44\x44\x44\
\x44\x44\x44\x44\x44\x44\x44\x44\x14\xbc\xff\x07\xbd\xc5\x0b\x40\
\x2c\x1f\x27\x00\x00\x00\x00\x00\x49\x45\x4e\x44\xae\x42\x60\x82\
\
\x00\x00\x16\x8f\
\x89\
\x50\x4e\x47\x0d\x0a\x1a\x0a\x00\x00\x00\x0d\x49\x48\x44\x52\x00\
\x00\x02\x00\x00\x00\x02\x00\x08\x06\x00\x00\x00\xf4\x78\xd4\xfa\
\x00\x00\x00\x09\x70\x48\x59\x73\x00\x00\x0b\x13\x00\x00\x0b\x13\
\x01\x00\x9a\x9c\x18\x00\x00\x16\x41\x49\x44\x41\x54\x78\x9c\xed\
\xdd\x09\xac\x6d\x67\x55\x07\xf0\x16\x4a\x99\x0a\x6d\x19\x5a\xa0\
\x14\x10\x28\x14\x30\xb4\x0c\x42\x22\x88\x18\x40\x44\x86\xa0\x78\
\x05\xec\xa3\xf7\x9d\xbd\xcf\xdd\xf7\xbd\x87\x0f\xac\x48\xa5\x40\
\xbc\x08\x06\x10\x88\xd5\x84\x28\x51\x11\x0c\x51\x14\x90\x49\x09\
\x22\x10\x24\x40\x90\x41\x04\x2a\xf3\x1c\xa6\x32\x43\x5b\x68\xa9\
\xb4\xcb\xb5\x2f\xaf\xca\xf0\x86\x7b\xdf\x3b\x7b\x7f\xdf\x39\xe7\
\xf7\x4b\x56\x1e\x04\xd2\xbc\xbd\x76\xb3\xfe\xeb\xdb\x67\x3a\xea\
\x28\x00\x00\x00\x00\x00\x00\x00\x00\x00\x00\x00\x00\x00\x00\x00\
\x00\x00\x00\x00\x00\x00\x00\x00\x00\x00\x00\x00\x00\x00\x00\x00\
\x00\x00\x00\x00\x00\x00\x00\x00\x00\x00\x00\x00\x00\x00\x00\x00\
\x00\x00\x00\x00\x00\x00\x00\x00\x00\x00\x00\x00\x00\x00\x00\x00\
\x00\x00\x00\x00\x00\x00\x00\x00\x00\x00\x00\x00\x00\x00\x00\x00\
\x00\x00\x00\x00\x00\x00\x00\x00\x00\x00\x00\x00\x00\x00\x00\x00\
\x00\x00\x00\x00\x00\x00\x00\x00\x00\x00\x00\x00\x00\x00\x00\x00\
\x00\x00\x00\x00\x00\x00\x00\x00\x00\x00\x00\x00\x00\x00\x00\x00\
\x00\x00\x00\x00\x00\x00\x00\x00\x00\x00\x00\x00\x00\x00\x00\x00\
\x00\x00\x00\x00\x00\x00\x00\x00\x00\x00\x00\x00\x00\x00\x00\x00\
\x00\x00\x00\x00\x00\x00\x00\x00\x00\x00\x00\x00\x00\x00\x00\x00\
\x00\x00\x00\x00\x00\x00\x00\x00\x00\x00\x00\x00\x00\x00\x00\x00\
\x00\x00\x00\x00\x00\x00\x00\x00\x00\x00\x00\x00\x00\x00\x00\x00\
\x00\x00\x00\x00\x00\x00\x00\x00\x00\x00\x00\x00\x00\x00\x00\x00\
\x00\x00\x00\x00\x00\x00\x00\x00\x00\x00\x00\x00\x00\x00\x00\x00\
\x00\x00\x00\x00\x00\x00\x00\x00\x00\x00\x00\x00\x00\x00\x00\x00\
\x00\x00\x00\x00\x00\x00\x00\x00\x00\x00\x00\x00\x00\x00\x00\x00\
\x00\x00\x00\x00\x00\x00\x00\x00\x00\x00\x00\x00\x00\x00\x00\x00\
\x00\x00\x00\x00\x00\x00\x00\x00\x00\x00\x00\x00\x00\x00\x00\x00\
\x00\x00\x00\x00\x00\x00\x00\x00\x00\x00\x00\x00\x00\x00\x00\x00\
\x00\x00\x00\x00\x00\x00\x00\x00\x00\x00\x00\x00\x00\x00\x00\x00\
\x00\x00\x80\x2a\xed\xd9\x13\xc7\x75\x4d\xdc\x6f\xda\xc4\xef\xae\
\x35\xf1\xfc\x69\x1b\x2f\xcb\x3f\x5f\xb7\xaf\xfe\x7e\xad\x8d\xf3\
\xf3\x7f\xdb\xd5\xb6\x71\xaf\xae\x8b\x6b\x94\xfe\xfb\xb2\x75\x7b\
\xf7\xc6\x35\xa7\xd3\xb8\x53\xde\xc7\x87\x4d\x27\x71\x76\xfe\xe7\
\xae\x6b\x63\x9a\xff\xfd\x11\xdd\x24\xee\x99\xf7\xf4\x06\xa5\xff\
\x8e\x00\x8c\x68\xf7\xee\x38\x31\x43\x60\x4f\x86\xfd\xbf\x67\xc0\
\xff\x20\x2b\xb6\x58\x97\xe4\x32\xf0\xda\x0c\x93\xdf\x5c\x5d\x8d\
\x6b\x95\xbe\x0e\x7e\x5a\xd3\xc4\xcf\xe6\x3d\xfa\xa3\xac\x77\x64\
\x5d\x7e\xc8\x7b\xda\xc4\xc7\xf2\xff\xf7\x57\x6b\x93\x78\xd0\xc6\
\x46\x1c\x53\xfa\xef\x0f\xc0\x00\xd6\xcf\x8e\x53\xfa\x53\x7e\x1f\
\xe4\xdb\x08\xfd\xfd\x56\x86\xc6\x57\xf2\xcf\xf3\xf6\x9e\x15\xd7\
\x2f\x7d\x5d\xcb\xae\x0f\xee\x3c\xdd\x3f\x3a\x17\xba\xff\x3c\xd2\
\x7b\x9a\xb5\xd1\x75\x71\xa3\xd2\xd7\x04\xc0\x0c\xf4\x8f\xee\x73\
\xb0\x3f\x75\x16\xc1\xff\x53\xa1\xd1\xc6\x97\xf3\x9f\x7d\x56\xe9\
\x6b\x5c\x56\x6d\x1b\x0f\xc8\xfe\x7f\x64\xc6\xf7\xf5\xa2\xfc\x67\
\x3e\x71\x65\x25\x8e\x2d\x7d\x7d\x00\x1c\xa6\xf5\x9d\x71\x5a\x0e\
\xf3\x77\xcf\x3a\xf8\xf7\x53\xaf\x5c\x5d\x8d\x13\x4a\x5f\xef\xb2\
\xd8\xb1\x23\xae\x9b\x3d\x7f\xd1\x90\xf7\x34\x97\xbb\x0f\xae\x4f\
\xe2\x8e\xa5\xaf\x15\x80\x6d\xea\x9a\xf8\xa5\x1c\xe4\xdf\x1a\x21\
\xfc\xaf\xaa\x4f\x4d\xa7\x71\xbb\xd2\xd7\xbd\xe8\x26\x93\xb8\xf5\
\x00\xa7\xfe\xfd\x2f\x01\x4d\x7c\xb7\x6d\xe3\x91\xa5\xaf\x19\x80\
\x2d\x9a\x4e\xe2\xd7\x72\x78\x5f\x36\x62\xf8\x5f\x15\x18\x5f\xc9\
\x25\xe0\xcc\xd2\xd7\xbf\xa8\xf2\x44\x7e\x46\xff\xb2\xcb\xc8\xf7\
\xf4\x8a\xae\x8d\xc7\x95\xbe\x76\x00\x0e\x61\xdf\xc7\xfa\x46\x0f\
\xff\x1f\xa9\x6f\xe5\xdf\xe1\xee\xa5\xfb\xb0\x68\xf2\x24\x7e\xdb\
\xb5\x26\x2e\x2c\x78\x5f\x9f\x52\xba\x07\x00\x1c\x40\xff\x08\x3e\
\x07\xf5\x45\x05\x43\xe2\x87\xa7\xc6\x36\xbe\xde\x9f\x56\x4b\xf7\
\x63\x51\x4c\x26\x71\xe3\xec\xeb\x67\x4b\xdf\xd7\xac\x73\x4b\xf7\
\x02\x80\x9f\xd0\x7f\x36\x3f\x4f\x88\x1f\xa8\x20\x24\xae\xaa\xaf\
\xf6\x9f\x4b\x2f\xdd\x97\xf9\x17\x47\xe7\x42\xf5\x2f\x15\xdc\x4f\
\x4b\x00\x40\x8d\xa6\x4d\x3c\xbd\x82\x70\xf8\xb1\xda\xf7\x9e\x80\
\x3b\x95\xee\xcd\x3c\xeb\xbf\xc1\xaf\xf4\x7d\xb4\x04\x00\x54\xaa\
\xeb\xe2\x36\x85\x5f\xf7\x3f\x70\x35\x71\x61\xfe\xfd\x4e\x2f\xdd\
\xa3\x79\xf4\xd8\xc7\xc4\x0d\xfb\x97\x53\x8a\xdf\x43\x4b\x00\x40\
\x9d\x32\x24\x5e\x58\x41\x20\x1c\x74\x09\xf0\x99\xf2\xed\xcb\xde\
\x3d\xbb\xf8\xbd\x3b\x78\x79\x63\x20\x40\x29\x9b\x5f\xf1\xdb\xc6\
\xf7\x2b\x08\x83\x83\x56\x2e\x29\x5f\xe8\xbf\x98\xa8\x74\xbf\xe6\
\x45\xd3\xc4\xf5\xd6\xc6\xfd\x1e\x87\xc3\x2d\x4f\x02\x00\x4a\xe8\
\xda\x78\x52\x05\x21\xb0\xb5\x6a\xe2\xf3\xfd\xcb\x15\xa5\x7b\x36\
\x0f\xa6\x4d\xac\x15\xbf\x5f\x5b\x2f\x4f\x02\x00\xc6\xd6\x7f\x65\
\x6b\x05\x01\xb0\xe5\xca\x60\xfb\xdc\x74\x1a\x3f\x53\xba\x6f\xb5\
\xcb\x65\xe9\xcd\xa5\xef\xd5\x36\xcb\x93\x00\x80\xb1\xe4\x69\xfa\
\xa6\x39\x78\xaf\xac\x60\xf8\x5b\x02\x66\xa8\xff\xae\xff\x2d\xfd\
\x9c\x6f\x7d\xe5\x49\x00\xc0\x18\xf2\x94\xf8\xa8\x0a\x86\xfe\xe1\
\x55\x13\x9f\xce\x05\xe6\x16\xa5\x7b\x58\xa3\xfe\x57\xfe\x8a\xdf\
\x9f\xc3\x2f\x4f\x02\x00\x86\x96\xa7\xc4\x3f\xaa\x60\xe0\x1f\x49\
\x7d\x76\x7d\x35\x6e\x55\xba\x8f\xb5\xc9\xe5\xe8\xf7\x2a\xb8\x37\
\x47\x52\x9e\x04\x00\x0c\x69\xda\xc6\xcb\x2a\x18\xf6\x47\x54\x79\
\x0d\x1f\xef\x3f\xc9\x50\xba\x97\x35\xc9\xc5\xee\x05\xa5\xef\xcb\
\x0c\xca\x93\x00\x80\xa1\xe4\x49\xf1\x2d\x15\x0c\xfa\x99\x2c\x01\
\x4d\x13\x37\x2b\xdd\xcf\x5a\x64\x3f\x5e\x55\xfa\x9e\xcc\xa8\x3c\
\x09\x00\x18\x42\x2e\x00\xef\xad\x60\xc8\xcf\x66\x09\x68\xe2\x23\
\x6d\x1b\x27\x97\xee\x69\x0d\x72\x01\x78\x63\xe9\xfb\x31\xc3\xf2\
\x24\x00\x60\xd6\x32\x34\xdf\x5d\xc1\x80\x9f\x65\x7d\x74\xcf\x6a\
\xdc\xa4\x74\x5f\x4b\x5b\xb0\x05\xa0\x2f\x4f\x02\x00\x66\x29\x83\
\xe2\xad\x15\x0c\xf7\x59\xd7\x05\xfd\xcf\xdf\x96\xee\x6d\x49\x0b\
\xf4\x12\xc0\x8f\x96\x27\x01\x00\xb3\x92\x41\xf1\xd2\x0a\x06\xfb\
\xcc\x2b\xaf\xeb\xfd\xfd\x0f\xe1\x94\xee\x6f\x29\x0b\xf2\x26\x40\
\x4b\x00\xc0\x50\x32\x28\x9e\x59\xc1\x50\x1f\xaa\xde\xd7\xb6\x71\
\x83\xd2\x3d\x2e\xa1\x6b\xe3\x09\x15\xf4\xdf\x12\x00\x50\xab\x0c\
\x8a\x95\x0a\x06\xfa\x70\xd5\xc4\x7b\x77\xef\x8e\x13\x4b\xf7\x79\
\x6c\x6b\x93\xb8\x7f\xf1\xde\x5b\x02\x00\xea\xd5\x7f\x74\xae\x82\
\x61\x3e\x68\xf5\x6f\x74\xec\xba\x38\xbe\x74\xaf\xc7\x34\xc7\x5f\
\x05\x6c\x09\x00\x18\x4b\x9e\x92\xff\xab\x82\x61\x3e\xec\x12\xd0\
\xc6\x7f\xec\x3d\x2b\xae\x5f\xba\xd7\x63\xca\x6b\x7e\x53\xe9\xbe\
\x5b\x02\x00\x2a\x96\x43\xf4\xbc\x0a\x06\xf9\xf0\x4b\x40\x13\xef\
\x68\x9a\xb8\x5e\xe9\x7e\x8f\x65\x3a\x89\xb6\x74\xcf\x2d\x01\x00\
\x15\xeb\x7f\x11\x30\xc3\xf1\xb2\x0a\x06\xf9\xf0\x4b\x40\x1b\x6f\
\xdb\xb3\x27\x8e\x2b\xdd\xf3\x31\xf4\xcb\x4e\x5e\xf3\xb7\x4a\xf7\
\xdc\x12\x00\x50\xb1\x1c\xa0\x2f\xaa\x60\x88\x8f\xb5\x04\xbc\xb5\
\x7f\x8d\xbc\x74\xcf\xc7\xb0\xe0\x9f\xf2\xb0\x04\x00\x1c\xa9\x9d\
\x3b\xe3\xd4\x0c\x8b\xef\x56\x30\xc4\xc7\x5a\x02\x96\xe2\x49\x40\
\xff\x09\x88\xbc\xde\xaf\x96\xee\xf7\x88\xe5\x1b\x03\x01\xb6\x2b\
\x87\xe7\x33\x2a\x18\xe0\x63\x2e\x01\x6f\x3a\x67\x25\xae\x5d\xba\
\xef\x43\xeb\xda\x98\x96\xee\xf5\xc8\xe5\x49\x00\xc0\x76\xec\xdd\
\x1b\xd7\xcc\xe1\xf9\xbe\x0a\x06\xf8\x78\xd5\xc4\xbf\x2d\xfe\x12\
\x10\x47\xe7\x75\xbe\xba\x78\xaf\xc7\x2d\x4f\x02\x00\xb6\xa3\xeb\
\xe2\xf4\x69\x13\xdf\xae\x60\x80\x8f\x56\x79\xbd\xaf\xef\x97\x9f\
\xd2\xbd\x1f\x52\xde\xd7\x1b\xe5\x12\xf0\xe9\xd2\xbd\x1e\xb9\x3c\
\x09\x00\xd8\x8e\xb6\x8d\xfb\x2e\xcb\xa7\x02\xfe\xaf\x9a\xf8\xd7\
\xd5\xd5\xb8\x56\xe9\xde\x0f\x29\x97\x80\xdb\xe4\x75\x5e\x58\xbc\
\xd7\xe3\x96\x27\x01\x00\xdb\x91\x41\xf1\x88\x25\xf8\x26\xb9\x1f\
\xab\xbc\xde\xd7\xae\xac\xc4\xb1\xa5\x7b\x3f\xa4\x6e\x67\xdc\x35\
\xef\xed\x37\x4a\xf7\x7a\xe4\xf2\x24\x00\x60\x3b\xba\x26\x1e\x9c\
\xc3\xf3\xd2\x0a\x06\xf8\x78\xd5\xc4\xeb\x16\xfd\xe5\x80\xe9\x34\
\xce\x9c\xb6\xf1\xf5\xe2\xbd\x1e\xb7\x3c\x09\x00\xd8\x8e\xb5\x49\
\x3c\x68\x09\x97\x80\x7f\xea\xba\xb8\x46\xe9\xde\x0f\x69\x73\x09\
\x68\xe2\x6b\xc5\x7b\x6d\x09\x00\xa8\x57\xd7\xc4\x2f\xe7\x89\xf1\
\x7b\x15\x0c\xf0\xd1\x2a\xaf\xf7\x15\x1b\x1b\x71\x4c\xe9\xde\x0f\
\x69\x7d\x12\x67\x58\x02\x00\x38\xa8\x5c\x02\xee\x93\x61\x71\x71\
\x05\x03\x7c\xbc\x6a\xe2\xe5\x96\x80\x85\x2c\x4b\x00\xc0\x76\x74\
\x93\xb8\x77\x0e\xcf\x8b\x2a\x18\xe0\x63\xd6\x3f\x5a\x02\x16\xb2\
\x2c\x01\x00\xdb\xb1\xb6\x16\x3f\x3f\x6d\xe3\x3b\x15\x0c\xf0\xf1\
\xaa\x89\x7f\x58\x59\x89\xab\x97\xee\xfd\x90\xda\x36\xee\x90\xf7\
\xf5\xcb\xc5\x7b\x6d\x09\x00\xa8\xd7\x74\x1a\x77\x5b\xc2\x8f\x92\
\xbd\x68\x63\x23\xae\x56\xba\xf7\x43\xb2\x04\x00\x70\x48\x4d\x13\
\x77\x59\xb6\x8f\x92\xe5\xf5\xbe\x70\xd1\x97\x80\xcd\x6f\x82\xb4\
\x04\x00\x70\x30\x4b\xfa\x51\xb2\xbf\x5e\x8a\x25\xa0\x89\x2f\x55\
\xd0\x6b\x4b\x00\x40\xad\x36\x1f\x1b\x2f\x5f\x58\xfc\x65\xff\x03\
\x3b\xa5\x7b\x3f\x24\x4b\x00\x00\x87\xd4\x34\x71\xfb\x1c\x9e\x5f\
\xac\x60\x80\x8f\x56\x19\x8e\x7f\x66\x09\x58\xc8\xb2\x04\x00\x6c\
\xc7\x74\x1a\xb7\x5b\x6b\xe2\xf3\x15\x0c\xf0\x31\xeb\xfc\xd2\x7d\
\x1f\x5a\xbf\xdc\x59\x02\x00\x38\xa8\xf5\xd5\xb8\xd5\xb2\xfd\xe4\
\x6c\x86\xe3\x9f\x94\xee\xfb\xd0\x96\xf1\x09\x8f\x25\x00\x60\x9b\
\xba\x2e\x6e\x91\xa1\xf8\xc9\x0a\x06\xf8\x98\x4b\xc0\xf3\x4a\xf7\
\x7d\x68\x96\x00\x00\x0e\x69\xe7\xce\x38\x75\xad\x89\x4f\x54\x30\
\xc0\xc7\x5b\x02\xda\x78\x6e\xe9\xbe\x0f\x6d\xf3\x65\x1e\x4b\x00\
\x00\x07\xb3\x67\x35\x6e\x92\xa1\xf8\xa1\x0a\x06\xf8\x98\xf5\xb4\
\xd2\x7d\x1f\x9a\x25\x00\x80\x43\x6a\xdb\x38\x39\x87\xe7\x05\x15\
\x0c\xf0\x31\xeb\x0f\x4a\xf7\x7d\x68\xfd\x12\x90\xcb\xdd\x17\x2a\
\xe8\xb5\x25\x00\xa0\x56\xbb\x76\xc5\x49\x6b\x4d\x7c\xa0\x82\x01\
\x3e\x5a\x4d\x9b\x78\x6a\xe9\xbe\x0f\x6d\x7d\x67\x9c\x66\x09\x00\
\xe0\xa0\x76\xef\x8e\x13\x33\x2c\xde\x53\xc1\x00\x1f\x73\x09\x78\
\x72\xe9\xbe\x0f\xcd\x12\x00\xc0\x21\xad\xae\xc6\x09\x6b\x4d\xbc\
\xab\x82\x01\x3e\x5a\x75\x6d\x3c\xa9\x74\xdf\x87\x66\x09\x00\xe0\
\x90\xba\x2e\x8e\xcf\x25\xe0\x9d\x15\x0c\xf0\xd1\x6a\xda\xc4\xef\
\x97\xee\xfb\xd0\xfa\xef\x7f\xc8\x25\xe0\x33\xa5\x7b\x6d\x09\x00\
\xa8\xd8\x8e\x1d\x71\xdd\x5c\x02\xde\x52\xc1\x00\x1f\xab\xae\xcc\
\x25\x60\x6f\xe9\xbe\x0f\xcd\x12\x00\xc0\x21\xed\x5b\x02\xde\x5c\
\xc1\x00\x1f\x6f\x09\x98\xc6\x63\x4b\xf7\x7d\x68\x4d\x13\xb7\xb4\
\x04\x00\x70\x50\x5d\x17\xd7\xc9\xb0\x78\x63\x05\x03\x7c\xb4\x25\
\x20\x97\x9e\x3d\xa5\xfb\x3e\xb4\x7e\x09\x58\xb6\xaf\x83\xb6\x04\
\x00\x6c\xd3\xde\xbd\x71\xcd\x0c\x8b\x7f\xae\x60\x80\x8f\xb6\x04\
\x4c\x9b\xd8\x55\xba\xef\x43\xb3\x04\x00\x70\x48\x2b\x2b\x71\x6c\
\x86\xc5\xab\x2b\x18\xe0\xa3\x2d\x01\x59\xeb\xa5\xfb\x3e\x34\x4b\
\x00\x00\x87\xb4\xb9\x04\xb4\xf1\xca\x0a\x06\xf8\x28\x35\x6d\xe2\
\x8a\xe9\x24\xce\x2e\xdd\xf7\xa1\xf5\x3f\x0c\x65\x09\x00\xe0\xa0\
\x36\x36\xe2\x98\x0c\xc6\xbf\xab\x60\x80\x8f\x55\x3f\x68\xdb\xd8\
\x51\xba\xef\x43\xdb\x5c\x02\xda\xf8\x54\x05\xfd\xb6\x04\x00\xd4\
\x6a\x65\x25\xae\x9e\x27\xc6\x97\x54\x30\xc0\x47\x5b\x02\x72\xe9\
\x39\xab\x74\xdf\x87\x66\x09\x00\xe0\x90\xfa\x25\x20\x43\xf1\xc5\
\x15\x0c\xf0\xf1\x96\x80\x69\x3c\xba\x74\xdf\x87\xd6\x2f\x01\x79\
\x5f\x3f\x59\x41\xbf\x2d\x01\x00\xb5\xda\xd8\x88\xab\x4d\xdb\x78\
\x61\x05\x03\x7c\xb4\x25\x60\xad\x89\x47\x95\xee\xfb\xd0\x76\xee\
\x8c\x53\x2d\x01\x00\x1c\x42\x1c\x9d\xa1\xf8\xfc\x0a\x06\xf8\x28\
\x95\xc1\x78\x79\xd7\xc4\xc3\x4b\x77\x7d\x68\x96\x00\x00\xb6\x60\
\xb9\x96\x80\xac\xef\xb7\x6d\x3c\xb4\x74\xd7\x87\xb6\xa4\xef\x09\
\x38\x2f\xaf\xfb\xa6\xa5\x7b\x0f\x30\x47\x72\x09\x68\xe3\xfc\x0a\
\x06\xf8\x98\x4b\xc0\x03\x4a\x77\x7d\x68\xfd\x93\x80\x5c\xee\x3e\
\x51\x41\xbf\x47\xab\x7d\x4f\x79\xee\x57\xba\xf7\x00\x73\x25\x07\
\xe8\x73\x4a\x0f\xf0\x11\x83\xe2\xdb\xb9\x04\xdc\xa1\x74\xcf\x87\
\xb6\xa4\x4b\xc0\x37\x27\x93\xb8\x75\xe9\xde\x03\xcc\x95\x1c\xa0\
\x4f\x2b\x3d\xc0\x47\xac\x0b\xfa\xdf\x4b\x28\xdd\xf3\xa1\x4d\xa7\
\x71\xf3\x25\x5c\x02\xde\xd1\x7f\xda\xa5\x74\xef\x01\xe6\x4a\x0e\
\xcf\x8d\xd2\x03\x7c\xc4\xa0\x78\x5e\xe9\x7e\x8f\xa1\x5f\x02\xa6\
\x6d\x7c\xbc\x74\xbf\x47\xbd\xb7\x93\xf8\x9d\xd2\x7d\x07\x98\x3b\
\x39\x40\xcf\x2b\x3d\xc0\x47\x5a\x00\x2e\xcf\x70\xbc\x53\xe9\x7e\
\x8f\x61\xfd\xec\x38\x65\x99\x96\x80\xfe\xa5\x80\xc7\x3e\x26\x6e\
\x58\xba\xef\x00\x73\xa7\x6b\xe3\x09\xa5\x87\xf8\x28\x41\xd1\xc6\
\x2b\x4a\xf7\x7a\x2c\x6d\x1b\x27\xe7\xf5\x7e\xa8\x74\xcf\x47\x5c\
\x02\x9e\x5e\xba\xe7\x00\x73\x69\xad\x89\xc7\xaf\xfd\xf0\xd7\xf5\
\x8a\x0f\xf3\x01\x43\xe2\x8a\xae\x8b\xd3\x4b\xf7\x7a\x2c\x4d\x13\
\x37\xcb\xfb\xfa\xb1\xd2\x7d\x1f\xa9\xbe\x7a\xce\x4a\x5c\xbb\x74\
\xcf\x01\xe6\xd2\x74\x1a\x5d\x1f\x92\x15\x0c\xf3\x21\xeb\x39\xa5\
\xfb\x3c\xa6\x65\x7a\x12\x90\xff\xfe\xfe\x46\xe9\x7e\x03\xcc\xad\
\x5c\x00\xd6\x16\x79\x09\xc8\x30\xfc\x42\xff\xf5\xc8\xa5\xfb\x3c\
\xa6\xfe\x4b\x73\xf2\x9e\x7e\xa4\x74\xef\x47\xb8\xb7\x2f\x2d\xdd\
\x6b\x80\xb9\xd6\xb5\xf1\x5b\x19\x18\xff\x53\x7a\xa0\x0f\x55\xeb\
\x93\x38\xa3\x74\x8f\xc7\xd6\x3f\x09\x58\x6b\xe2\xbf\x4b\xf7\x7e\
\xd0\x05\xa0\x89\xaf\xf5\x5f\x76\x55\xba\xd7\x00\x73\xad\xff\x69\
\xdd\xb5\xfe\x87\x75\x2a\x18\xec\x33\x0f\x8a\x25\xfd\xd8\xd8\x9e\
\xd5\xb8\x49\x2e\x01\x1f\x2e\xdd\xff\x21\x6b\x7d\x67\x9c\x56\xba\
\xcf\x00\x73\xaf\x6b\x63\xa5\xff\xf8\x5c\xe9\xa1\x3e\xf3\x6a\xe2\
\x6f\x4a\xf7\xb6\x94\x5d\xbb\xe2\xa4\xec\xc1\x05\xc5\xef\xc1\x40\
\xb5\x0c\x3f\x02\x05\x30\x8a\xb6\x8d\x5f\xcf\xc1\xfa\xfd\xd2\x83\
\x7d\x96\xd5\x7f\x7b\x5c\xe9\xbe\x96\xb4\xd0\x6f\x0c\x6c\xe2\xf1\
\xa5\xfb\x0b\xb0\x30\x72\xa8\x3e\x2c\x43\xf3\xb2\xe2\xc3\x7d\x76\
\x21\xf1\x89\xd2\x3d\x2d\x6d\x81\xdf\x13\xf0\x8c\xd2\xbd\x05\x58\
\x28\x5d\x1b\xbf\x92\xa7\xc6\xef\x55\x30\xe0\x67\xb1\x00\x5c\x58\
\xba\x9f\x35\x98\x4c\xe2\xc6\x79\x4f\x3f\x58\xfc\x7e\xcc\xb6\x9e\
\x5d\xba\xaf\x00\x0b\x25\x4f\x8c\xbf\x9a\xc3\xf5\xd2\x0a\x06\xfc\
\x11\xd7\xb4\x89\xaf\x94\xee\x67\x0d\x36\xdf\x0f\xb0\x60\x4f\x01\
\xf2\xde\x3e\xb3\x74\x5f\x01\x16\xc6\x22\x85\xff\x66\x79\x09\x60\
\x91\xdf\x0c\x78\x4e\xe9\xde\x02\x2c\x84\x45\x7c\x13\x60\x2e\x00\
\x6f\x2f\xdd\xd7\x92\x16\xf9\x4d\x80\x79\x6d\x8f\x2c\xdd\x5f\x80\
\xb9\xe7\x63\x80\x8b\x67\x81\x4f\xfe\x9b\xb5\x3e\x89\x3b\x96\xee\
\x31\xc0\x5c\x5b\xe4\x2f\x02\x5a\xd6\x8f\x8a\x2d\xc1\x17\x01\x5d\
\xb4\xb1\x11\xc7\x94\xee\x33\xc0\xdc\x5a\xf4\xaf\x02\x6e\xdb\xb8\
\x73\xe9\x1e\x8f\x6d\x81\x3f\xf6\xf7\xff\xd5\xc4\xab\x4b\xf7\x19\
\x60\x6e\x2d\xfa\x8f\x01\x65\x48\x7c\xde\x8f\x01\x2d\x66\x4d\x27\
\xd1\x96\xee\x35\xc0\x5c\xf2\x73\xc0\x8b\x67\x91\xdf\xf0\xf7\x13\
\x75\xc9\xde\xb3\xe2\xfa\xa5\xfb\x0d\x30\x77\xfa\xd7\xc5\x73\x88\
\x5e\x59\xc1\x20\x1f\xac\xfa\xe5\x26\x4f\xc3\xa7\x97\xee\xf5\x58\
\x9a\x26\x6e\x96\xf7\xf5\x63\xa5\xfb\x3e\xd2\xbd\xfd\xf3\xd2\xfd\
\x06\x98\x3b\x5d\x1b\x4f\x28\x3d\xc0\x47\xa9\x26\x5e\x5e\xba\xd7\
\x63\xe9\xdf\xf0\xb7\x24\x27\xff\x3e\xfc\x2f\xdb\xb9\x33\x4e\x2d\
\xdd\x73\x80\xb9\x92\x03\xf4\xbc\xd2\x03\x7c\xa4\x90\xb8\x7c\x59\
\x3e\x22\xb6\x7e\x76\x9c\x92\xe1\xff\xf1\xd2\x3d\x1f\xf1\xde\x3e\
\xab\x74\xcf\x01\xe6\x4a\x0e\xce\x8d\xd2\xc3\x7b\xc4\x5a\x8a\xd7\
\xfe\xa7\xd3\xb8\xf9\x52\x85\x7f\x5e\xeb\x39\x2b\x71\xed\xd2\x7d\
\x07\x98\x1b\x19\xfe\x7f\x58\x7a\x78\x8f\x58\x17\x74\x5d\x5c\xa7\
\x74\xcf\x87\xd6\x87\x7f\xff\x35\xc7\x15\xf4\x7b\xac\xba\x74\x6d\
\x2d\x7e\xae\x74\xdf\x01\xe6\x46\x0e\xce\xe7\x54\x30\xbc\xc7\xaa\
\x6f\x35\x4d\xdc\xbe\x74\xcf\x87\xd6\xbf\x06\xbe\x64\xe1\x7f\xe5\
\x74\x12\x67\x97\xee\x3b\xc0\x9c\x88\xa3\x73\x70\x9e\x5f\xc1\xf0\
\x1e\xab\x2e\xed\x9a\xb8\x4f\xe9\xae\x0f\xad\x0f\xff\x69\x13\x9f\
\xac\xa0\xdf\xa3\x55\x5e\xef\x13\x4b\xf7\x1d\x60\x4e\x64\xf8\x37\
\xf1\xfc\xd2\x83\x7b\xc4\xfa\xfe\x74\x1a\x0f\x29\xdd\xf5\xa1\x75\
\x5d\xdc\x22\xaf\xf5\x53\x15\xf4\x7b\xcc\x3a\xb7\x74\xdf\x01\xe6\
\xc4\xf2\x85\x7f\x5e\xef\xc3\x4a\x77\x7d\x68\x4b\x7a\xf2\x7f\x72\
\xe9\xbe\x03\xcc\x85\xfe\x6b\x6f\xfb\x5f\xbf\x2b\x3d\xb8\x85\xff\
\x6c\xf5\x27\x7f\xe1\x0f\xc0\x7e\xad\xac\xc4\xd5\x73\x68\xbe\xb8\
\xf4\xe0\x16\xfe\xb3\xb5\x8c\x8f\xfd\x85\x3f\xc0\x16\xf5\xe1\x9f\
\x61\xf8\x92\xd2\x83\x5b\xf8\xcf\x96\xf0\x07\xe0\x80\x32\x24\xae\
\x31\x6d\xe3\x15\xa5\x07\xb7\xf0\x9f\xad\xcd\xf0\x6f\xe2\xd3\x15\
\xf4\x5b\xf8\x03\xd4\x26\x4f\xfe\xc7\x66\xf8\xbf\xaa\xf4\xe0\x16\
\xfe\xb3\xd5\x34\x71\x4b\xe1\x0f\xc0\x7e\xed\x0b\xff\xd7\x94\x1e\
\xdc\xc2\x7f\xb6\x84\x3f\x00\x07\xd4\x7f\x1f\x7a\x86\xff\x1b\x4a\
\x0f\x6e\xe1\x3f\x5b\xc2\x1f\x80\x03\xea\xbf\xe7\x3e\xc3\xff\x8d\
\xa5\x07\xb7\xf0\x9f\xad\x3e\xfc\xf3\xbe\x7e\xa6\x82\x7e\x0b\x7f\
\x80\xda\xec\xd8\x11\xd7\xcd\x30\x7c\x73\xe9\xc1\x2d\xfc\x67\x6b\
\x7d\x35\x6e\x25\xfc\x01\xd8\xaf\x3d\x7b\xe2\xb8\x0c\xc3\xb7\x94\
\x1e\xdc\xc2\x7f\xb6\x84\x3f\x00\x07\xd4\x75\x71\x7c\x86\xe1\x3b\
\x4b\x0f\x6e\xe1\x3f\x5b\xeb\x3b\xe3\xb4\xbc\xce\xcf\x57\xd0\x6f\
\xe1\x0f\x50\x9b\xd5\xd5\x38\x21\x43\xe2\x5d\xa5\x07\xb7\xf0\x9f\
\xad\x3e\xfc\xf3\xe4\xff\x85\x0a\xfa\x2d\xfc\x01\x6a\xb3\x7b\x77\
\x9c\x98\x21\xf1\x9e\xd2\x83\x5b\xf8\xcf\x96\xf0\x07\xe0\x80\x76\
\xed\x8a\x93\x32\x24\x3e\x58\x7a\x70\x0b\xff\xd9\x9a\x4e\xe3\x76\
\xc2\x1f\x80\xfd\x6a\xdb\x38\x39\x07\xe7\x05\xa5\x07\xb7\xf0\x9f\
\xad\x3e\xfc\xf3\x5a\xbf\x58\x41\xbf\x85\x3f\x40\x6d\xf6\xac\xc6\
\x4d\xf2\x84\xf8\xa1\xd2\x83\x5b\xf8\xcf\x96\xf0\x07\xe0\x80\xf6\
\xfd\x00\xcc\x27\x4a\x0f\x6e\xe1\x3f\x5b\x4d\x13\xb7\x17\xfe\x00\
\xec\xd7\xe6\xd7\xc0\x2e\xd7\x4f\xbf\x0a\xff\x05\x2d\xe1\x0f\xb0\
\x45\xfd\x97\xc1\x2c\xd9\x77\xc0\x0b\xff\x05\x2d\xe1\x0f\xb0\x45\
\x4b\xf8\xae\xf0\xa5\x08\xff\xae\x8b\xd3\x33\x0c\xbf\x54\x41\xbf\
\x85\x3f\x40\x6d\xfa\x90\x58\x5b\xae\x13\xa2\xf0\x5f\xd0\x12\xfe\
\x00\x5b\xd4\xb6\x71\x87\x25\x0b\x09\xe1\xbf\xa0\x25\xfc\x01\xb6\
\x68\x3a\x8d\x33\x73\x68\x7e\xad\xf4\xe0\x16\xfe\xb3\xb5\x19\xfe\
\x6d\x7c\xb9\x82\x7e\x0b\x7f\x80\xda\x74\x3b\xe3\xae\x19\x12\x5f\
\x2f\x3d\xb8\x85\xff\x6c\x6d\x3e\xd1\x11\xfe\x00\xec\x4f\x9e\xfc\
\xef\x96\x61\xf8\x8d\xd2\x83\x5b\xf8\xcf\x96\xf0\x07\xe0\x80\x32\
\x24\xee\x95\x21\xf1\x9d\xd2\x83\x5b\xf8\xcf\x56\xde\xd7\x3b\x2f\
\xd9\xcb\x39\xc2\x1f\x60\xab\xf2\xe4\xff\x0b\x39\x38\x2f\x2a\x3d\
\xb8\x85\xff\x6c\xad\x4f\xe2\x0c\xe1\x0f\xc0\x7e\x75\x4d\xdc\x27\
\x87\xe6\xc5\xa5\x07\xb7\xf0\x9f\x2d\xe1\x0f\xc0\x01\xe5\xc9\xff\
\x81\xd3\x36\xbe\x57\x7a\x70\x0b\xff\xd9\x5a\xc2\x4f\x71\x08\x7f\
\x80\xad\x5a\x9b\xc4\x83\x72\x70\x5e\x5a\x7a\x70\x0b\xff\xd9\xda\
\x0c\xff\xe5\xfa\x14\x87\xf0\x07\xd8\xaa\xae\x89\x07\xe7\xd0\xbc\
\xac\xf4\xe0\x16\xfe\xb3\x25\xfc\x01\x38\xa0\x0c\xc2\x47\xe4\xd0\
\xbc\xbc\xf4\xe0\x1e\x33\xfc\x33\x18\x1f\x52\xba\xef\x43\xeb\xbf\
\xbf\x61\xc9\x3e\xc2\xd9\xd7\xb9\xa5\xfb\x0e\x30\x17\xd6\x26\x71\
\x7f\x27\xff\xc5\xb3\xbe\x33\x4e\xcb\xeb\xbc\xb0\x82\x7e\x8f\x56\
\x4e\xfe\x00\x5b\xd4\x34\x71\x97\x1c\x9c\x97\x94\x1e\xdc\x63\x86\
\xff\x32\x9c\xfc\x27\x93\xb8\x71\x86\xe1\xe7\x2a\xe8\xf7\x98\xe5\
\xe4\x0f\xb0\x15\x7b\xf6\xc4\x71\x39\x34\x3f\x5a\xc1\xe0\x1e\x2d\
\xfc\x97\xe1\xe4\x7f\xd4\x51\x71\x74\x86\xff\x6b\x2b\xe8\xf7\x68\
\xe5\xe4\x0f\xb0\x0d\x39\x34\x5f\x50\x7a\x70\x8f\x19\xfe\xcb\x70\
\xf2\xef\x75\x6d\xec\xae\xa0\xdf\x63\x96\x93\x3f\xc0\x56\xb5\x6d\
\xdc\x23\x17\x80\x2b\x2a\x18\xde\xc2\x7f\x86\xf6\x3d\xfa\xff\x66\
\x05\x3d\x17\xfe\x00\x35\x9a\xb6\xf1\xc6\x0a\x86\xf7\x28\xe1\xbf\
\x1c\x8f\xfd\x7f\x28\xef\xeb\x73\x2b\xe8\xf9\x28\xe5\xb1\x3f\xc0\
\x36\x6d\xfe\xba\x5f\x05\x03\x7c\x8c\xf0\x5f\x96\x93\x7f\x6f\x75\
\x35\x4e\x58\x5b\x9e\xdf\x6e\x70\xf2\x07\xd8\xae\x25\x79\xed\x7f\
\xa9\x4e\xfe\xbd\x65\x79\xed\xdf\xc9\x1f\xe0\x30\xac\xac\xc4\xb1\
\x4b\xf0\xc5\x30\x4b\x75\xf2\xbf\x4a\xde\xd7\xb7\x57\xd0\xfb\xa1\
\xcb\xc9\x1f\xe0\x70\xec\xfb\x89\xdf\xd2\x43\x7c\xd0\xf0\x5f\xb6\
\x93\x7f\xaf\xeb\xe2\xf8\xbc\xf6\x1f\x54\xd0\xff\xc1\xca\xc9\x1f\
\xe0\x08\xe4\x10\x7d\x6a\xe9\x41\x3e\x64\xf8\x2f\xe3\xc9\xbf\xd7\
\x5f\x77\x05\xfd\x1f\xb2\x9c\xfc\x01\x8e\x44\x9e\x8e\x5f\x5e\xc1\
\x30\x1f\x24\xfc\x97\xf1\xe4\x7f\x95\xbc\xfe\xa7\x54\x70\x0f\x06\
\x29\x27\x7f\x80\x19\xc8\x90\xfc\x40\xe9\x81\x3e\x44\xf8\x2f\xeb\
\xc9\xff\x2a\xd9\x83\xbf\xad\xe0\x3e\x0c\x51\x4e\xfe\x00\xb3\x30\
\x6d\xe3\xcb\x15\x0c\xf5\x99\x86\xff\x32\x9f\xfc\xaf\x92\xa7\xe4\
\xd7\x57\x70\x2f\x66\x5a\x4e\xfe\x00\x33\x94\x43\xf5\xe2\xd2\x83\
\x5d\xf8\xcf\x5e\x2e\x76\x6f\xab\xe0\x7e\x08\x7f\x80\x5a\x2d\xd0\
\x02\x20\xfc\x7f\xc4\x22\x2d\x00\xc2\x1f\x60\x00\x0b\xf2\x12\x80\
\xf0\xff\x09\x8b\xf2\x12\x80\xf0\x07\x18\x48\x2e\x00\xef\x2f\x3d\
\xe4\x8f\x34\xfc\x97\xfd\x0d\x7f\xfb\x93\xc1\xf9\xe2\x0a\xee\xcd\
\x91\x96\x37\xfc\x01\x0c\x65\xce\x3f\x06\xe8\xe4\x7f\x00\x6b\x73\
\xfe\x31\x40\x27\x7f\x80\x81\xcd\xf1\x17\x01\x39\xf9\x1f\xc4\x9c\
\x7f\x11\x90\x93\x3f\xc0\xd0\xba\x49\xdc\xbb\x82\x81\xbf\xed\xf0\
\x77\xf2\x3f\xb8\x79\xfd\x2a\x60\x27\x7f\x80\x91\xcc\xe1\x8f\x01\
\x39\xf9\x6f\xd1\x1c\x7e\x12\xc0\xc9\x1f\x60\x4c\x73\xf4\x73\xc0\
\x4e\xfe\xdb\x90\xf7\x75\x57\x05\xf7\x6c\x4b\xe5\xe4\x0f\x50\x40\
\xb7\x33\xee\x5a\x3a\x00\xb6\x12\xfe\x4e\xfe\xdb\xb3\xba\x1a\x27\
\x4c\xdb\xf8\x4e\x05\xf7\xee\x50\xe5\xe4\x0f\x50\x4a\x06\xc5\x1b\
\x2a\x08\x82\x03\x86\xbf\x93\xff\xe1\xc9\x93\xf5\x1f\x57\x70\xff\
\x0e\x58\x4e\xfe\x00\x85\x75\x4d\xdc\x3d\x87\xf1\x15\xa5\x03\x61\
\x7f\xe1\xef\xe4\x7f\xf8\xba\x2e\x6e\x54\xf1\x7b\x3c\x9c\xfc\x01\
\x6a\x90\x03\xf9\x2f\x2a\x08\x05\xe1\x3f\x63\xd9\xc7\xf5\x0a\xee\
\xa5\xf0\x07\xa8\xd5\x9e\x3d\x71\xdc\xb4\x89\x8f\x54\x10\x0e\x9b\
\xe1\xef\xb1\xff\xac\xc4\xd1\xd3\x36\x5e\x53\xc1\x3d\xdd\x2c\x8f\
\xfd\x01\x2a\x94\x27\xee\x33\x73\x48\x5f\x52\x3a\xfc\x9d\xfc\x67\
\xab\x7f\x29\x20\x97\x80\xcf\x94\x0e\xff\x35\x27\x7f\x80\x7a\x75\
\x4d\xdc\x2f\x4f\x69\x97\x95\x0a\x7f\x27\xff\x61\xb4\x6d\xdc\x36\
\x7b\x7b\xa1\x93\x3f\x00\x07\x94\x4b\xc0\xc3\x73\x68\x5f\x3a\x72\
\x48\x5c\x92\x27\xff\x07\x96\xbe\xf6\x45\xd6\x3f\xe1\x19\xfb\x17\
\x20\xfb\x37\x97\x76\x6d\x3c\xae\xf4\xb5\x03\xb0\x45\x6b\x93\xf8\
\xc5\x1c\xe0\x5f\x1d\x29\x28\xbe\x98\x27\xd4\x7b\x94\xbe\xe6\x65\
\xd0\x75\x71\x9b\xb5\x26\x3e\x3c\x52\xf8\x7f\x37\xef\xeb\x23\x4b\
\x5f\x33\x00\xdb\xb4\x7e\x76\x9c\x92\x61\xf1\x96\x81\x43\xe2\xf5\
\xbb\x76\xc5\x49\xa5\xaf\x75\x99\xec\xd8\x11\xd7\xcd\xde\xbf\x68\
\xe0\x05\xe0\x82\xf5\x49\xdc\xb1\xf4\xb5\x02\x70\xd8\xe2\xe8\x3c\
\xc5\x4d\x32\xa8\xbf\x32\xeb\x53\xff\x74\x1a\x8f\x2e\x7d\x75\xcb\
\x2c\xef\xeb\x03\x66\xfd\xc9\x8f\xfc\xe7\x5d\x9c\x7f\x9e\xdb\x75\
\x71\x8d\xd2\xd7\x07\xc0\x0c\xec\x3b\x35\x9e\x93\x03\xfe\x73\x47\
\x18\x12\x9f\xca\xfa\xed\x73\x56\xe2\xda\xa5\xaf\x89\xa3\x8e\xda\
\xd8\x88\x63\xf2\x9e\x9e\x35\x6d\xe3\xfd\x47\x18\xfc\x5f\xcb\x7a\
\x7a\xff\x89\x83\xd2\xd7\x04\xc0\x00\x32\x30\xae\x96\x27\xc7\xfb\
\xae\x35\xf1\xfc\x0c\x8d\x0f\x6d\x21\x1c\xae\xec\x1f\x07\xe7\xff\
\xf7\x4f\xfb\x9f\x1f\xee\x9f\x28\x94\xbe\x06\xf6\x6f\x7d\x12\x67\
\x64\x88\x3f\x2b\xeb\xdd\x6b\x5b\xf8\x39\xe1\xfe\xa3\x85\x59\x2f\
\xcc\x7f\x1f\x1e\xea\xc4\x0f\xb0\x64\x76\xef\x8e\x13\x33\xd8\xef\
\xd9\x3f\xce\xcf\xea\xfa\xc7\xbf\xfd\x9f\xfd\x9b\xbf\xfa\x37\xf6\
\xf5\x3f\x4a\x53\xfa\xef\xc8\xf6\xf5\x4f\x7c\x9a\x26\xee\x92\x8b\
\xde\x23\xfa\xfb\xd9\xb5\xf1\x84\xfe\x17\x06\xf3\x9e\xee\xe8\x9a\
\xb8\x8f\xf7\x6d\x00\x00\x00\x00\x00\x00\x00\x00\x00\x00\x00\x00\
\x00\x00\x00\x00\x00\x00\x00\x00\x00\x00\x00\x00\x00\x00\x00\x00\
\x00\x00\x00\x00\x00\x00\x00\x00\x00\x00\x00\x00\x00\x00\x00\x00\
\x00\x00\x00\x00\x00\x00\x00\x00\x00\x00\x00\x00\x00\x00\x00\x00\
\x00\x00\x00\x00\x00\x00\x00\x00\x00\x00\x00\x00\x00\x00\x00\x00\
\x00\x00\x00\x00\x00\x00\x00\x00\x00\x00\x00\x00\x00\x00\x00\x00\
\x00\x00\x00\x00\x00\x00\x00\x00\x00\x00\x00\x00\x00\x00\x00\x00\
\x00\x00\x00\x00\x00\x00\x00\x00\x00\x00\x00\x00\x00\x00\x00\x00\
\x00\x00\x00\x00\x00\x00\x00\x00\x00\x00\x00\x00\x00\x00\x00\x00\
\x00\x00\x00\x00\x00\x00\x00\x00\x00\x00\x00\x00\x00\x00\x00\x00\
\x00\x00\x00\x00\x00\x00\x00\x00\x00\x00\x00\x00\x00\x00\x00\x00\
\x00\x00\x00\x00\x00\x00\x00\x00\x00\x00\x00\x00\x00\x00\x00\x00\
\x00\x00\x00\x00\x00\x00\x00\x00\x00\x00\x00\x00\x00\x00\x00\x00\
\x00\x00\x00\x00\x00\x00\x00\x00\x00\x00\x00\x00\x00\x00\x00\x00\
\x00\x00\x00\x00\x00\x00\x00\x00\x00\x00\x00\x00\x00\x00\x00\x00\
\x00\x00\x00\x00\x00\x00\x00\x00\x00\x00\x00\x00\x00\x00\x00\x00\
\x00\x00\x00\x00\x00\x00\x00\x00\x00\x00\x00\x00\x00\x00\x00\x00\
\x00\x00\x00\x00\x00\x00\x00\x00\x00\x00\x00\x00\x00\x00\x00\x00\
\x00\x00\x00\x00\x00\x00\x00\x00\x00\x00\x00\x00\x00\x00\x00\x00\
\x00\x00\x00\x00\x00\x00\x00\x00\x00\x00\x00\x00\x00\x00\x00\x00\
\x00\x00\x00\x00\x00\x00\x00\x00\x00\x00\x00\x00\x00\x00\x00\x00\
\x00\x00\x00\x00\x00\x00\xd4\xee\x7f\x01\xb5\xe5\xeb\x1e\x3f\xd1\
\x07\x38\x00\x00\x00\x00\x49\x45\x4e\x44\xae\x42\x60\x82\
\x00\x00\x23\x29\
\x89\
\x50\x4e\x47\x0d\x0a\x1a\x0a\x00\x00\x00\x0d\x49\x48\x44\x52\x00\
\x00\x02\x00\x00\x00\x02\x00\x08\x06\x00\x00\x00\xf4\x78\xd4\xfa\
\x00\x00\x00\x09\x70\x48\x59\x73\x00\x00\x0b\x13\x00\x00\x0b\x13\
\x01\x00\x9a\x9c\x18\x00\x00\x20\x00\x49\x44\x41\x54\x78\x9c\xed\
\xdd\x0b\x90\xa5\x67\x59\x27\xf0\x49\xc2\x3d\x10\x88\xa2\x8b\xac\
\x62\x14\x11\xc5\xcb\xe2\x7a\x2d\x58\x57\x20\x8a\xe0\x5d\xa1\xbd\
\x6c\x46\x7a\xfa\xfb\xbe\x3e\x93\x19\x9c\xc5\x88\xe2\xad\x96\x11\
\x83\xa5\xe2\xba\x25\x02\xc6\x94\xe8\xaa\x78\x05\x65\xb9\xac\xa2\
\x45\x54\x54\xd8\x95\x15\xa1\x16\x02\xc8\xea\x06\x8c\x22\x20\x48\
\x89\x1b\x20\x81\x64\x9e\x7d\xbf\xce\x80\x81\xdc\xce\xe9\xe9\x73\
\x9e\x73\xbe\xe7\xf7\xab\xfa\xd7\x4c\x41\x92\xee\x7e\xbf\xff\xf7\
\xbc\xef\xe9\x3e\x7d\xce\xa1\x43\x00\x00\x00\x00\x00\x00\x00\x00\
\x00\x00\x00\x00\x00\x00\x00\x00\x00\x00\x00\x00\x00\x00\x00\x00\
\x00\x00\x00\x00\x00\x00\x00\x00\x00\x00\x00\x00\x00\x00\x00\x00\
\x00\x00\x00\x00\x00\x00\x00\x00\x00\x00\x00\x00\x00\x00\x00\x00\
\x00\x00\x00\x00\x00\x00\x00\x00\x00\x00\x00\x00\x00\x00\x00\x00\
\x00\x00\x00\x00\x00\x00\x00\x00\x00\x00\x00\x00\x00\x00\x00\x00\
\x00\x00\x00\x00\x00\x00\x00\x00\x00\x00\x00\x00\x00\x00\x00\x00\
\x00\xb0\x4a\x5b\x5b\x71\xa7\xd9\x2c\xee\x3f\xeb\xe2\xc2\x61\x27\
\x1e\xb7\xdb\xc7\x25\x43\x17\x4f\x6d\x7f\x5e\xb6\xdb\xc5\xe5\xed\
\xef\xbf\x3a\xf4\xf1\x5c\xc9\x4f\xbb\x26\xbf\x39\x5e\x93\xbd\x6b\
\xd3\xc7\x8f\xed\x5d\xa7\x2e\x9e\xd0\xae\xdb\x37\xee\xee\xc6\x17\
\x1e\xdf\x8e\xfb\x64\xf7\x09\x80\x35\xb4\xb3\x13\x1f\x37\x0c\xf1\
\xf5\x6d\xe3\x78\x4a\xdb\x40\x9e\xdf\xfe\xfc\xeb\x96\x1b\xda\xdf\
\x43\xa6\x91\x76\x3d\xaf\x6d\x87\x85\xd7\xb6\x3f\x7f\x71\xef\x70\
\x30\xc4\x97\x76\x5d\xdc\x23\xbb\x7b\x00\xac\xd0\xf6\x76\xdc\xab\
\x6d\x00\x8f\x6d\x1b\xc3\xb3\xdb\x66\xf0\xa6\xec\xcd\x49\xd2\x0e\
\x05\x37\xb4\xeb\xff\xaa\xf6\xf7\x1f\xd9\xdd\x89\x2f\x9b\xcd\xe2\
\x8e\xd9\xdd\x04\xe0\x80\x5d\x7c\x71\x7c\x7c\x1b\xf6\xc7\x5b\xfe\
\xa8\x0d\xfe\x0f\x66\x6f\x3e\xb2\x96\xf9\xe7\x96\xe7\xf7\x7d\x7c\
\xcb\x25\x5b\x71\xd7\xec\xce\x02\xb0\x4f\x7b\x3f\xc7\xef\x63\x6b\
\xe8\xe3\xf7\xdb\x60\xbf\x7e\x0d\x36\x18\xd9\x90\xb4\xce\xbc\xa7\
\x1d\x16\x7f\x61\xd6\xc5\xc3\x4f\x9e\x8c\xb3\xb3\xbb\x0c\xc0\x1c\
\xba\x2e\xee\xdb\x1e\xe5\xff\x68\xcb\x3b\xb2\x37\x12\xd9\xfc\xec\
\x3d\x27\x64\x88\xc7\x1f\x3e\x1c\xe7\x66\x77\x1b\x80\x5b\xd0\xf7\
\xf1\x99\x7b\x4f\xf2\xea\xe3\xba\xec\x4d\x43\xa6\x97\xa1\x8f\x77\
\x8d\xbf\x61\xe0\xb7\x0a\x00\xd6\xc4\xd1\xed\xb8\xe0\xf4\xaf\x81\
\xf9\x36\xbf\xac\x22\xd7\xb5\x83\xc0\xd3\xc7\x27\x93\x66\x77\x1f\
\xa0\xa4\xf6\x88\xff\x63\xda\x20\x7e\x86\x27\xf5\x49\x46\xc6\xef\
\x08\xb4\x3f\x2f\x39\x71\x22\xee\x9c\x7d\x2f\x00\x94\x30\x3e\x29\
\x6b\xfc\x99\x6c\x7b\xd4\xff\x8f\xd9\x9b\x80\x48\xeb\xe1\x55\xad\
\x8f\x5f\x93\x7d\x5f\x00\x4c\xda\xd1\x23\xf1\x80\xf6\xc8\xeb\x65\
\xe9\x43\x5f\xe4\xa3\x32\xbe\x2a\xe1\xf8\xa2\x52\xd9\xf7\x08\xc0\
\xa4\x6c\x6d\xc5\x39\x6d\xc8\x7e\xff\xae\x27\xf8\xc9\x7a\xe7\x1f\
\x76\xbb\xf8\xd6\xec\xfb\x05\x60\x12\x66\xb3\xb8\x9f\x47\xfd\xb2\
\x61\xf9\x95\xe3\xc7\xe3\xee\xd9\xf7\x0e\xc0\xc6\xea\xfb\xf8\xaa\
\xa1\x8b\x77\xaf\xc1\x40\x17\x59\x2c\x5d\xbc\xe1\xe8\x4e\x3c\x28\
\xfb\x1e\x02\xd8\x30\x71\x56\x1b\xa2\x4f\xf6\xa6\x3c\xb2\xe1\xb9\
\xa6\x75\xf8\xa2\xec\xbb\x09\x60\x23\x9c\x3c\x19\x77\x18\xfa\xf8\
\xf9\x35\x18\xde\x22\x07\x92\xf1\x75\x03\xc6\x43\x6d\xf6\xbd\x05\
\xb0\xb6\xc6\x97\x5b\x6d\x9b\xff\xef\x66\x0f\x6c\x91\x25\xe4\x97\
\xbc\xe3\x20\xc0\x2d\x38\x76\x2c\xce\x6f\x8f\x94\x5e\xb1\x06\x83\
\x5a\x64\x29\x69\x87\xdb\x2b\x4e\x5c\x14\xe7\x65\xdf\x6b\x00\x6b\
\x63\x7c\xa6\xff\xf8\xa4\xa9\xec\x01\x2d\xb2\xec\xb4\x43\xc0\x9f\
\x39\x04\x00\x1c\xba\xf1\xdd\xfb\xc6\x57\x53\xcb\x1e\xcc\x22\xab\
\x4a\x3b\x04\xfc\xa9\x77\x17\x04\x4a\x6b\x8f\xfc\xef\xd9\x36\xff\
\xd7\x64\x0f\x64\x91\x55\x67\xfc\x71\xc0\x25\x5b\x71\xd7\xec\x7b\
\x10\x60\xe5\xc6\xe1\xd7\x36\xff\x3f\xc9\x1e\xc4\x22\x69\xe9\xe2\
\x77\x3c\x31\x10\x28\x65\xef\xa5\x7d\xbb\xf8\xed\xf4\x01\x2c\x92\
\x9f\x67\x67\xdf\x8f\x00\x2b\x33\x0e\xbd\x35\x18\xbc\x22\xeb\x91\
\x2e\x8e\x67\xdf\x93\x00\x4b\x37\x74\x71\x22\x7d\xe0\x8a\xac\x51\
\xda\x3d\xf1\xc1\x59\x17\x17\x66\xdf\x9b\x00\x4b\xd3\xf7\xf1\xd0\
\x36\xec\x3e\x90\x3d\x70\x45\xd6\x2e\x5d\xfc\xe3\xd1\xed\xb8\x20\
\xfb\x1e\x05\x38\x70\xdb\xdb\x71\xaf\xb6\xf9\xff\x4d\xfa\xa0\x15\
\x59\xd7\x74\xf1\xf2\xf1\xf9\x31\xd9\xf7\x2a\xc0\x81\x6a\xc3\xed\
\x37\xd2\x07\xac\xc8\xfa\xe7\xfb\xb3\xef\x55\x80\x03\x33\xeb\x63\
\x7b\x0d\x06\xab\xc8\xda\x67\xfc\x11\xd9\x30\xc4\xe7\x67\xdf\xb3\
\x00\x67\xec\xf8\x76\xdc\xa7\x0d\xb5\x77\x67\x0f\x56\x91\x4d\x49\
\xbb\x5f\xde\x78\xe2\x44\xdc\x39\xfb\xde\x05\x38\x23\xbb\x5d\x3c\
\x2f\x7b\xa0\x8a\x6c\x60\x7e\x30\xfb\xde\x05\xd8\xb7\xdd\x9d\x78\
\xf4\x1a\x0c\x52\x91\x8d\xcb\xd0\xc5\x7b\xc7\x37\xc9\xca\xbe\x87\
\x01\x16\x76\xf2\x64\xdc\xa1\x3d\xfa\xbf\x32\x7b\x90\x8a\x6c\x6a\
\x86\x3e\x9e\x9b\x7d\x1f\x03\x2c\x6c\xd6\xc7\x7f\xcc\x1e\xa0\x22\
\x9b\x1e\x2f\x10\x04\x6c\x94\xf1\xad\x4e\x87\x2e\xde\x91\x3d\x3c\
\x45\x36\x3d\x43\x1f\x7f\x96\x7d\x3f\x03\xcc\xad\x6d\xfe\x3f\x90\
\x3d\x38\x45\xa6\x92\x61\x88\xaf\xcc\xbe\xa7\x01\x6e\xd7\x89\x8b\
\xe2\xbc\xf1\x65\x4d\xb3\x87\xa6\xc8\x54\xd2\x0e\xd4\xaf\xc8\xbe\
\xaf\x01\x6e\x57\x1b\x56\xdf\x95\x3d\x30\x45\xa6\x16\xcf\x05\x00\
\xd6\xda\xde\x33\xff\xfb\x78\x4b\xf6\xb0\x14\x99\x5a\x86\x3e\x5e\
\x9a\x7d\x7f\x03\xdc\xaa\x61\x27\xbe\x39\x7b\x50\x8a\x4c\x34\xa7\
\xfa\x3e\x3e\x2d\xfb\x1e\x07\xb8\x45\xed\x51\xca\x15\x6b\x30\x28\
\x45\xa6\x9a\x1f\xcb\xbe\xc7\x01\x6e\x66\x67\x27\x3e\x75\xe8\xe2\
\x86\x35\x18\x92\x22\x93\x4c\xbb\xbf\xde\xe9\x3d\x02\x80\xb5\xd3\
\x06\xd4\xa5\xd9\x03\x52\x64\xea\x19\x7f\xcc\x96\x7d\xaf\x03\x7c\
\x84\xa1\x8f\xff\x93\x3d\x1c\x97\x32\x70\xfb\x78\x5b\x7b\xe4\xf5\
\xab\xb3\x3e\x8e\xcd\xba\x78\xf8\x30\xc4\x27\x1e\x3b\x16\xe7\x67\
\xaf\x37\x37\x9a\xcd\xe2\x6e\x47\x8e\xc4\x27\xb5\xeb\xf2\xe0\x96\
\xaf\x6f\xd7\xea\xc7\xc7\x5f\x9b\x1b\xdf\x56\x37\xbb\x3b\x4b\xea\
\xe3\x0b\xb3\xd7\x1c\xe0\xc3\xba\x2e\x3e\x2f\x7b\x30\x1e\xe8\x90\
\xed\xe2\xda\x96\x5f\xec\xfb\x78\xd8\xc9\x93\x71\x76\xf6\xfa\xb2\
\xb8\xd3\xaf\x47\x71\xbc\x5d\xcf\xd7\x65\xf7\xe9\x80\xf3\xfe\xe3\
\xc7\xe3\xee\xd9\xeb\x0b\xb0\xa7\x6d\x96\x4f\x5d\x83\xc1\x78\x10\
\x1b\xff\x07\x5b\x9e\x71\xf4\x71\xf1\xaf\xb3\xd7\x94\x83\x33\x7e\
\xe7\xa6\x1d\x06\x5e\x93\xdd\xaf\x83\xca\xac\x8f\xad\xec\x35\x05\
\xd8\x33\xf4\xf1\x17\xd9\x43\xf1\x00\x36\xff\xff\x75\x74\x27\xfe\
\x4d\xf6\x5a\xb2\x1c\x5b\x5b\x71\xce\xf8\x06\x55\xed\x3a\xff\x53\
\x76\xd7\xce\xb8\xab\x7d\xfc\x7a\xf6\x7a\x02\x1c\x3a\xbe\x1d\xf7\
\x69\x43\xe9\x54\xf6\x50\x3c\xc3\xcd\xff\xbf\xb4\x0d\xe2\x4e\xd9\
\x6b\xc9\xf2\xed\xfd\xb6\x4a\x1f\xaf\xcf\xee\xdc\x19\x1e\x00\xde\
\xe3\xb7\x01\x80\x74\x7d\x1f\x87\xb3\x07\xe2\x19\xe4\xfa\x96\xa3\
\xd9\x6b\xc8\x6a\xcd\x66\x71\xcf\x76\xe8\x7b\xc9\x1a\xf4\x6f\xdf\
\x99\x75\xf1\xd5\xd9\xeb\x08\x14\xd7\x86\xd1\x65\xd9\xc3\x70\x3f\
\x19\x5f\xb3\xa0\xe5\xa2\xec\xf5\x23\xc7\xde\xcb\x56\x77\xf1\xe2\
\xec\x1e\xee\xbb\xbf\x7d\xfc\x7c\xf6\x1a\x02\xc5\xb5\x41\xf4\xda\
\xec\x61\xb8\xaf\x74\xf1\x84\xec\xb5\x23\xd7\xe1\xc3\x71\x6e\xeb\
\xef\x9f\xa7\x77\x71\x3f\x07\x80\x2e\xde\x39\x1e\x62\xb2\xd7\x10\
\x28\xaa\xeb\xe2\x1e\x1b\xf9\xea\x7f\x5d\x3c\x27\x7b\xed\x58\x0f\
\xe3\x73\x58\xda\x21\xe0\xef\xd2\x3b\xb9\x8f\x8c\xbf\xdd\x90\xbd\
\x7e\x40\x51\xbb\xbb\xf1\x90\xec\x21\xb8\x8f\xcd\xff\x2a\xbf\x47\
\xcd\x4d\xb5\x8d\xf4\x1b\xd2\x7b\xb9\xbf\xfc\x74\xf6\xda\x01\x45\
\x8d\xaf\x8e\xb7\x06\x43\x70\xa1\xf4\x7d\x7c\x6d\xf6\xba\xb1\x7e\
\x5a\x37\x9e\x9f\xdd\xcd\x45\x33\x7e\xe7\xe2\xd0\xa1\x38\x2b\x7b\
\xed\x80\x82\xda\xa3\xe9\x67\x66\x0f\xc1\x05\x07\xe6\x15\xd9\x6b\
\xc6\x7a\x1a\x5f\x4e\xb8\x75\xe4\xba\xec\x8e\x2e\x9a\xd9\x4e\x7c\
\x71\xf6\xda\x01\x05\x6d\xda\xaf\x52\x8d\x2f\xed\x9b\xbd\x66\xac\
\xaf\xd6\x91\x5f\xc9\xee\xe8\x3e\xe2\x2d\x82\x81\xd5\x6b\x07\x80\
\x37\xae\xc1\x00\x9c\x2b\xe3\x8b\xbf\x64\xaf\x17\xeb\x6d\x7c\x34\
\x9d\xdd\xd3\x85\xd3\xc5\x5f\x65\xaf\x1b\x50\x4e\x9c\xd5\x36\xd5\
\xf7\xa5\x0f\xc0\xf9\xf3\xa4\xec\x15\x63\xfd\xb5\x0d\xf5\x55\x6b\
\xd0\xd5\x85\xd2\x75\xf1\xd9\xd9\xeb\x06\x14\xb2\xbd\x1d\xf7\xca\
\x1e\x7c\x8b\x64\x18\xe2\xd3\xb3\xd7\x8c\xf5\x37\x74\xf1\x3d\xd9\
\x5d\xdd\x47\x9e\x9c\xbd\x6e\x40\x21\xb3\x59\xdc\x7f\x0d\x06\xdf\
\xbc\x79\x6b\xf6\x7a\xb1\x19\x8e\x6e\xc7\x05\xbb\x9b\xf6\xde\x16\
\x5d\xbc\x26\x7b\xdd\x80\x42\xfa\x3e\xbe\x28\x7d\xf0\xcd\x99\xa1\
\x8f\xff\x96\xbd\x5e\x6c\x8e\x4d\xfc\x31\xc0\x78\x20\xcf\x5e\x37\
\xa0\x88\x59\x17\x17\x66\x0f\xbd\x05\xe2\x99\xd2\xcc\x6d\xd6\xc7\
\xf7\xad\x41\x67\x17\x4b\x17\xdf\x9d\xbd\x6e\x40\x11\xbb\x3b\xf1\
\xe8\xf4\xa1\x37\x67\x86\x21\x1e\x9f\xbd\x5e\x6c\x8e\xbe\x8f\x4f\
\xcb\xee\xec\xc2\x1d\xef\xe2\x15\xd9\xeb\x06\x14\xb1\x49\x2f\x9f\
\xda\x1e\xd1\x6d\x67\xaf\x17\x9b\x65\xfc\xb9\x7a\x76\x6f\x17\x3c\
\x00\xdc\xd0\x75\x71\xdf\xec\x75\x03\x0a\x68\x8f\xaa\x1f\x9b\x3d\
\xf4\x16\x38\x00\x6c\x65\xaf\x17\x9b\xa5\xf5\xe6\x07\xb3\x7b\xbb\
\x70\xba\x78\xf9\xd0\xc7\x73\x45\x6e\x96\x2e\x7e\xb5\xf5\xe3\xf2\
\xd6\x93\xcb\xda\xdf\x9f\xda\xfe\xbc\x64\xd8\x89\xc7\xb5\x39\xfe\
\x88\x9d\x9d\xf8\xd4\xd9\x2c\xee\x98\x7d\xcf\xb1\x41\xc6\x4d\x35\
\x7d\xe0\x39\x00\xb0\x24\xed\xd1\xf4\x03\xb3\x7b\x2b\xb2\xc2\x5c\
\xdf\x0e\x06\x7f\xdd\x0e\x09\xbf\xdd\xfe\xfe\x43\xed\xcf\xaf\x6b\
\x07\x83\x8f\xcb\xbe\x0f\x59\x53\x0e\x00\x4c\x5d\x7b\xe4\xf4\xda\
\xec\xee\x8a\x24\xe7\x2f\xdb\xc1\xe0\xe7\xda\x81\xe0\x31\xb3\x59\
\xdc\x33\xfb\x9e\x64\x4d\x38\x00\x30\x75\xad\x3b\x4f\xce\xee\xae\
\xc8\xba\xa4\x1d\x04\x3e\xd8\x0e\xc5\x7f\x38\xbe\x0b\xec\xc5\x17\
\xc7\xc7\x67\xdf\x9f\x24\x72\x00\x60\xea\x8e\xee\xc4\x83\xb2\xbb\
\x2b\xb2\xa6\x19\x7f\x64\xf0\x92\xf1\xb9\x60\x5b\x5b\x71\xa7\xec\
\x7b\x95\x15\x73\x00\xa0\x82\xf6\x88\xe7\xf5\xd9\xfd\x15\x59\xeb\
\x74\xf1\xf6\xf6\xe7\x8f\xcc\x66\xf1\x09\xd9\xf7\x2b\x2b\xe2\x00\
\x40\x05\xed\x51\xce\x53\xb2\xfb\x2b\xb2\x09\x69\xf7\xca\xb5\xed\
\x30\xf0\x0b\xed\x20\xf0\x19\xd9\xf7\x2d\x4b\xe6\x00\x40\x05\xb3\
\x23\xf1\x39\xd9\xfd\x15\xd9\xa4\x8c\xaf\x49\x31\xfe\xea\xe1\xd1\
\x23\xf1\x80\xec\xfb\x97\x25\x71\x00\xa0\x8a\xd6\xa1\xbf\xcc\xee\
\xb0\xc8\xa6\xa5\x1d\x04\x3e\xd0\x0e\x02\x3f\x75\xec\x58\x9c\x9f\
\x7d\x0f\x73\xc0\x1c\x00\xa8\xe2\xf4\x0b\xa7\xa4\xf7\x58\x64\x13\
\xd3\x0e\x01\xef\x6a\xf7\xd0\xc5\x27\x4f\xc6\xd9\xd9\xf7\x32\x07\
\xc4\x01\x80\x2a\x86\x21\x1e\x9c\xdd\x61\x91\x4d\xcf\xf8\x7e\x15\
\xe3\x6f\xd6\x64\xdf\xcf\x1c\x00\x07\x00\x2a\xd9\xed\xe2\xaf\xb2\
\x7b\x2c\xb2\xe9\xd9\x7b\xa2\x60\x1f\x4f\xf2\xdd\x80\x0d\xe7\x00\
\x40\x25\x6d\x70\xfd\x68\x76\x8f\x45\xa6\x92\xf1\x05\x85\x86\x21\
\x3e\x31\xfb\xbe\x66\x9f\x1c\x00\xa8\x64\xd6\xc5\x17\x64\xf7\x58\
\x64\x4a\xd9\x7b\x6e\xc0\x10\x5f\x99\x7d\x6f\xb3\x0f\x0e\x00\xd4\
\x12\x67\xed\x76\x71\x55\x76\x97\x45\x26\x96\xf1\x15\x05\x7f\x60\
\xbc\xbf\xb2\xef\x70\x16\xe0\x00\x40\x35\xad\x4b\x4f\xcb\xee\xb2\
\xc8\x24\xd3\xc5\x73\xbc\x25\xf1\x06\x71\x00\xa0\x9a\xd9\x4e\x7c\
\x71\x76\x97\x45\xa6\x9a\xa1\x8f\x97\x76\x5d\xdc\x23\xfb\x3e\x67\
\x0e\x0e\x00\xd4\x13\x67\xb5\x3e\xbd\x25\xbb\xcf\x22\x93\x4d\x17\
\xaf\x9c\xcd\xe2\xde\xd9\x77\x3a\xb7\xc3\x01\x80\x8a\x5a\x9f\x7e\
\x32\xbb\xcf\x22\x93\x4e\x17\x6f\x68\x87\x80\xfb\x65\xdf\xeb\xdc\
\x06\x07\x00\x2a\xda\xdd\x8d\x87\x64\xf7\x59\x64\xf2\xe9\xe2\x2a\
\xef\x2e\xb8\xc6\x1c\x00\xa8\x69\xef\xc7\x00\x57\x67\x77\x5a\xa4\
\x40\x5e\xe7\x7d\x04\xd6\x94\x03\x00\x55\x0d\x5d\x3c\x3d\xbb\xd3\
\x22\x15\x32\xf4\xf1\x3f\x66\xb3\xb8\x5b\xf6\x3d\xcf\x47\x71\x00\
\xa0\xaa\x61\x88\x2f\xcd\xee\xb4\x48\x95\xb4\x03\xf7\x8b\x4e\x9e\
\x8c\x3b\x64\xdf\xf7\xdc\x84\x03\x00\x55\x8d\xaf\x63\xde\x86\xd2\
\xdf\x67\xf7\x5a\xa4\x50\x2e\xcb\xbe\xef\xb9\x09\x07\x00\x2a\xdb\
\xed\xe2\x99\xd9\xbd\x16\xa9\x94\x36\xc7\xb7\xb3\xef\x7b\x4e\x73\
\x00\xa0\xb2\xbe\x8f\x87\x65\xf7\x5a\xa4\x58\xae\xf1\x76\xc2\x6b\
\xc2\x01\x80\xca\xfc\x18\x40\x24\x21\x5d\x5c\xe9\x49\x81\x6b\xc0\
\x01\x80\xea\x5a\xb7\x2e\xcb\xee\xb6\x48\xb5\x0c\x7d\xfc\x7c\xf6\
\xbd\x5f\x9e\x03\x00\xd5\xf9\x31\x80\x48\x4e\xda\x4c\xff\x0f\xd9\
\xf7\x7f\x69\x0e\x00\x70\xe8\x50\x7b\x34\xf2\xda\xec\x7e\x8b\x54\
\xcb\xd0\xc5\x3b\xbc\x48\x50\x22\x07\x00\xd8\x7b\x51\xa0\x8b\xb3\
\xfb\x2d\x52\x31\xed\xf0\xfd\xac\xec\xfb\xbf\x2c\x07\x00\x38\x74\
\xe8\xf0\xe1\x38\xb7\x1d\x02\xde\x99\xdd\x71\x91\x82\xb9\x7e\xd6\
\xc5\x17\x64\xcf\x80\x92\x1c\x00\xe0\x46\xed\x00\x70\x24\xbb\xe3\
\x22\x25\xd3\xc5\xab\xb6\xb6\xe2\x9c\xec\x19\x50\x8e\x03\x00\x7c\
\x48\x9c\x35\xf4\x71\x45\x76\xcf\x45\x8a\xe6\x68\xf6\x04\x28\xc7\
\x01\x00\xfe\xc5\x6c\x16\xf7\x1f\xba\x78\x77\x76\xd7\x45\x0a\xe6\
\xad\xdb\xdb\x71\x97\xec\x19\x50\x8a\x03\x00\x7c\xa4\xf1\x4d\x82\
\xda\x21\xe0\xda\xec\xbe\x8b\x54\x4b\x9b\xf1\xc7\xb2\xef\xff\x52\
\x1c\x00\xe0\xe6\xda\x21\xe0\xdb\xda\x21\xe0\x86\xec\xce\x8b\x54\
\xca\xd0\xc7\x9b\x67\xb3\xb8\x63\xf6\xfd\x5f\x86\x03\x00\xdc\xb2\
\xbe\x8f\x6f\x6a\xbd\xbb\x26\xbb\xf7\x22\x95\xe2\xcd\x82\x56\xc8\
\x01\x00\x6e\x5d\x3b\x04\x7c\xee\xd0\xc5\xdf\x64\x77\x5f\xa4\x4c\
\xba\xf8\x2b\xbf\x11\xb0\x22\x0e\x00\x70\xdb\x1e\xff\xed\xf1\xb1\
\x6d\x28\x5d\xee\x47\x02\x22\x2b\x4a\x17\x8f\xc9\xbe\xef\x4b\x70\
\x00\x80\xf9\xf4\x7d\x7c\xd1\xd0\xc7\x9f\x66\xdf\x07\x22\x53\x4f\
\xbb\xcf\x7e\x3f\xfb\x7e\x2f\xc1\x01\x00\x16\x33\x0c\xf1\xe0\xd3\
\xdf\x11\xf8\x7f\xd9\xf7\x84\xc8\x14\x33\x7e\xb7\xed\xe8\x76\x5c\
\x90\x7d\xaf\x4f\x9e\x03\x00\xec\xcf\xd6\x56\xdc\xa9\xef\xe3\xa1\
\xad\x97\xdf\xd7\x0e\x04\x2f\x68\x1d\x7d\x75\xcb\xd5\x6d\x78\xbd\
\x37\xfb\x5e\x11\xd9\xf4\xb4\xfb\xe8\x64\xf6\x3d\x3e\x79\x0e\x00\
\x00\x9b\x61\x7c\xe7\xbc\x23\x47\xe2\x93\x86\x21\x1e\xd1\x0e\x9d\
\xc7\x5b\x7e\xad\xe5\xed\xd9\xb3\x79\x29\xe9\xe2\x0d\xd9\xeb\x3d\
\x79\x0e\x00\x00\x9b\xeb\xe4\xc9\x38\x7b\xd6\xc5\xc3\xdb\x8c\xfc\
\xa5\x96\xeb\xb2\xe7\xf4\x41\x66\xfc\x2d\x9c\xec\xf5\x9d\x34\x07\
\x00\x80\x69\xd8\xfb\xee\x40\x17\x3f\xd3\xe6\xe5\xf5\xd9\xf3\xfa\
\x20\xd2\xbe\x96\xa7\x64\xaf\xe9\xa4\x39\x00\x00\x4c\x4b\xd7\xc5\
\xe7\x8d\xef\xb0\x97\x3d\xb3\xcf\x38\x5d\xbc\x32\x7b\x2d\x27\xcd\
\x01\x00\x60\x7a\xc6\x27\xa9\xb6\x47\xd0\x4f\xcf\x9e\xdb\x67\x92\
\xf1\xb7\x01\x76\x76\xe2\xe3\xb2\xd7\x72\xb2\x1c\x00\x00\xa6\x6b\
\x7c\xb2\xe0\x46\xbf\x88\x55\x17\xdf\x9a\xbd\x86\x93\xe5\x00\x00\
\x30\x6d\xc3\x4e\x3c\xae\xcd\xd0\x53\xd9\x33\x7c\x9f\x07\x80\x67\
\x66\xaf\xdf\x64\x39\x00\x00\x4c\x5f\x9b\x9f\x4f\xcc\x9e\xe1\xfb\
\x3c\x00\xbc\x26\x7b\xed\x26\xcb\x01\x00\xa0\x86\xb6\x99\xfe\x46\
\xf6\x1c\xdf\x47\xae\x3f\x7e\x3c\xee\x9e\xbd\x76\x93\xe4\x00\x00\
\x50\xc3\x89\x8b\xe2\xbc\x4d\x7c\x77\xcb\x61\x88\x2f\xc9\x5e\xbb\
\x49\x72\x00\x00\xa8\x63\xd8\x89\x6f\xcc\x9e\xe5\x0b\x1f\x00\xba\
\xd8\xcd\x5e\xb7\x49\x72\x00\x00\xa8\x65\xe8\xe3\x65\xd9\xf3\x7c\
\xc1\x03\xc0\xd3\xb3\xd7\x6c\x92\x1c\x00\x00\x6a\xd9\xdd\x89\x2f\
\xcf\x9e\xe7\x0b\xa5\x8b\x17\x67\xaf\xd9\x24\x39\x00\x00\xd4\xd3\
\x66\xea\xeb\xb2\x67\xfa\x02\x07\x80\x2b\xb3\xd7\x6b\x92\x1c\x00\
\x00\xea\xd9\x7b\x1b\xeb\x35\x98\xeb\x73\xe6\x9a\xec\xf5\x9a\x24\
\x07\x00\x80\x7a\x8e\xee\xc4\x83\xb2\x67\xfa\x22\xe9\xba\xb8\x47\
\xf6\x9a\x4d\x8e\x03\x00\x40\x4d\x6d\xae\xbe\x35\x7b\xae\xcf\x9b\
\xa3\xdb\x71\x41\xf6\x7a\x4d\x8e\x03\x00\x40\x4d\x43\x17\x2f\xca\
\x9e\xeb\xf3\x66\x18\xe2\xf3\xb3\xd7\x6b\x72\x1c\x00\x00\x6a\x1a\
\xfa\xf8\x89\xec\xb9\x3e\x6f\xfa\x3e\x1e\x96\xbd\x5e\x93\xe3\x00\
\x00\x50\xd3\xd0\xc5\x89\xec\xb9\xbe\xc0\xfc\x7f\x54\xf6\x7a\x4d\
\x8e\x03\x00\x40\x4d\xed\x00\x70\x24\x7b\xae\xcf\x9d\x2e\xbe\x2e\
\x7b\xbd\x26\xc7\x01\x00\xa0\xa6\x4d\x9a\xff\xc3\x10\x8f\xcd\x5e\
\xaf\xc9\xd9\xa4\x02\x38\x00\x00\x1c\x1c\xf3\xbf\x38\x05\x00\xa8\
\xc9\xfc\x2f\x4e\x01\x00\x6a\x32\xff\x8b\x53\x00\x80\x9a\xcc\xff\
\xe2\x14\x00\xa0\x26\xf3\xbf\x38\x05\x00\xa8\xc9\xfc\x2f\x4e\x01\
\x00\x6a\x32\xff\x8b\x53\x00\x80\x9a\xcc\xff\xe2\x14\x00\xa0\x26\
\xf3\xbf\x38\x05\x00\xa8\xc9\xfc\x2f\x4e\x01\x00\x6a\x32\xff\x8b\
\x53\x00\x80\x9a\xcc\xff\xe2\x14\x00\xa0\x26\xf3\xbf\x38\x05\x00\
\xa8\xc9\xfc\x2f\x4e\x01\x00\x6a\x32\xff\x8b\x53\x00\x80\x9a\xcc\
\xff\xe2\x14\x00\xa0\x26\xf3\xbf\x38\x05\x00\xa8\xc9\xfc\x2f\x4e\
\x01\x00\x6a\x32\xff\x8b\x53\x00\x80\x9a\xcc\xff\xe2\x14\x00\xa0\
\x26\xf3\xbf\x38\x05\x00\xa8\xc9\xfc\x2f\x4e\x01\x00\x6a\x32\xff\
\x8b\x53\x00\x80\x9a\xcc\xff\xe2\x14\x00\xa0\x26\xf3\xbf\x38\x05\
\x00\xa8\xc9\xfc\x2f\x4e\x01\x00\x6a\x32\xff\x8b\x53\x00\x80\x9a\
\xcc\xff\xe2\x14\x00\xa0\x26\xf3\xbf\x38\x05\x00\xa8\xc9\xfc\x2f\
\x4e\x01\x00\x6a\x32\xff\x8b\x53\x00\x80\x9a\xcc\xff\xe2\x14\x00\
\xa0\x26\xf3\xbf\x38\x05\x00\xa8\xc9\xfc\x2f\x4e\x01\x00\x6a\x32\
\xff\x8b\x53\x00\x80\x9a\xcc\xff\xe2\x14\x00\xa0\x26\xf3\xbf\x38\
\x05\x00\xa8\xc9\xfc\x2f\x4e\x01\x00\x6a\x32\xff\x8b\x53\x00\x80\
\x9a\xcc\xff\xe2\x14\x00\xa0\x26\xf3\xbf\x38\x05\x00\xa8\xc9\xfc\
\x2f\x4e\x01\x60\x7f\x2e\xd9\x8a\xbb\xce\xba\xb8\x70\xe8\xe2\xa9\
\xbb\x5d\xbc\xa0\xfd\xf9\xc6\x96\x77\xb7\x7c\xe0\x74\xc6\xbf\xbf\
\x71\xfc\xff\x5a\x7f\x2f\x1d\xff\xd9\xf1\xdf\xc9\xfe\xbc\xe1\x43\
\xcc\xff\xe2\x14\x00\x16\xd3\xf7\xf1\xd0\xb6\xb1\xff\x62\xeb\xe4\
\x3f\xef\xa3\xc7\xe3\xbf\xf3\x5f\x77\x77\xe3\x21\xd9\x5f\x07\x98\
\xff\xc5\x29\x00\xcc\x67\x18\xe2\x4b\x87\x3e\xfe\xf8\xa0\xfa\xdc\
\xfe\x5b\x2f\x1b\x0f\x13\xd9\x5f\x17\x75\x99\xff\xc5\x29\x00\xdc\
\xb6\x63\xc7\xe2\xfc\xd3\x8f\xf8\x4f\x2d\xa1\xd7\xa7\x76\xbb\xf8\
\x85\xed\xed\xb8\x57\xf6\xd7\x49\x3d\xe6\x7f\x71\x0a\x00\xb7\xae\
\x3d\x42\xff\xa2\xf6\x48\xfd\xcd\x4b\xef\x77\x17\x57\xcd\xba\xf8\
\x82\xec\xaf\x97\x5a\xcc\xff\xe2\x14\x00\x6e\x59\xdb\xfc\xbf\xb6\
\x6d\xfe\xef\x5b\x55\xbf\x87\x2e\xae\x6d\x1f\xf3\x9b\xb2\xbf\x6e\
\xea\x30\xff\x8b\x53\x00\xb8\xb9\x61\x88\xc7\xb6\x0d\xf9\x83\xab\
\xee\xf8\xf8\x31\x1d\x02\x58\x15\xf3\xbf\x38\x05\x80\x8f\x34\xeb\
\xe2\xe1\xe3\xa3\xf1\xc4\xae\xbf\x7f\x77\x27\xbe\x2c\x7b\x1d\x98\
\x3e\xf3\xbf\x38\x05\x80\x7f\x71\x7c\x3b\xee\x33\xf4\xf1\xb6\xec\
\xae\xb7\x03\xc8\x3b\xba\x2e\xee\x9b\xbd\x1e\x4c\x9b\xf9\x5f\x9c\
\x02\xc0\x87\xc4\x59\x6d\xf3\xff\xc3\xec\x9e\x7f\xf8\x10\xd0\xc7\
\x4b\xb3\x57\x84\x69\x33\xff\x8b\x53\x00\xb8\xd1\xb0\x13\x8f\xcb\
\xee\xf8\xcd\x0e\x01\x43\x7c\x5b\xf6\xba\x30\x5d\xe6\x7f\x71\x0a\
\x00\x87\x0e\x6d\x6f\xc7\x5d\x5a\xc7\xde\x9a\xdd\xf1\x9b\xa5\x8b\
\xbf\x3d\x71\x22\xee\x9c\xbd\x3e\x4c\x93\xf9\x5f\x9c\x02\xc0\xde\
\x7d\x70\x2c\xbb\xdf\xb7\x96\x61\x88\x59\xf6\xfa\x30\x4d\xe6\x7f\
\x71\x0a\x00\x87\x0e\xb5\x7e\xbd\x2e\xbb\xdf\xb7\x9a\x2e\xae\xcc\
\x5e\x1f\xa6\xc9\xfc\x2f\x4e\x01\xa8\x6e\x7c\x05\xbe\xec\x6e\xdf\
\x5e\x86\x21\x1e\x9c\xbd\x4e\x4c\x8f\xf9\x5f\x9c\x02\x50\x5d\xeb\
\xd6\xa5\xd9\xdd\x9e\x23\x3f\x94\xbd\x4e\x4c\x8f\xf9\x5f\x9c\x02\
\x50\xdd\x6e\x17\x2f\xcf\xee\xf6\xed\x65\x7c\x17\xc2\xec\x75\x62\
\x7a\xcc\xff\xe2\x14\x80\xca\x4e\x9e\x8c\xb3\x57\xf9\x7a\xff\xfb\
\x3e\x00\x74\xf1\xde\xf1\x73\xcd\x5e\x2f\xa6\xc5\xfc\x2f\x4e\x01\
\xa8\x6c\x18\xe2\x53\xb2\x7b\x3d\x77\xff\x67\x71\xbf\xec\xf5\x62\
\x5a\xcc\xff\xe2\x14\x80\xca\x66\x5d\xfc\xfb\xec\x5e\xcf\xdd\xff\
\x9d\xf8\x77\xd9\xeb\xc5\xb4\x98\xff\xc5\x29\x00\x95\xb5\x03\xc0\
\x57\x67\xf7\x7a\xee\xec\xc4\xa3\xb3\xd7\x8b\x69\x31\xff\x8b\x53\
\x00\x2a\x1b\xdf\xf6\x37\xbb\xd7\xf3\x66\xfc\x5c\xb3\xd7\x8b\x69\
\x31\xff\x8b\x53\x00\x2a\xd3\x7f\x2a\xd3\xff\xe2\x14\x80\xca\xf4\
\x9f\xca\xf4\xbf\x38\x05\xa0\x32\xfd\xa7\x32\xfd\x2f\x4e\x01\xa8\
\x4c\xff\xa9\x4c\xff\x8b\x53\x00\x2a\xd3\x7f\x2a\xd3\xff\xe2\x14\
\x80\xca\xf4\x9f\xca\xf4\xbf\x38\x05\xa0\x32\xfd\xa7\x32\xfd\x2f\
\x4e\x01\xa8\x4c\xff\xa9\x4c\xff\x8b\x53\x00\x2a\xd3\x7f\x2a\xd3\
\xff\xe2\x14\x80\xca\xf4\x9f\xca\xf4\xbf\x38\x05\xa0\x32\xfd\xa7\
\x32\xfd\x2f\x4e\x01\xa8\x4c\xff\xa9\x4c\xff\x8b\x53\x00\x2a\xd3\
\x7f\x2a\xd3\xff\xe2\x14\x80\xca\xf4\x9f\xca\xf4\xbf\x38\x05\xa0\
\x32\xfd\xa7\x32\xfd\x2f\x4e\x01\xa8\x4c\xff\xa9\x4c\xff\x8b\x53\
\x00\x2a\xd3\x7f\x2a\xd3\xff\xe2\x14\x80\xca\xf4\x9f\xca\xf4\xbf\
\x38\x05\xa0\x32\xfd\xa7\x32\xfd\x2f\x4e\x01\xa8\x4c\xff\xa9\x4c\
\xff\x8b\x53\x00\x2a\xd3\x7f\x2a\xd3\xff\xe2\x14\x80\xca\xf4\x9f\
\xca\xf4\xbf\x38\x05\xa0\x32\xfd\xa7\x32\xfd\x2f\x4e\x01\xa8\x4c\
\xff\xa9\x4c\xff\x8b\x53\x00\x2a\xd3\x7f\x2a\xd3\xff\xe2\x14\x80\
\xca\xf4\x9f\xca\xf4\xbf\x38\x05\xa0\x32\xfd\xa7\x32\xfd\x2f\x4e\
\x01\xa8\x4c\xff\xa9\x4c\xff\x8b\x53\x00\x2a\xd3\x7f\x2a\xd3\xff\
\xe2\x14\x80\xca\xf4\x9f\xca\xf4\xbf\x38\x05\xa0\x32\xfd\xa7\x32\
\xfd\x2f\x4e\x01\xa8\x4c\xff\xa9\x4c\xff\x8b\x53\x00\x2a\xd3\x7f\
\x2a\xd3\xff\xe2\x14\x80\xca\xf4\x9f\xca\xf4\xbf\x38\x05\xa0\x32\
\xfd\xa7\x32\xfd\x2f\x4e\x01\xa8\x4c\xff\xa9\x4c\xff\x8b\x53\x00\
\x2a\xd3\x7f\x2a\xd3\xff\xe2\x14\x80\xca\xf4\x9f\xca\xf4\xbf\x38\
\x05\xa0\x32\xfd\xa7\x32\xfd\x2f\x4e\x01\xa8\x4c\xff\xa9\x4c\xff\
\x8b\x53\x00\x2a\xd3\x7f\x2a\xd3\xff\xe2\x14\x80\x4d\xb0\xbd\x1d\
\xf7\x3a\x76\x2c\xce\x9f\xcd\xe2\x6e\x07\xf9\xdf\xad\xdc\xff\x71\
\x2d\x4f\xaf\xe9\x3d\x0f\xf2\xbf\xcb\xe6\xa8\xdc\x7f\x0e\x29\x00\
\xeb\x65\x6b\x2b\xee\x34\xeb\xe2\x91\x43\x17\x4f\x1d\xfa\xb8\xa2\
\xfd\xf9\x37\xed\xda\x9f\xba\x69\x0f\xda\xff\x76\xed\x6e\x17\x57\
\xb6\x3c\xaf\xe5\x09\x5d\x17\x9f\xbd\xdf\x8f\x57\xa5\xff\x7d\x1f\
\x9f\x3b\xec\xc4\x77\xb6\x35\xfd\xad\x96\xd7\xef\xad\xe1\x47\xfe\
\xf7\xc7\x35\x7e\xcb\xb8\xe6\xed\xcf\x4b\xdb\x3f\xff\x15\xe3\xb5\
\xd8\xef\xc7\x63\x33\x54\xe9\x3f\xb7\x42\x01\x58\x07\xe3\x26\xde\
\x36\xf3\xcb\xdb\xc6\xf4\xee\xfd\x74\xe3\xf4\xa6\xf6\xbd\xe3\x77\
\x0a\x16\xf9\xb8\x53\xee\xff\xf8\xe8\x7e\x5c\x93\xb6\xae\x6f\xd8\
\xd7\xc7\xec\xe2\x1f\xdb\xbf\xff\xb3\xc3\x10\x9f\xb5\xd8\xd5\x64\
\x53\x4c\xb9\xff\xcc\x41\x01\xc8\xd4\x36\xfe\x07\xb6\x4d\xe6\x45\
\xbb\x1f\xf5\x28\xff\x0c\xf2\xcf\x2d\x97\x1e\x3e\x1c\xe7\xce\xf3\
\xf1\xa7\xd8\xff\xf1\x6b\x6f\xff\xfc\x8f\x9c\x5e\x8b\x83\xf8\xd8\
\xa7\xda\x61\xe0\x05\xed\x20\xf0\xe9\x67\x76\xb5\x59\x37\x53\xec\
\x3f\x0b\x50\x00\x32\xcc\x66\x71\xc7\xf1\xdb\xfc\xed\xba\x5e\xb7\
\xa4\xbe\x5c\xdd\xfa\xf2\xa8\xdb\xfd\x3c\x26\xd6\xff\xbe\x8f\xaf\
\x6a\x9b\xf5\xdf\x2e\xe9\x73\xb8\xae\x5d\xb3\x1f\x3e\x79\x32\xee\
\x70\x30\x2d\x20\xdb\xd4\xfa\xcf\x82\x14\x80\x55\x3b\x72\x24\x3e\
\xa9\x6d\x52\xff\x73\x05\x9d\x19\xbf\xab\xf0\xb4\xad\xad\x38\xe7\
\xd6\x3e\x97\xa9\xf4\x7f\xdc\x94\xdb\x3f\xf3\x93\xbb\x07\xf7\x9d\
\x94\x5b\x4d\x3b\x04\xbc\x62\x18\xe2\x13\x97\xd3\x0e\x56\x69\x2a\
\xfd\x67\x9f\x14\x80\x55\x6a\x8f\x50\x3f\xb3\x5d\xcb\xab\x57\xd9\
\x9b\xa1\x8f\x17\x5e\xb2\x15\x77\xbd\xa5\xcf\x67\x0a\xfd\x3f\x71\
\x22\xee\xbc\xf7\x84\xc8\xd5\x7e\x3e\x6f\x1d\x9f\x58\xb8\xdc\xb6\
\xb0\x6c\x53\xe8\x3f\x67\x40\x01\x58\x95\xf1\xc9\x64\x6d\x33\x7e\
\x57\x46\x77\xda\xc7\xfd\xc3\x5b\x3a\x04\x6c\x7a\xff\xc7\xaf\x69\
\xfc\xda\x92\xd6\xf4\x5d\x47\x77\xe2\x41\xab\x69\x0f\xcb\xb0\xe9\
\xfd\xe7\x0c\x29\x00\xab\x70\xfa\xdb\xfe\xcb\xfa\xd9\xf4\x7c\xe9\
\xe2\xf7\xc6\x47\xcb\x37\xfd\xbc\x36\xb9\xff\xa7\x1f\xf9\xff\x5e\
\xf2\xe7\x75\xb5\x1f\x07\x6c\xae\x4d\xee\x3f\x07\x40\x01\x58\xb6\
\xf1\xe7\xd3\xe3\xcf\x8d\xb3\xfb\x33\xa6\x7d\x1e\x2f\xb9\xe9\x21\
\x60\x53\xfb\xbf\xf7\x24\xca\x3e\x5e\x98\xfd\x39\xed\xad\x69\x1f\
\x7f\x36\x7e\x3e\x39\xed\xe2\x4c\x6c\x6a\xff\x39\x20\x0a\xc0\xb2\
\x9d\x7e\xb6\x7f\x7a\x7f\x3e\x9c\x2e\x9e\xf7\xa1\x67\xb2\x6f\x62\
\xff\xf7\x9e\xf0\xb7\xfa\x9f\xf9\xdf\x66\xda\x35\x7e\x4a\x6e\xcb\
\xd8\x8f\x4d\xec\x3f\x07\x48\x01\x58\xa6\xa3\x47\xe2\x01\xb7\xf0\
\xaa\x73\xe9\x69\x8f\x5a\x9f\x3b\xfe\x76\xc0\xa6\xf5\xbf\x6d\xfe\
\x67\xb7\xcd\xff\x39\xd9\x9f\xcb\x2d\xe4\x3a\xaf\x13\xb0\x79\x36\
\xad\xff\xd9\xeb\x35\x39\x0a\xc0\x32\x9d\x7e\x91\x9f\xf4\xee\xdc\
\x4a\x9e\x3d\xec\xc4\x37\xaf\xc1\xe7\x31\x57\x4e\x7f\xae\xcf\xce\
\xfe\x3c\x6e\x23\xcf\xcf\xee\x1b\x8b\x31\xff\x8b\x53\x00\x96\x65\
\xef\xe5\x7d\x57\xf0\x7b\xe9\x67\x92\xf1\x25\x84\xb3\x3f\x87\x09\
\x7d\xae\xa7\xfc\x56\xc0\x66\x31\xff\x8b\x53\x00\x96\x65\x7c\x6d\
\xff\xec\xce\xc8\xca\x73\x59\x76\xef\x98\x9f\xf9\x5f\x9c\x02\xb0\
\x0c\xe3\x3b\xc9\x8d\x6f\x26\x93\xdd\x19\x59\x6d\xc6\x37\x73\xf2\
\x2e\x82\x9b\xc3\xfc\x2f\x4e\x01\x58\x86\xf1\x2d\x7d\xb3\xfb\x22\
\x49\xf7\x69\x17\x17\x66\xf7\x8f\xf9\x98\xff\xc5\x29\x00\xcb\xb0\
\x7b\xe3\xbb\xd1\xa5\x77\x46\x56\x9f\xf1\x0d\x83\xb2\xfb\xc7\x7c\
\xcc\xff\xe2\x14\x80\x65\x18\xfa\x78\x69\x76\x5f\x24\x27\xed\xda\
\xff\x7e\x76\xff\x98\x8f\xf9\x5f\x9c\x02\xb0\x0c\xbb\x2b\x7e\xc3\
\x1f\x59\x9f\xb4\x03\xc0\x9b\xb3\xfb\xc7\x7c\xcc\xff\xe2\x14\x80\
\x83\x36\xbe\x58\xcd\xd0\xc5\x0d\xd9\x7d\x91\xb4\x5c\x7f\xe8\x50\
\x9c\x95\xdd\x43\x6e\x9f\xf9\x5f\x9c\x02\x70\xd0\x4e\x5c\x14\xe7\
\x65\x77\x45\x72\x73\xf8\x70\x9c\x9b\xdd\x43\x6e\x9f\xf9\x5f\x9c\
\x02\x70\xd0\x66\xb3\xb8\x77\x76\x57\x24\x37\x7d\x1f\x1f\x93\xdd\
\x43\x6e\x9f\xf9\x5f\x9c\x02\x70\xd0\xda\x01\xe0\x6e\xd9\x5d\x91\
\xdc\x78\x2d\x80\xcd\x60\xfe\x17\xa7\x00\x2c\x43\xbb\x5e\xef\xcf\
\xee\x8b\xe4\x64\xe8\xe2\xbd\xd9\xfd\x63\x3e\xe6\x7f\x71\x0a\xc0\
\x32\x6c\xc0\xeb\xd6\xcb\x92\xd2\xae\xfd\x6b\xb3\xfb\xc7\x7c\xcc\
\xff\xe2\x14\x80\x65\x58\xb7\xf7\xab\x97\x95\xe6\x37\xb3\xfb\xc7\
\x7c\xcc\xff\xe2\x14\x80\x65\x18\x76\xe2\x3b\xb3\xfb\x22\x69\xf9\
\x8e\xec\xfe\x31\x1f\xf3\xbf\x38\x05\x60\x19\x66\x47\xe2\x73\xb2\
\xfb\x22\x39\xf1\x96\xc0\x9b\xc3\xfc\x2f\x4e\x01\x58\x96\xdd\x2e\
\xae\xcc\xee\x8c\xac\x36\x7e\xfe\xbf\x59\xcc\xff\xe2\x14\x80\x65\
\x69\xd7\xec\x49\xd9\x9d\x91\x15\xa7\x8b\xef\xce\xee\x1d\xf3\x33\
\xff\x8b\x53\x00\x96\x65\x7c\x45\xc0\xa1\x8b\x7f\xca\xee\x8d\xac\
\x26\xed\xd1\xff\x7b\x66\xb3\xb8\x67\x76\xef\x98\x9f\xf9\x5f\x9c\
\x02\xb0\x4c\xed\xba\x5d\x9a\xdd\x1b\x59\x4d\xda\x61\xef\x64\x76\
\xdf\x58\x8c\xf9\x5f\x9c\x02\xb0\x4c\xa7\x5f\x15\xf0\x2d\xd9\xdd\
\x91\xa5\xe7\x6a\xaf\xff\xbf\x79\xcc\xff\xe2\x14\x80\x65\x6b\xd7\
\xed\x51\xed\xfa\x9d\xca\xee\x8f\x2c\x27\xe3\x3b\x3f\xce\xba\x78\
\x64\x76\xcf\x58\x9c\xf9\x5f\x9c\x02\xb0\x0a\xed\xfa\x3d\x2d\xbb\
\x3f\xb2\x9c\xb4\x03\xc0\x8f\x66\xf7\x8b\xfd\x31\xff\x8b\x53\x00\
\x56\x61\x6b\x2b\xce\x19\xfa\xf8\xad\xec\x0e\xc9\xc1\xa6\x5d\xd3\
\x17\x8e\xd7\x36\xbb\x5f\xec\x8f\xf9\x5f\x9c\x02\xb0\x2a\x97\x6c\
\xc5\x5d\x77\xbb\xf8\xa3\xec\x1e\xc9\x01\xa5\x5d\xcb\xed\xed\xb8\
\x4b\x76\xaf\xd8\x3f\xf3\xbf\x38\x05\x60\x95\xf6\x9e\x14\xd8\xc5\
\x1f\x64\x77\x49\xce\x2c\xed\x91\xff\x9f\x1e\x3f\x1e\x77\xcf\xee\
\x13\x67\xc6\xfc\x2f\x4e\x01\x58\x35\x87\x80\xcd\x8e\xcd\x7f\x3a\
\xcc\xff\xe2\x14\x80\x0c\x0e\x01\x9b\x19\x9b\xff\xb4\x98\xff\xc5\
\x29\x00\x59\x1c\x02\x36\x2b\x36\xff\xe9\x31\xff\x8b\x53\x00\x32\
\x39\x04\x6c\x46\x6c\xfe\xd3\x64\xfe\x17\xa7\x00\x64\x73\x08\x58\
\xef\xd8\xfc\xa7\xcb\xfc\x2f\x4e\x01\x58\x07\x0e\x01\xeb\x19\x9b\
\xff\xb4\x99\xff\xc5\x29\x00\xeb\xc2\x21\x60\xbd\x62\xf3\x9f\x3e\
\xf3\xbf\x38\x05\x60\x9d\x38\x04\xac\x47\x6c\xfe\x35\x98\xff\xc5\
\x29\x00\xeb\xc6\x21\x20\x37\x36\xff\x3a\xcc\xff\xe2\x14\x80\x75\
\xe4\x10\x90\x13\x9b\x7f\x2d\xe6\x7f\x71\x0a\xc0\xba\x72\x08\x58\
\x6d\x6c\xfe\xf5\x98\xff\xc5\x29\x00\xeb\xcc\x21\x60\x35\xb1\xf9\
\xd7\x64\xfe\x17\xa7\x00\xac\x3b\x87\x80\xe5\xc6\xe6\x5f\x97\xf9\
\x5f\x9c\x02\xb0\x09\x1c\x02\x96\x13\x9b\x7f\x6d\xe6\x7f\x71\x0a\
\xc0\xa6\x70\x08\x38\xd8\xd8\xfc\x31\xff\x8b\x53\x00\x36\x89\x43\
\xc0\xc1\xc4\xe6\xcf\xc8\xfc\x2f\x4e\x01\xd8\x34\x0e\x01\x67\x16\
\x9b\x3f\x1f\x62\xfe\x17\xa7\x00\x6c\x22\x87\x80\xfd\xc5\xe6\xcf\
\x4d\x99\xff\xc5\x29\x00\x9b\xca\x21\x60\xb1\xd8\xfc\xf9\x68\xe6\
\x7f\x71\x0a\xc0\x26\x73\x08\x98\x2f\x36\x7f\x6e\x89\xf9\x5f\x9c\
\x02\xb0\xe9\x1c\x02\x6e\x3b\x36\x7f\x6e\x8d\xf9\x5f\x9c\x02\x30\
\x05\x0e\x01\xb7\x1c\x9b\x3f\xb7\xc5\xfc\x2f\x4e\x01\x98\x0a\x87\
\x80\x8f\x8c\xcd\x9f\xdb\x63\xfe\x17\xa7\x00\x4c\x89\x43\xc0\x8d\
\xb1\xf9\x33\x0f\xf3\xbf\x38\x05\x60\x6a\xaa\x1f\x02\x6c\xfe\xcc\
\xcb\xfc\x2f\x4e\x01\x98\xa2\xaa\x87\x00\x9b\x3f\x8b\x30\xff\x8b\
\x53\x00\xa6\xaa\xda\x21\xc0\xe6\xcf\xa2\xcc\xff\xe2\x14\x80\x29\
\xab\x72\x08\xb0\xf9\xb3\x1f\xe6\x7f\x71\x0a\xc0\xd4\x4d\xfd\x10\
\x60\xf3\x67\xbf\xcc\xff\xe2\x14\x80\x0a\xa6\x7a\x08\xb0\xf9\x73\
\x26\xcc\xff\xe2\x14\x80\x2a\xa6\x76\x08\xb0\xf9\x73\xa6\xcc\xff\
\xe2\x14\x80\x4a\xa6\x72\x08\xb0\xf9\x73\x10\xcc\xff\xe2\x14\x80\
\x6a\x36\xfd\x10\x60\xf3\xe7\xa0\x98\xff\xc5\x29\x00\x15\x6d\xea\
\x21\xc0\xe6\xcf\x41\x32\xff\x8b\x53\x00\xaa\xda\xb4\x43\x80\xcd\
\x9f\x83\x66\xfe\x17\xa7\x00\x54\xb6\x29\x87\x00\x9b\x3f\xcb\x60\
\xfe\x17\xa7\x00\x54\xb7\xee\x87\x00\x9b\x3f\xcb\x62\xfe\x17\xa7\
\x00\xb0\xbe\x87\x00\x9b\x3f\xcb\x64\xfe\x17\xa7\x00\x70\xa3\x75\
\x3b\x04\xd8\xfc\x59\x36\xf3\xbf\x38\x05\x80\x7f\xb1\x2e\x87\x00\
\x9b\x3f\xab\x60\xfe\x17\xa7\x00\xf0\x91\xb2\x0f\x01\x36\x7f\x56\
\xc5\xfc\x2f\x4e\x01\xe0\xe6\x0e\x1f\x8e\x73\x87\x2e\x5e\xb4\xf2\
\xcd\xbf\x7d\xcc\xf1\x63\x67\x7f\xfd\xd4\x60\xfe\x17\xa7\x00\x70\
\xcb\xb6\xb6\xe2\x9c\xb6\x21\xff\xe7\xd6\xbd\x53\x2b\xe8\xf7\xa9\
\xf6\xc8\xff\x27\xc6\x8f\x99\xfd\x75\x53\x87\xf9\x5f\x9c\x02\xc0\
\x6d\x9b\x75\xf1\xc8\xdd\x2e\xfe\x76\x89\xdd\xbe\x7a\xfc\x18\xd9\
\x5f\x27\xf5\x98\xff\xc5\x29\x00\xdc\xbe\xf1\x79\x01\x43\x17\x27\
\xdb\xa3\xf4\xf7\x1c\x54\x9f\x4f\xff\xb7\x9e\x3c\xfe\xb7\xb3\xbf\
\x3e\x6a\x32\xff\x8b\x53\x00\x98\xdf\x89\x8b\xe2\xbc\xd6\xc3\x27\
\xee\x76\xf1\xa6\x7d\x77\xb9\xfd\xbb\xed\x30\xf1\x5d\xe3\x7f\x2b\
\xfb\xeb\xa1\x36\xf3\xbf\x38\x05\x80\xfd\xe9\xfb\x78\x68\xdb\xc8\
\x7f\xbc\x75\xf3\xd5\xed\xcf\x0f\xdc\x5a\x6f\xc7\xff\xaf\x3d\xda\
\xff\x8b\xf1\x9f\x1d\xff\x9d\xec\xcf\x1b\x3e\xc4\xfc\x2f\x4e\x01\
\xe0\xcc\xcd\x66\x71\xc7\xae\x8b\x07\x0e\x43\x3c\xa2\xe5\xeb\x4f\
\xe7\x11\xe3\xff\x36\xfe\x7f\xd9\x9f\x1f\xdc\x12\xf3\xbf\x38\x05\
\x00\xa8\xc9\xfc\x2f\x4e\x01\x00\x6a\x32\xff\x8b\x53\x00\x80\x9a\
\xcc\xff\xe2\x14\x00\xa0\x26\xf3\xbf\x38\x05\x00\xa8\xc9\xfc\x2f\
\x4e\x01\x00\x6a\x32\xff\x8b\x53\x00\x80\x9a\xcc\xff\xe2\x14\x00\
\xa0\x26\xf3\xbf\x38\x05\x00\xa8\xc9\xfc\x2f\x4e\x01\x00\x6a\x32\
\xff\x8b\x53\x00\x80\x9a\xcc\xff\xe2\x14\x00\xa0\x26\xf3\xbf\x38\
\x05\x00\xa8\xc9\xfc\x2f\x4e\x01\x00\x6a\x32\xff\x8b\x53\x00\x80\
\x9a\xcc\xff\xe2\x14\x00\xa0\x26\xf3\xbf\x38\x05\x00\xa8\xc9\xfc\
\x2f\x4e\x01\x00\x6a\x32\xff\x8b\x53\x00\x80\x9a\xcc\xff\xe2\x14\
\x00\xa0\x26\xf3\xbf\xb8\x61\x88\xc7\x66\x5f\x58\x05\x00\x58\xbd\
\x4d\x3a\x00\x8c\x7b\x55\xf6\x7a\x4d\xce\xac\x8b\x6f\xc8\xbe\xb0\
\x0b\x1c\x00\xb6\xb3\xd7\x0b\x60\x2a\x86\x2e\x8e\x64\xcf\xf5\xb9\
\xd3\xc5\xd7\x65\xaf\xd7\xe4\xec\xee\xc4\xa3\xd3\x2f\xec\xfc\xf9\
\x8e\xec\xf5\x02\x98\x8a\x76\x00\x38\xb1\x06\x73\x7d\xde\x07\x80\
\x8f\xca\x5e\xaf\xc9\x99\x75\x71\x61\xf6\x85\x9d\x37\xad\xac\x3f\
\x9e\xbd\x5e\x00\x53\x31\xf4\xf1\x13\xd9\x73\x7d\xee\x03\x40\x17\
\x0f\xcf\x5e\xaf\xc9\xd9\xdd\x8d\x2f\xcc\xbe\xb0\x73\xa7\x8b\x17\
\x64\xaf\x17\xc0\x54\xb4\x07\x55\x2f\x4a\x9f\xeb\xf3\x3e\x00\x1c\
\xe2\xf3\xb3\xd7\x6b\x72\x76\x76\xe2\x53\xb3\x2f\xec\xdc\x05\xe8\
\xe2\xef\xb3\xd7\x0b\x60\x1a\xe2\xac\xa1\x8f\xb7\x65\xcf\xf5\x79\
\xd3\x75\xf1\xc9\xd9\x2b\x36\x39\x27\x2e\x8a\xf3\xb2\x2f\xec\x82\
\x25\x78\x60\xf6\x9a\x01\x6c\xba\xf6\x88\xfa\xb3\xb2\xe7\xf9\x22\
\x39\x7c\x38\xce\xcd\x5e\xb3\x09\xda\x3b\x05\xbe\x2f\xfb\xe2\xce\
\x9b\xa1\x8b\xef\xcd\x5e\x31\x80\x4d\xd7\x66\xe9\x0f\x64\xcf\xf3\
\x05\x72\x4d\xf6\x7a\x4d\x56\x2b\xc2\x1b\xd7\xe0\x02\xcf\x77\x00\
\xe8\xe3\xf5\xd9\xeb\x05\xb0\xe9\x76\xbb\xb8\x32\x7b\x9e\x2f\x90\
\xd7\x65\xaf\xd7\x64\xb5\x03\xc0\x4b\xd6\xe0\x02\xcf\x7f\x08\x18\
\xe2\x11\xd9\x6b\x06\xb0\xa9\xfa\x3e\xbe\x22\x7b\x8e\x2f\x94\x2e\
\x5e\x9c\xbd\x66\x93\xd5\x16\xf7\x99\xe9\x17\x78\xb1\x32\xfc\x41\
\xf6\x9a\x01\x6c\xaa\x36\x43\xff\x24\x7d\x8e\x2f\x90\xa1\x8f\x9f\
\xca\x5e\xb3\xc9\x1a\xba\xb8\x38\xfb\x02\xef\xe3\x10\xe0\x55\xa1\
\x00\x16\xd4\x66\xe7\x63\xd2\xe7\xf7\xa2\x07\x80\x9d\xe8\xb3\xd7\
\x6d\xb2\x76\x77\xe3\x21\xd9\x17\x78\xe1\x42\xf4\xf1\xe6\xae\x8b\
\x7b\x64\xaf\x1d\xc0\xa6\x38\xfd\x5b\x5f\x57\x67\xcf\xef\x45\x33\
\xdb\x89\x2f\xce\x5e\xbb\xc9\x1a\x37\xd2\xa1\x8b\x1b\xb2\x2f\xf2\
\xc2\xe9\xe2\xd7\xb2\xd7\x0e\x60\x53\xb4\x07\x4e\xcf\x4d\x9f\xdb\
\x8b\xe7\xfa\xe3\xc7\xe3\xee\xd9\x6b\x37\x69\x6d\x33\xfd\xdf\x6b\
\x70\xa1\xf7\x93\x4b\xb2\xd7\x0e\x60\xdd\xb5\x59\xf9\xa4\x35\x98\
\xd7\xfb\xc9\xab\xb3\xd7\x6e\xf2\x86\x2e\x7e\x66\x0d\x2e\xf4\x7e\
\x72\xaa\xef\xe3\x70\xf6\xfa\x01\xac\xab\xf1\x9d\x54\xc7\x59\xb9\
\x06\xf3\x7a\xe1\xb4\xbd\xe9\x19\xd9\xeb\x37\x79\x6d\x91\x2f\xca\
\xbe\xd0\x67\x50\x90\x1b\x76\xbb\x38\x9e\xbd\x86\x00\xeb\x66\x7c\
\xc7\xbf\x8d\xfc\x11\xef\xe9\xb4\x07\x78\xdf\x92\xbd\x86\x93\xd7\
\x16\xf9\x5f\xed\x6e\xe8\x09\xf1\x26\xf9\xe9\x13\x27\xe2\xce\xd9\
\x6b\x09\x90\x6d\x9c\x85\x43\x1f\xcf\x5a\x83\xb9\xbc\xef\x8c\x07\
\x97\xd9\x2c\xee\x9d\xbd\x96\x25\xb4\x47\xd1\xaf\xca\xbe\xe0\x67\
\x9c\xf6\x35\x74\x5d\x7c\x5e\xf6\x5a\x02\x64\x19\xdf\x39\xaf\xcd\
\xc3\x57\xa7\xcf\xe3\x33\x9f\xe7\xaf\xcc\x5e\xcb\x32\xda\x82\x5f\
\x9a\x7e\xc1\x0f\x26\xd7\xb7\x5c\xd6\x4e\x8e\xf7\xcb\x5e\x53\x80\
\x55\x19\xdf\x31\xaf\x6d\x9a\x97\x6f\xf2\xb7\xfc\x3f\x2a\x3f\x94\
\xbd\xa6\x65\xb4\x53\xe3\x83\xd7\xe0\x82\x1f\x64\xae\x1b\xfa\xf8\
\xe5\x59\x17\x17\x9e\x3c\x19\x67\x67\xaf\x2f\xc0\x41\x1b\x67\xdb\
\xee\x4e\x7c\x79\xdb\xf8\x9f\xd3\x36\xfe\x0f\xac\xc1\xdc\x3d\xb0\
\xcc\x8e\xc4\xe7\x64\xaf\x6f\x29\xad\x44\x6f\xca\xbe\xe8\xcb\x48\
\xbb\x31\xde\xd1\xbe\xb6\xdf\x68\x7f\xff\x8e\xf1\x40\x70\x74\x3b\
\x2e\x38\x76\x2c\xce\xcf\x5e\x6f\x80\x79\x8d\x33\x6b\x9c\x5d\x7b\
\x1b\x7e\x9b\x65\x2d\xbf\xd9\xf2\x0f\xd9\xf3\x75\x29\xe9\xe2\x0d\
\xd9\xeb\x5d\x4e\xdb\x28\x7f\x38\xfd\xc2\x8b\x88\x48\xf5\x3c\x39\
\x7b\x3f\x2c\x67\x18\xe2\x53\x26\xf4\xf3\x23\x11\x11\xd9\xb0\x8c\
\x7b\xd0\xf8\x7c\x86\xec\xfd\xb0\xa4\xa1\x8f\x2b\xb2\x0b\x20\x22\
\x22\x45\xd3\xc5\xef\x65\xef\x83\x65\xcd\xfa\xd8\x4a\x2f\x80\x88\
\x88\xd4\x4c\x17\x8f\xc9\xde\x07\xcb\xda\xda\x8a\x73\xda\x45\xf8\
\xbf\xe9\x25\x10\x11\x91\x5a\xe9\xe2\xaa\x93\x27\xe3\x0e\xd9\xfb\
\x60\x69\xed\x42\x5c\x92\x5e\x04\x11\x11\x29\x95\x61\x88\xc7\x67\
\xef\x7f\xe5\xed\xbd\x45\x70\x1f\xef\xca\x2e\x83\x88\x88\x94\xc9\
\x3f\x1c\x3e\x1c\xe7\x66\xef\x7f\x1c\xda\xfb\x2e\xc0\xf7\xaf\x41\
\x21\x44\x44\xa4\x40\x66\x7d\x3c\x31\x7b\xdf\xe3\xb4\xf1\x24\xb6\
\xf7\x02\x3a\x6b\x50\x0c\x11\x11\x99\x6e\x86\x3e\xde\x36\x9b\xc5\
\xdd\xb2\xf7\x3d\x6e\x62\xf7\xc6\x57\x9b\x4a\x2f\x87\x88\x88\x4c\
\x37\xc3\x10\xb3\xec\xfd\x8e\x8f\x32\xfe\x46\x40\x3b\x99\xbd\x36\
\xbb\x1c\x22\x22\x32\xcd\xb4\x3d\xe6\xcf\xbd\x5f\xcb\x9a\x9a\x75\
\xf1\xc8\xec\x82\x88\x88\xc8\x24\x73\xfd\xec\x48\xfc\xdb\xec\x7d\
\x8e\xdb\x70\xfa\x8d\x74\xb2\x8b\x22\x22\x22\x13\xca\xd0\xc5\x33\
\xb2\xf7\x37\x6e\xc7\x6c\x16\xf7\x6e\x17\xea\x9d\xd9\x65\x11\x11\
\x91\x89\xa4\x8b\xb7\x6f\x6f\xc7\xbd\xb2\xf7\x37\xe6\xd0\x2e\xd6\
\xb7\xa7\x17\x46\x44\x44\xa6\x91\x2e\xbe\x35\x7b\x5f\x63\x01\x43\
\x1f\xbf\x9e\x5e\x1a\x11\x11\xd9\xe8\x0c\x5d\xfc\x5c\xf6\x7e\xc6\
\x82\x8e\x1d\x8b\xf3\xdb\xc5\xbb\x3a\xbb\x3c\x22\x22\xb2\x99\x19\
\x7f\xb3\xec\x92\xad\xb8\x6b\xf6\x7e\xc6\x3e\x0c\x43\x7c\x49\x3b\
\xbd\x5d\x9b\x5d\x22\x11\x11\xd9\xb8\x5c\xd3\xf7\xf1\x99\xd9\xfb\
\x18\x67\x60\xd6\xc7\xb1\x35\x28\x92\x88\x88\x6c\x50\x86\x9d\x78\
\x5c\xf6\xfe\xc5\x01\xd8\xed\xe2\xf2\xec\x32\x89\x88\xc8\x66\x64\
\xe8\xe3\x59\xd9\xfb\x16\x07\xe4\xf4\xab\x04\xfe\x56\x76\xa9\x44\
\x44\x64\xbd\xd3\xf6\x8a\x17\x8e\x7b\x46\xf6\xbe\xc5\x01\xda\xde\
\x8e\xbb\xb4\x0b\xfb\xc7\xd9\xe5\x12\x11\x91\xf5\x4c\xdb\x23\x5e\
\x36\xee\x15\xd9\xfb\x15\x4b\x70\xe2\xa2\x38\x6f\xb7\xaa\x39\x92\
\xd4\x00\x00\x02\xcf\x49\x44\x41\x54\x8b\xd7\x64\x97\x4c\x44\x44\
\xd6\x2b\xe3\x33\xfe\xc7\xdf\x1e\xcb\xde\xa7\x58\xa2\xae\x8b\xfb\
\xb6\x43\xc0\x55\xd9\x65\x13\x11\x91\x35\x49\xdb\x13\x66\xb3\xf8\
\x84\xec\xfd\x89\x15\x18\x0f\x01\xde\x39\x50\x44\x44\xda\xe6\xff\
\x86\xb6\xf9\xdf\x2f\x7b\x5f\x62\x85\xf6\x5e\x28\xa8\x8b\x97\xa7\
\x97\x4f\x44\x44\x72\xd2\xc5\x2b\xc7\xf7\x8f\xc9\xde\x8f\x48\xd0\
\x2e\xfc\xdd\x86\x3e\xfe\x7b\x7a\x09\x45\x44\x64\xb5\xe9\xe2\xc5\
\xe3\x1e\x90\xbd\x0f\x91\x68\xfc\x75\x8f\x56\x86\x67\xa7\x97\x51\
\x44\x44\x56\x92\xf6\xc0\xef\x97\xdb\xe6\x7f\xc7\xec\xfd\x87\xb5\
\x10\x67\x0d\x5d\x7c\x4f\xcb\x07\xb2\x8b\x29\x22\x22\xcb\xc9\x38\
\xe3\x5b\xbe\x6b\x9c\xf9\xd9\xbb\x0e\x6b\x66\x77\x37\xbe\xd0\x6f\
\x08\x88\x88\x4c\x32\x57\xb7\x19\xff\x90\xec\x7d\x86\x35\x36\x9b\
\xc5\x3d\xbd\x6a\xa0\x88\xc8\x74\xd2\x1e\xf5\xbf\xa8\xef\xe3\x63\
\xb2\xf7\x17\x36\x42\x9c\x35\xeb\xe3\x89\xad\x38\xef\xcf\x2e\xae\
\x88\x88\xec\x3b\xef\x1f\x76\xe2\x3b\x7d\xcb\x9f\x85\xcd\x66\x71\
\xff\xa1\x8f\xdf\x5d\x83\x12\x8b\x88\xc8\x22\xe9\xe2\x0f\xda\x0c\
\xff\x8c\xec\x7d\x84\x0d\xd7\xf7\xf1\xb5\xad\x50\x6f\x49\x2f\xb4\
\x88\x88\xdc\x66\xda\x83\xb6\xbf\xf3\x56\xbe\x1c\xa8\xe3\xc7\xe3\
\xee\xad\x5c\x4f\xf3\x9b\x02\x22\x22\x6b\x99\xeb\x5a\x7e\xec\xf0\
\xe1\x38\x37\x7b\xbf\x60\xa2\xba\x2e\x3e\xb9\x1d\x02\x9e\xde\x4e\
\x99\xef\x5b\x83\xc2\x8b\x88\x94\x4e\x9b\xc7\x37\xb4\x79\xfc\xdc\
\xbe\x8f\x4f\xcb\xde\x1f\x28\x62\x7c\xe3\x88\x56\xbe\x9f\x6c\xb9\
\x26\xfb\x06\x10\x11\xa9\x96\xb6\xf1\x5f\xdb\xf2\x73\x47\x8f\xc4\
\x03\xb2\xf7\x03\x8a\x1a\x5f\x47\xba\x95\xf1\xd2\xdd\x2e\xde\x9e\
\x7d\x43\x88\x88\x4c\x3e\x6d\xd6\xb6\x8d\xff\xa9\xc7\xb7\xe3\x3e\
\xd9\xf3\x1f\xf6\x8c\x2f\x2b\xd9\x8a\xf9\x98\xf1\xb7\x06\x5a\x39\
\x3f\x98\x7e\x93\x88\x88\x4c\x24\x7b\x33\xb5\x8b\xdf\x19\x76\xe2\
\x1b\xbd\x84\x2f\x6b\xed\xf4\x77\x05\x8e\xb6\xc3\xc0\x15\x9e\x34\
\x28\x22\xb2\xaf\x5c\xd7\x66\xe8\x4b\x87\x21\x66\x8f\xff\xf6\xf8\
\xd8\xec\xb9\x0e\x0b\xeb\xba\xb8\xc7\x78\x6a\x6d\x07\x81\x9f\x1d\
\xdf\x77\xba\x95\xfa\xd4\x1a\xdc\x58\x22\x22\xeb\x96\x53\x6d\xc3\
\x7f\x7d\xfb\xf3\xb2\x59\x17\xdf\x30\xce\xce\xec\xf9\x0d\x07\x6a\
\x3c\xc9\x9e\x7e\x5d\x81\x27\xb7\x03\xc1\xf3\x5a\xde\xe4\x47\x06\
\x22\x52\x29\xa7\xbf\x33\xfa\x97\xe3\xb3\xf7\x67\x7d\xfc\xa7\xf6\
\x28\xff\x6b\xbc\x54\x2f\x25\x9d\x3c\x19\x77\x38\xba\x1d\x17\xb4\
\x1b\xe0\x61\x2d\x87\xdb\xa1\xe0\x09\xed\x06\xf9\xe1\x76\x73\x3c\
\xab\xfd\xfd\xf2\x96\xe7\x8c\x37\x8a\x88\xc8\x26\x64\x9c\x59\xe3\
\xec\x6a\x7f\x7f\xd6\x38\xcb\xc6\x99\x36\xce\xb6\x71\xc6\x8d\xbf\
\x4a\x3d\xbe\x0d\x7b\xf6\xdc\x05\x00\x00\x00\x00\x00\x00\x00\x00\
\x00\x00\x00\x00\x00\x00\x00\x00\x00\x00\x00\x00\x00\x00\x00\x00\
\x00\x00\x00\x00\x00\x00\x00\x00\x00\x00\x00\x00\x00\x00\x00\x00\
\x00\x00\x00\x00\x00\x00\x00\x00\x00\x00\x00\x00\x00\x00\x00\x00\
\x00\x00\x00\x00\x00\x00\x00\x00\x00\x00\x00\x00\x00\x00\x00\x00\
\x00\x00\x00\x00\x00\x00\x00\x00\x00\x00\x00\x00\x00\x00\x00\x00\
\x00\x00\x00\x00\x00\x00\x00\x00\x00\x00\x00\x00\x00\x00\x00\x00\
\xa0\x98\xff\x0f\x41\xe1\xda\x82\xae\xb5\x0a\xf5\x00\x00\x00\x00\
\x49\x45\x4e\x44\xae\x42\x60\x82\
"

qt_resource_name = b"\
\x00\x06\
\x06\xce\x9c\x74\
\x00\x65\
\x00\x78\x00\x63\x00\x65\x00\x70\x00\x74\
\x00\x04\
\x00\x07\x66\xbe\
\x00\x6f\
\x00\x70\x00\x65\x00\x6e\
\x00\x04\
\x00\x07\x78\xc6\
\x00\x70\
\x00\x72\x00\x65\x00\x76\
\x00\x04\
\x00\x07\x35\xdf\
\x00\x6c\
\x00\x6f\x00\x67\x00\x6f\
\x00\x04\
\x00\x07\x4c\xf4\
\x00\x6e\
\x00\x65\x00\x78\x00\x74\
\x00\x04\
\x00\x07\x98\xc5\
\x00\x73\
\x00\x61\x00\x76\x00\x65\
"

qt_resource_struct_v1 = b"\
\x00\x00\x00\x00\x00\x02\x00\x00\x00\x06\x00\x00\x00\x01\
\x00\x00\x00\x2e\x00\x00\x00\x00\x00\x01\x00\x00\x63\x76\
\x00\x00\x00\x3c\x00\x00\x00\x00\x00\x01\x00\x00\xd5\xfb\
\x00\x00\x00\x12\x00\x00\x00\x00\x00\x01\x00\x00\x22\x32\
\x00\x00\x00\x20\x00\x00\x00\x00\x00\x01\x00\x00\x4e\xa0\
\x00\x00\x00\x4a\x00\x00\x00\x00\x00\x01\x00\x00\xec\x8e\
\x00\x00\x00\x00\x00\x00\x00\x00\x00\x01\x00\x00\x00\x00\
"

qt_resource_struct_v2 = b"\
\x00\x00\x00\x00\x00\x02\x00\x00\x00\x06\x00\x00\x00\x01\
\x00\x00\x00\x00\x00\x00\x00\x00\
\x00\x00\x00\x2e\x00\x00\x00\x00\x00\x01\x00\x00\x63\x76\
\x00\x00\x01\x99\x0d\xe3\x68\x74\
\x00\x00\x00\x3c\x00\x00\x00\x00\x00\x01\x00\x00\xd5\xfb\
\x00\x00\x01\x99\x0d\xe3\x68\x74\
\x00\x00\x00\x12\x00\x00\x00\x00\x00\x01\x00\x00\x22\x32\
\x00\x00\x01\x99\x0d\xe3\x68\x75\
\x00\x00\x00\x20\x00\x00\x00\x00\x00\x01\x00\x00\x4e\xa0\
\x00\x00\x01\x99\x0d\xe3\x68\x75\
\x00\x00\x00\x4a\x00\x00\x00\x00\x00\x01\x00\x00\xec\x8e\
\x00\x00\x01\x99\x0d\xe3\x68\x75\
\x00\x00\x00\x00\x00\x00\x00\x00\x00\x01\x00\x00\x00\x00\
\x00\x00\x01\x99\x0d\xe3\x68\x74\
"

qt_version = [int(v) for v in QtCore.qVersion().split('.')]
if qt_version < [5, 8, 0]:
    rcc_version = 1
    qt_resource_struct = qt_resource_struct_v1
else:
    rcc_version = 2
    qt_resource_struct = qt_resource_struct_v2

def qInitResources():
    QtCore.qRegisterResourceData(rcc_version, qt_resource_struct, qt_resource_name, qt_resource_data)

def qCleanupResources():
    QtCore.qUnregisterResourceData(rcc_version, qt_resource_struct, qt_resource_name, qt_resource_data)

qInitResources()
